opportunity_id,created_date,department,region,customer_segment,converted,revenue
OPP-000001,2026-06-01,Northeast,East,SMB,True,365.09
OPP-000002,2026-06-01,Northeast,East,Enterprise,True,8130.51
OPP-000003,2026-06-01,Northeast,East,Enterprise,False,0.0
OPP-000004,2026-06-01,Northeast,East,Mid-Market,True,8805.24
OPP-000005,2026-06-01,Northeast,East,SMB,False,0.0
OPP-000006,2026-06-01,Northeast,East,SMB,False,0.0
OPP-000007,2026-06-01,Northeast,East,Enterprise,False,0.0
OPP-000008,2026-06-01,Northeast,East,SMB,False,0.0
OPP-000009,2026-06-01,Northeast,East,SMB,False,0.0
OPP-000010,2026-06-01,Northeast,East,SMB,False,0.0
OPP-000011,2026-06-01,Northeast,East,Mid-Market,False,0.0
OPP-000012,2026-06-01,Northeast,East,SMB,True,2010.35
OPP-000013,2026-06-01,Northeast,East,SMB,True,676.57
OPP-000014,2026-06-01,Northeast,East,SMB,False,0.0
OPP-000015,2026-06-01,Northeast,East,SMB,False,0.0
OPP-000016,2026-06-01,Northeast,East,SMB,False,0.0
OPP-000017,2026-06-01,Northeast,East,SMB,True,511.88
OPP-000018,2026-06-01,Northeast,East,Mid-Market,True,4004.13
OPP-000019,2026-06-01,Southeast,East,Enterprise,False,0.0
OPP-000020,2026-06-01,Southeast,East,SMB,False,0.0
OPP-000021,2026-06-01,Southeast,East,SMB,False,0.0
OPP-000022,2026-06-01,Southeast,East,SMB,False,0.0
OPP-000023,2026-06-01,Southeast,East,SMB,True,988.92
OPP-000024,2026-06-01,Southeast,East,Enterprise,False,0.0
OPP-000025,2026-06-01,Southeast,East,SMB,False,0.0
OPP-000026,2026-06-01,Southeast,East,SMB,True,1965.06
OPP-000027,2026-06-01,Southeast,East,SMB,True,1101.28
OPP-000028,2026-06-01,Southeast,East,SMB,False,0.0
OPP-000029,2026-06-01,Southeast,East,SMB,True,681.29
OPP-000030,2026-06-01,Southeast,East,SMB,True,953.74
OPP-000031,2026-06-01,Southeast,East,Mid-Market,False,0.0
OPP-000032,2026-06-01,Southeast,East,,True,7091.46
OPP-000033,2026-06-01,Southeast,East,Enterprise,False,0.0
OPP-000034,2026-06-01,Southeast,East,SMB,False,0.0
OPP-000035,2026-06-01,Southeast,East,SMB,True,1315.86
OPP-000036,2026-06-01,Southeast,East,Mid-Market,False,0.0
OPP-000037,2026-06-01,Southeast,East,SMB,False,0.0
OPP-000038,2026-06-01,Northwest,West,SMB,False,0.0
OPP-000039,2026-06-01,Northwest,West,Mid-Market,True,3636.37
OPP-000040,2026-06-01,Northwest,West,SMB,False,0.0
OPP-000041,2026-06-01,Northwest,West,SMB,True,945.64
OPP-000042,2026-06-01,Northwest,West,SMB,False,0.0
OPP-000043,2026-06-01,Northwest,West,SMB,False,0.0
OPP-000044,2026-06-01,Northwest,West,SMB,False,0.0
OPP-000045,2026-06-01,Northwest,West,SMB,True,1624.01
OPP-000046,2026-06-01,Northwest,West,SMB,False,0.0
OPP-000047,2026-06-01,Northwest,West,SMB,False,0.0
OPP-000048,2026-06-01,Northwest,West,SMB,False,0.0
OPP-000049,2026-06-01,Northwest,West,Mid-Market,True,2479.76
OPP-000050,2026-06-01,Northwest,West,SMB,False,0.0
OPP-000051,2026-06-01,Northwest,West,Mid-Market,False,0.0
OPP-000052,2026-06-01,Northwest,West,SMB,False,0.0
OPP-000053,2026-06-01,Northwest,West,Mid-Market,False,0.0
OPP-000054,2026-06-01,Southwest,West,Mid-Market,False,0.0
OPP-000055,2026-06-01,Southwest,West,Mid-Market,False,0.0
OPP-000056,2026-06-01,Southwest,West,SMB,False,0.0
OPP-000057,2026-06-01,Southwest,West,SMB,False,0.0
OPP-000058,2026-06-01,Southwest,West,Mid-Market,True,940.19
OPP-000059,2026-06-01,Southwest,West,SMB,False,0.0
OPP-000060,2026-06-01,Southwest,West,Enterprise,True,6039.23
OPP-000061,2026-06-01,Southwest,West,SMB,True,1095.24
OPP-000062,2026-06-01,Southwest,West,Mid-Market,False,0.0
OPP-000063,2026-06-01,Southwest,West,SMB,False,0.0
OPP-000064,2026-06-01,Southwest,West,SMB,False,0.0
OPP-000065,2026-06-01,Southwest,West,SMB,True,644.13
OPP-000066,2026-06-01,Southwest,West,SMB,True,524.78
OPP-000067,2026-06-01,Southwest,West,SMB,True,982.89
OPP-000068,2026-06-01,Southwest,West,Mid-Market,False,0.0
OPP-000069,2026-06-01,Southwest,West,Mid-Market,False,0.0
OPP-000070,2026-06-01,Southwest,West,SMB,False,0.0
OPP-000071,2026-06-01,Southwest,West,SMB,True,1063.86
OPP-000072,2026-06-01,Southwest,West,Mid-Market,False,0.0
OPP-000073,2026-06-01,Southwest,West,SMB,False,0.0
OPP-000074,2026-06-01,Southwest,West,SMB,True,1271.89
OPP-000075,2026-06-01,Southwest,West,SMB,False,0.0
OPP-000076,2026-06-01,Southwest,West,Enterprise,False,0.0
OPP-000077,2026-06-01,Southwest,West,Mid-Market,False,0.0
OPP-000078,2026-06-01,Southwest,West,Enterprise,False,0.0
OPP-000079,2026-06-01,Southwest,West,Mid-Market,False,0.0
OPP-000080,2026-06-01,Southwest,West,Mid-Market,False,0.0
OPP-000081,2026-06-01,Southwest,West,SMB,False,0.0
OPP-000082,2026-06-01,Southwest,West,SMB,True,1122.16
OPP-000083,2026-06-02,Northeast,East,Mid-Market,False,0.0
OPP-000084,2026-06-02,Northeast,East,SMB,True,1190.81
OPP-000085,2026-06-02,Northeast,East,Enterprise,False,0.0
OPP-000086,2026-06-02,Northeast,East,Mid-Market,False,0.0
OPP-000087,2026-06-02,Northeast,East,SMB,False,0.0
OPP-000088,2026-06-02,Northeast,East,SMB,True,764.13
OPP-000089,2026-06-02,Northeast,East,SMB,False,0.0
OPP-000090,2026-06-02,Northeast,East,SMB,False,0.0
OPP-000091,2026-06-02,Northeast,East,SMB,True,654.23
OPP-000092,2026-06-02,Northeast,East,Mid-Market,False,0.0
OPP-000093,2026-06-02,Northeast,East,SMB,False,0.0
OPP-000094,2026-06-02,Northeast,East,Mid-Market,True,2434.88
OPP-000095,2026-06-02,Northeast,East,SMB,False,0.0
OPP-000096,2026-06-02,Northeast,East,Mid-Market,False,0.0
OPP-000097,2026-06-02,Northeast,East,SMB,True,503.55
OPP-000098,2026-06-02,Northeast,East,SMB,True,416.15
OPP-000099,2026-06-02,Northeast,East,Mid-Market,True,3031.9
OPP-000100,2026-06-02,Southeast,East,SMB,True,1350.44
OPP-000101,2026-06-02,Southeast,East,SMB,False,0.0
OPP-000102,2026-06-02,Southeast,East,SMB,True,1088.8
OPP-000103,2026-06-02,Southeast,East,SMB,True,409.86
OPP-000104,2026-06-02,Southeast,East,SMB,False,0.0
OPP-000105,2026-06-02,Southeast,East,SMB,True,455.47
OPP-000106,2026-06-02,Southeast,East,Mid-Market,False,0.0
OPP-000107,2026-06-02,Southeast,East,Enterprise,False,0.0
OPP-000108,2026-06-02,Southeast,East,SMB,False,0.0
OPP-000109,2026-06-02,Southeast,East,SMB,False,0.0
OPP-000110,2026-06-02,Southeast,East,Mid-Market,False,0.0
OPP-000111,2026-06-02,Southeast,East,SMB,True,448.29
OPP-000112,2026-06-02,Southeast,East,SMB,True,1068.35
OPP-000113,2026-06-02,Southeast,East,Enterprise,False,0.0
OPP-000114,2026-06-02,Southeast,East,SMB,False,0.0
OPP-000115,2026-06-02,Southeast,East,SMB,False,0.0
OPP-000116,2026-06-02,Northwest,West,SMB,False,0.0
OPP-000117,2026-06-02,Northwest,West,SMB,True,868.0
OPP-000118,2026-06-02,Northwest,West,SMB,False,0.0
OPP-000119,2026-06-02,Northwest,West,Mid-Market,False,0.0
OPP-000120,2026-06-02,Northwest,West,SMB,False,0.0
OPP-000121,2026-06-02,Northwest,West,Mid-Market,True,1501.65
OPP-000122,2026-06-02,Northwest,West,Mid-Market,False,0.0
OPP-000123,2026-06-02,Northwest,West,Mid-Market,True,4235.68
OPP-000124,2026-06-02,Northwest,West,SMB,False,0.0
OPP-000125,2026-06-02,Northwest,West,SMB,False,0.0
OPP-000126,2026-06-02,Northwest,West,Mid-Market,False,0.0
OPP-000127,2026-06-02,Northwest,West,SMB,False,0.0
OPP-000128,2026-06-02,Northwest,West,SMB,True,870.7
OPP-000129,2026-06-02,Northwest,West,SMB,False,0.0
OPP-000130,2026-06-02,Northwest,West,Mid-Market,False,0.0
OPP-000131,2026-06-02,Northwest,West,SMB,False,0.0
OPP-000132,2026-06-02,Northwest,West,Mid-Market,False,0.0
OPP-000133,2026-06-02,Southwest,West,Enterprise,False,0.0
OPP-000134,2026-06-02,Southwest,West,Enterprise,False,0.0
OPP-000135,2026-06-02,Southwest,West,SMB,False,0.0
OPP-000136,2026-06-02,Southwest,West,SMB,False,0.0
OPP-000137,2026-06-02,Southwest,West,SMB,False,0.0
OPP-000138,2026-06-02,Southwest,West,Mid-Market,False,0.0
OPP-000139,2026-06-02,Southwest,West,Mid-Market,False,0.0
OPP-000140,2026-06-02,Southwest,West,Enterprise,False,0.0
OPP-000141,2026-06-02,Southwest,West,SMB,False,0.0
OPP-000142,2026-06-02,Southwest,West,SMB,False,0.0
OPP-000143,2026-06-02,Southwest,West,Mid-Market,False,0.0
OPP-000144,2026-06-02,Southwest,West,SMB,False,0.0
OPP-000145,2026-06-02,Southwest,West,Mid-Market,False,0.0
OPP-000146,2026-06-02,Southwest,West,SMB,False,0.0
OPP-000147,2026-06-02,Southwest,West,SMB,True,667.14
OPP-000148,2026-06-02,Southwest,West,SMB,True,1259.05
OPP-000149,2026-06-02,Southwest,West,Mid-Market,True,2424.56
OPP-000150,2026-06-02,Southwest,West,Mid-Market,False,0.0
OPP-000151,2026-06-03,Northeast,East,Mid-Market,False,0.0
OPP-000152,2026-06-03,Northeast,East,SMB,True,931.57
OPP-000153,2026-06-03,Northeast,East,Mid-Market,False,0.0
OPP-000154,2026-06-03,Northeast,East,Mid-Market,False,0.0
OPP-000155,2026-06-03,Northeast,East,SMB,False,0.0
OPP-000156,2026-06-03,Northeast,East,Mid-Market,False,0.0
OPP-000157,2026-06-03,Northeast,East,Mid-Market,True,2001.87
OPP-000158,2026-06-03,Northeast,East,SMB,False,0.0
OPP-000159,2026-06-03,Northeast,East,Enterprise,True,7622.08
OPP-000160,2026-06-03,Northeast,East,SMB,False,0.0
OPP-000161,2026-06-03,Northeast,East,SMB,True,1361.75
OPP-000162,2026-06-03,Northeast,East,SMB,True,2019.41
OPP-000163,2026-06-03,Northeast,East,SMB,True,556.68
OPP-000164,2026-06-03,Northeast,East,Mid-Market,False,0.0
OPP-000165,2026-06-03,Northeast,East,Mid-Market,False,0.0
OPP-000166,2026-06-03,Northeast,East,SMB,False,0.0
OPP-000167,2026-06-03,Northeast,East,SMB,False,0.0
OPP-000168,2026-06-03,Northeast,East,SMB,False,0.0
OPP-000169,2026-06-03,Northeast,East,Mid-Market,True,2733.6
OPP-000170,2026-06-03,Northeast,East,SMB,True,1067.63
OPP-000171,2026-06-03,Northeast,East,Mid-Market,False,0.0
OPP-000172,2026-06-03,Northeast,East,SMB,False,0.0
OPP-000173,2026-06-03,Northeast,East,SMB,False,0.0
OPP-000174,2026-06-03,Northeast,East,Mid-Market,True,1967.94
OPP-000175,2026-06-03,Southeast,East,SMB,False,0.0
OPP-000176,2026-06-03,Southeast,East,SMB,False,0.0
OPP-000177,2026-06-03,Southeast,East,SMB,False,0.0
OPP-000178,2026-06-03,Southeast,East,Mid-Market,False,0.0
OPP-000179,2026-06-03,Southeast,East,SMB,False,0.0
OPP-000180,2026-06-03,Southeast,East,SMB,False,0.0
OPP-000181,2026-06-03,Southeast,East,SMB,True,562.42
OPP-000182,2026-06-03,Southeast,East,SMB,False,0.0
OPP-000183,2026-06-03,Southeast,East,SMB,False,0.0
OPP-000184,2026-06-03,Southeast,East,SMB,False,0.0
OPP-000185,2026-06-03,Southeast,East,SMB,False,0.0
OPP-000186,2026-06-03,Southeast,East,SMB,False,0.0
OPP-000187,2026-06-03,Southeast,East,SMB,False,0.0
OPP-000188,2026-06-03,Southeast,East,SMB,False,0.0
OPP-000189,2026-06-03,Southeast,East,SMB,False,0.0
OPP-000190,2026-06-03,Northwest,West,Enterprise,False,0.0
OPP-000191,2026-06-03,Northwest,West,SMB,False,0.0
OPP-000192,2026-06-03,Northwest,West,SMB,False,0.0
OPP-000193,2026-06-03,Northwest,West,SMB,True,742.4
OPP-000194,2026-06-03,Northwest,West,SMB,False,0.0
OPP-000195,2026-06-03,Northwest,West,SMB,False,0.0
OPP-000196,2026-06-03,Northwest,West,SMB,False,0.0
OPP-000197,2026-06-03,Northwest,West,SMB,False,0.0
OPP-000198,2026-06-03,Northwest,West,SMB,False,0.0
OPP-000199,2026-06-03,Northwest,West,SMB,False,0.0
OPP-000200,2026-06-03,Northwest,West,SMB,False,0.0
OPP-000201,2026-06-03,Northwest,West,Mid-Market,False,0.0
OPP-000202,2026-06-03,Northwest,West,SMB,False,0.0
OPP-000203,2026-06-03,Northwest,West,SMB,False,0.0
OPP-000204,2026-06-03,Northwest,West,SMB,False,0.0
OPP-000205,2026-06-03,Northwest,West,Enterprise,False,0.0
OPP-000206,2026-06-03,Northwest,West,Mid-Market,False,0.0
OPP-000207,2026-06-03,Northwest,West,Enterprise,False,0.0
OPP-000208,2026-06-03,Northwest,West,SMB,True,572.15
OPP-000209,2026-06-03,Northwest,West,SMB,False,0.0
OPP-000210,2026-06-03,Northwest,West,Enterprise,False,0.0
OPP-000211,2026-06-03,Northwest,West,Mid-Market,False,0.0
OPP-000212,2026-06-03,Northwest,West,SMB,False,0.0
OPP-000213,2026-06-03,Northwest,West,SMB,False,0.0
OPP-000214,2026-06-03,Northwest,West,Mid-Market,False,0.0
OPP-000215,2026-06-03,Southwest,West,SMB,False,0.0
OPP-000216,2026-06-03,Southwest,West,SMB,True,433.29
OPP-000217,2026-06-03,Southwest,West,SMB,False,0.0
OPP-000218,2026-06-03,Southwest,West,SMB,False,0.0
OPP-000219,2026-06-03,Southwest,West,SMB,True,636.86
OPP-000220,2026-06-03,Southwest,West,SMB,False,0.0
OPP-000221,2026-06-03,Southwest,West,SMB,True,622.58
OPP-000222,2026-06-03,Southwest,West,Mid-Market,True,3103.5
OPP-000223,2026-06-03,Southwest,West,SMB,False,0.0
OPP-000224,2026-06-03,Southwest,West,SMB,False,0.0
OPP-000225,2026-06-03,Southwest,West,Mid-Market,False,0.0
OPP-000226,2026-06-03,Southwest,West,SMB,True,1153.52
OPP-000227,2026-06-03,Southwest,West,SMB,False,0.0
OPP-000228,2026-06-03,Southwest,West,Mid-Market,True,1970.38
OPP-000229,2026-06-03,Southwest,West,Enterprise,False,0.0
OPP-000230,2026-06-03,Southwest,West,SMB,False,0.0
OPP-000231,2026-06-03,Southwest,West,SMB,False,0.0
OPP-000232,2026-06-04,Northeast,East,Mid-Market,False,0.0
OPP-000233,2026-06-04,Northeast,East,SMB,True,958.4
OPP-000234,2026-06-04,Northeast,East,Mid-Market,False,0.0
OPP-000235,2026-06-04,Northeast,East,Mid-Market,False,0.0
OPP-000236,2026-06-04,Northeast,East,SMB,True,509.6
OPP-000237,2026-06-04,Northeast,East,SMB,True,654.27
OPP-000238,2026-06-04,Northeast,East,SMB,False,0.0
OPP-000239,2026-06-04,Northeast,East,Mid-Market,True,2025.78
OPP-000240,2026-06-04,Northeast,East,Enterprise,True,6790.8
OPP-000241,2026-06-04,Northeast,East,Enterprise,False,0.0
OPP-000242,2026-06-04,Northeast,East,Mid-Market,True,2104.51
OPP-000243,2026-06-04,Northeast,East,Enterprise,False,0.0
OPP-000244,2026-06-04,Northeast,East,SMB,False,0.0
OPP-000245,2026-06-04,Northeast,East,SMB,False,0.0
OPP-000246,2026-06-04,Southeast,East,SMB,False,0.0
OPP-000247,2026-06-04,Southeast,East,SMB,False,0.0
OPP-000248,2026-06-04,Southeast,East,Mid-Market,False,0.0
OPP-000249,2026-06-04,Southeast,East,SMB,False,0.0
OPP-000250,2026-06-04,Southeast,East,Enterprise,False,0.0
OPP-000251,2026-06-04,Southeast,East,SMB,False,0.0
OPP-000252,2026-06-04,Southeast,East,SMB,True,708.83
OPP-000253,2026-06-04,Southeast,East,Mid-Market,False,0.0
OPP-000254,2026-06-04,Southeast,East,Mid-Market,True,2561.34
OPP-000255,2026-06-04,Southeast,East,SMB,False,0.0
OPP-000256,2026-06-04,Southeast,East,Enterprise,False,0.0
OPP-000257,2026-06-04,Southeast,East,Mid-Market,True,974.67
OPP-000258,2026-06-04,Southeast,East,SMB,True,605.93
OPP-000259,2026-06-04,Southeast,East,SMB,False,0.0
OPP-000260,2026-06-04,Southeast,East,Mid-Market,False,0.0
OPP-000261,2026-06-04,Southeast,East,SMB,False,0.0
OPP-000262,2026-06-04,Southeast,East,SMB,False,0.0
OPP-000263,2026-06-04,Southeast,East,SMB,False,0.0
OPP-000264,2026-06-04,Southeast,East,Mid-Market,False,0.0
OPP-000265,2026-06-04,Northwest,West,Mid-Market,True,3234.27
OPP-000266,2026-06-04,Northwest,West,SMB,False,0.0
OPP-000267,2026-06-04,Northwest,West,SMB,False,0.0
OPP-000268,2026-06-04,Northwest,West,SMB,False,0.0
OPP-000269,2026-06-04,Northwest,West,SMB,True,465.02
OPP-000270,2026-06-04,Northwest,West,SMB,False,0.0
OPP-000271,2026-06-04,Northwest,West,SMB,True,1059.06
OPP-000272,2026-06-04,Northwest,West,Mid-Market,False,0.0
OPP-000273,2026-06-04,Northwest,West,SMB,False,0.0
OPP-000274,2026-06-04,Northwest,West,SMB,False,0.0
OPP-000275,2026-06-04,Northwest,West,SMB,False,0.0
OPP-000276,2026-06-04,Northwest,West,SMB,False,0.0
OPP-000277,2026-06-04,Northwest,West,Enterprise,False,0.0
OPP-000278,2026-06-04,Northwest,West,SMB,True,884.28
OPP-000279,2026-06-04,Northwest,West,Mid-Market,False,0.0
OPP-000280,2026-06-04,Northwest,West,Enterprise,False,0.0
OPP-000281,2026-06-04,Northwest,West,SMB,False,0.0
OPP-000282,2026-06-04,Northwest,West,SMB,False,0.0
OPP-000283,2026-06-04,Southwest,West,SMB,False,0.0
OPP-000284,2026-06-04,Southwest,West,Mid-Market,False,0.0
OPP-000285,2026-06-04,Southwest,West,SMB,False,0.0
OPP-000286,2026-06-04,Southwest,West,SMB,False,0.0
OPP-000287,2026-06-04,Southwest,West,SMB,True,1738.6
OPP-000288,2026-06-04,Southwest,West,SMB,False,0.0
OPP-000289,2026-06-04,Southwest,West,SMB,True,1053.33
OPP-000290,2026-06-04,Southwest,West,Enterprise,False,0.0
OPP-000291,2026-06-04,Southwest,West,SMB,False,0.0
OPP-000292,2026-06-04,Southwest,West,SMB,False,0.0
OPP-000293,2026-06-04,Southwest,West,Mid-Market,False,0.0
OPP-000294,2026-06-04,Southwest,West,SMB,False,0.0
OPP-000295,2026-06-04,Southwest,West,SMB,False,0.0
OPP-000296,2026-06-05,Northeast,East,SMB,False,0.0
OPP-000297,2026-06-05,Northeast,East,SMB,False,0.0
OPP-000298,2026-06-05,Northeast,East,SMB,False,0.0
OPP-000299,2026-06-05,Northeast,East,SMB,False,0.0
OPP-000300,2026-06-05,Northeast,East,SMB,False,0.0
OPP-000301,2026-06-05,Northeast,East,Mid-Market,False,0.0
OPP-000302,2026-06-05,Northeast,East,SMB,False,0.0
OPP-000303,2026-06-05,Northeast,East,SMB,False,0.0
OPP-000304,2026-06-05,Northeast,East,SMB,True,1431.91
OPP-000305,2026-06-05,Northeast,East,Mid-Market,True,2663.7
OPP-000306,2026-06-05,Northeast,East,Enterprise,False,0.0
OPP-000307,2026-06-05,Northeast,East,Mid-Market,False,0.0
OPP-000308,2026-06-05,Northeast,East,Enterprise,False,0.0
OPP-000309,2026-06-05,Northeast,East,SMB,False,0.0
OPP-000310,2026-06-05,Northeast,East,SMB,False,0.0
OPP-000311,2026-06-05,Southeast,East,Enterprise,True,6592.15
OPP-000312,2026-06-05,Southeast,East,SMB,True,349.06
OPP-000313,2026-06-05,Southeast,East,SMB,False,0.0
OPP-000314,2026-06-05,Southeast,East,SMB,False,0.0
OPP-000315,2026-06-05,Southeast,East,SMB,False,0.0
OPP-000316,2026-06-05,Southeast,East,SMB,False,0.0
OPP-000317,2026-06-05,Southeast,East,SMB,True,505.77
OPP-000318,2026-06-05,Southeast,East,Enterprise,False,0.0
OPP-000319,2026-06-05,Southeast,East,SMB,False,0.0
OPP-000320,2026-06-05,Southeast,East,SMB,False,0.0
OPP-000321,2026-06-05,Southeast,East,Mid-Market,False,0.0
OPP-000322,2026-06-05,Southeast,East,Mid-Market,False,0.0
OPP-000323,2026-06-05,Southeast,East,Mid-Market,False,0.0
OPP-000324,2026-06-05,Northwest,West,SMB,False,0.0
OPP-000325,2026-06-05,Northwest,West,Mid-Market,False,0.0
OPP-000326,2026-06-05,Northwest,West,Mid-Market,True,3679.79
OPP-000327,2026-06-05,Northwest,West,Mid-Market,False,0.0
OPP-000328,2026-06-05,Northwest,West,Mid-Market,False,0.0
OPP-000329,2026-06-05,Northwest,West,SMB,True,1013.27
OPP-000330,2026-06-05,Northwest,West,SMB,True,929.45
OPP-000331,2026-06-05,Northwest,West,SMB,False,0.0
OPP-000332,2026-06-05,Northwest,West,SMB,False,0.0
OPP-000333,2026-06-05,Northwest,West,SMB,False,0.0
OPP-000334,2026-06-05,Northwest,West,SMB,False,0.0
OPP-000335,2026-06-05,Northwest,West,SMB,False,0.0
OPP-000336,2026-06-05,Northwest,West,SMB,False,0.0
OPP-000337,2026-06-05,Northwest,West,SMB,False,0.0
OPP-000338,2026-06-05,Northwest,West,Mid-Market,False,0.0
OPP-000339,2026-06-05,Northwest,West,Enterprise,False,0.0
OPP-000340,2026-06-05,Northwest,West,Enterprise,False,0.0
OPP-000341,2026-06-05,Northwest,West,SMB,False,0.0
OPP-000342,2026-06-05,Northwest,West,SMB,False,0.0
OPP-000343,2026-06-05,Northwest,West,SMB,False,0.0
OPP-000344,2026-06-05,Northwest,West,Enterprise,False,0.0
OPP-000345,2026-06-05,Northwest,West,SMB,True,614.91
OPP-000346,2026-06-05,Southwest,West,SMB,False,0.0
OPP-000347,2026-06-05,Southwest,West,SMB,False,0.0
OPP-000348,2026-06-05,Southwest,West,Mid-Market,False,0.0
OPP-000349,2026-06-05,Southwest,West,SMB,True,590.51
OPP-000350,2026-06-05,Southwest,West,SMB,False,0.0
OPP-000351,2026-06-05,Southwest,West,SMB,True,1526.54
OPP-000352,2026-06-05,Southwest,West,Enterprise,False,0.0
OPP-000353,2026-06-05,Southwest,West,SMB,True,393.9
OPP-000354,2026-06-05,Southwest,West,SMB,False,0.0
OPP-000355,2026-06-05,Southwest,West,SMB,False,0.0
OPP-000356,2026-06-05,Southwest,West,SMB,False,0.0
OPP-000357,2026-06-05,Southwest,West,SMB,False,0.0
OPP-000358,2026-06-05,Southwest,West,SMB,False,0.0
OPP-000359,2026-06-05,Southwest,West,Mid-Market,True,6753.26
OPP-000360,2026-06-05,Southwest,West,SMB,False,0.0
OPP-000361,2026-06-05,Southwest,West,Mid-Market,False,0.0
OPP-000362,2026-06-05,Southwest,West,SMB,False,0.0
OPP-000363,2026-06-05,Southwest,West,SMB,False,0.0
OPP-000364,2026-06-05,Southwest,West,SMB,False,0.0
OPP-000365,2026-06-05,Southwest,West,SMB,True,864.2
OPP-000366,2026-06-05,Southwest,West,SMB,False,0.0
OPP-000367,2026-06-05,Southwest,West,Mid-Market,False,0.0
OPP-000368,2026-06-06,Northeast,East,Mid-Market,False,0.0
OPP-000369,2026-06-06,Northeast,East,SMB,False,0.0
OPP-000370,2026-06-06,Northeast,East,SMB,False,0.0
OPP-000371,2026-06-06,Northeast,East,Mid-Market,False,0.0
OPP-000372,2026-06-06,Northeast,East,SMB,True,1213.07
OPP-000373,2026-06-06,Northeast,East,SMB,False,0.0
OPP-000374,2026-06-06,Northeast,East,SMB,True,855.33
OPP-000375,2026-06-06,Northeast,East,SMB,False,0.0
OPP-000376,2026-06-06,Northeast,East,Mid-Market,False,0.0
OPP-000377,2026-06-06,Southeast,East,Mid-Market,False,0.0
OPP-000378,2026-06-06,Southeast,East,SMB,False,0.0
OPP-000379,2026-06-06,Southeast,East,SMB,False,0.0
OPP-000380,2026-06-06,Southeast,East,Mid-Market,False,0.0
OPP-000381,2026-06-06,Southeast,East,SMB,False,0.0
OPP-000382,2026-06-06,Southeast,East,Mid-Market,False,0.0
OPP-000383,2026-06-06,Southeast,East,SMB,True,835.18
OPP-000384,2026-06-06,Southeast,East,SMB,False,0.0
OPP-000385,2026-06-06,Southeast,East,Enterprise,False,0.0
OPP-000386,2026-06-06,Southeast,East,SMB,False,0.0
OPP-000387,2026-06-06,Southeast,East,SMB,False,0.0
OPP-000388,2026-06-06,Northwest,West,Enterprise,False,0.0
OPP-000389,2026-06-06,Northwest,West,SMB,False,0.0
OPP-000390,2026-06-06,Southwest,West,SMB,False,0.0
OPP-000391,2026-06-06,Southwest,West,SMB,False,0.0
OPP-000392,2026-06-06,Southwest,West,Enterprise,False,0.0
OPP-000393,2026-06-06,Southwest,West,SMB,True,778.6
OPP-000394,2026-06-06,Southwest,West,SMB,False,0.0
OPP-000395,2026-06-06,Southwest,West,Mid-Market,True,1132.76
OPP-000396,2026-06-06,Southwest,West,SMB,False,0.0
OPP-000397,2026-06-06,Southwest,West,SMB,True,1279.23
OPP-000398,2026-06-06,Southwest,West,Enterprise,False,0.0
OPP-000399,2026-06-06,Southwest,West,SMB,False,0.0
OPP-000400,2026-06-07,Northeast,East,SMB,False,0.0
OPP-000401,2026-06-07,Northeast,East,SMB,False,0.0
OPP-000402,2026-06-07,Northeast,East,Mid-Market,False,0.0
OPP-000403,2026-06-07,Northeast,East,SMB,False,0.0
OPP-000404,2026-06-07,Northeast,East,SMB,False,0.0
OPP-000405,2026-06-07,Northeast,East,SMB,True,1460.38
OPP-000406,2026-06-07,Northeast,East,Mid-Market,True,3947.16
OPP-000407,2026-06-07,Northeast,East,Mid-Market,False,0.0
OPP-000408,2026-06-07,Northeast,East,SMB,True,681.73
OPP-000409,2026-06-07,Northeast,East,SMB,False,0.0
OPP-000410,2026-06-07,Northeast,East,SMB,False,0.0
OPP-000411,2026-06-07,Southeast,East,Enterprise,False,0.0
OPP-000412,2026-06-07,Southeast,East,Mid-Market,True,2948.13
OPP-000413,2026-06-07,Southeast,East,Mid-Market,False,0.0
OPP-000414,2026-06-07,Southeast,East,Mid-Market,False,0.0
OPP-000415,2026-06-07,Southeast,East,SMB,True,2323.22
OPP-000416,2026-06-07,Southeast,East,SMB,False,0.0
OPP-000417,2026-06-07,Southeast,East,SMB,False,0.0
OPP-000418,2026-06-07,Southeast,East,SMB,True,1072.51
OPP-000419,2026-06-07,Southeast,East,SMB,False,0.0
OPP-000420,2026-06-07,Southeast,East,Mid-Market,True,1732.49
OPP-000421,2026-06-07,Southeast,East,SMB,True,837.24
OPP-000422,2026-06-07,Southeast,East,Mid-Market,True,9032.76
OPP-000423,2026-06-07,Southeast,East,Mid-Market,True,3801.07
OPP-000424,2026-06-07,Northwest,West,SMB,False,0.0
OPP-000425,2026-06-07,Northwest,West,Enterprise,False,0.0
OPP-000426,2026-06-07,Northwest,West,SMB,True,1670.95
OPP-000427,2026-06-07,Northwest,West,SMB,False,0.0
OPP-000428,2026-06-07,Northwest,West,Mid-Market,False,0.0
OPP-000429,2026-06-07,Northwest,West,Mid-Market,False,0.0
OPP-000430,2026-06-07,Northwest,West,SMB,True,983.42
OPP-000431,2026-06-07,Northwest,West,Enterprise,False,0.0
OPP-000432,2026-06-07,Northwest,West,Enterprise,False,0.0
OPP-000433,2026-06-07,Northwest,West,SMB,False,0.0
OPP-000434,2026-06-07,Northwest,West,SMB,False,0.0
OPP-000435,2026-06-07,Southwest,West,Enterprise,True,4387.6
OPP-000436,2026-06-07,Southwest,West,Mid-Market,True,5324.52
OPP-000437,2026-06-07,Southwest,West,Mid-Market,False,0.0
OPP-000438,2026-06-07,Southwest,West,Mid-Market,True,2650.36
OPP-000439,2026-06-07,Southwest,West,Mid-Market,False,0.0
OPP-000440,2026-06-07,Southwest,West,SMB,False,0.0
OPP-000441,2026-06-07,Southwest,West,Mid-Market,False,0.0
OPP-000442,2026-06-08,Northeast,East,SMB,False,0.0
OPP-000443,2026-06-08,Northeast,East,Enterprise,False,0.0
OPP-000444,2026-06-08,Northeast,East,SMB,True,976.72
OPP-000445,2026-06-08,Northeast,East,SMB,False,0.0
OPP-000446,2026-06-08,Northeast,East,SMB,True,636.09
OPP-000447,2026-06-08,Northeast,East,Mid-Market,False,0.0
OPP-000448,2026-06-08,Northeast,East,Mid-Market,False,0.0
OPP-000449,2026-06-08,Northeast,East,Mid-Market,False,0.0
OPP-000450,2026-06-08,Northeast,East,SMB,False,0.0
OPP-000451,2026-06-08,Northeast,East,SMB,True,724.64
OPP-000452,2026-06-08,Northeast,East,Mid-Market,False,0.0
OPP-000453,2026-06-08,Northeast,East,SMB,True,395.04
OPP-000454,2026-06-08,Northeast,East,Mid-Market,False,0.0
OPP-000455,2026-06-08,Northeast,East,SMB,False,0.0
OPP-000456,2026-06-08,Northeast,East,SMB,False,0.0
OPP-000457,2026-06-08,Northeast,East,Mid-Market,False,0.0
OPP-000458,2026-06-08,Northeast,East,SMB,False,0.0
OPP-000459,2026-06-08,Northeast,East,SMB,True,1415.79
OPP-000460,2026-06-08,Northeast,East,Enterprise,False,0.0
OPP-000461,2026-06-08,Northeast,East,SMB,False,0.0
OPP-000462,2026-06-08,Northeast,East,SMB,True,537.54
OPP-000463,2026-06-08,Northeast,East,Mid-Market,False,0.0
OPP-000464,2026-06-08,Northeast,East,SMB,False,0.0
OPP-000465,2026-06-08,Northeast,East,Enterprise,False,0.0
OPP-000466,2026-06-08,Northeast,East,SMB,False,0.0
OPP-000467,2026-06-08,Northeast,East,Mid-Market,False,0.0
OPP-000468,2026-06-08,Northeast,East,SMB,False,0.0
OPP-000469,2026-06-08,Northeast,East,Mid-Market,True,8390.86
OPP-000470,2026-06-08,Southeast,East,SMB,True,1084.36
OPP-000471,2026-06-08,Southeast,East,SMB,False,0.0
OPP-000472,2026-06-08,Southeast,East,SMB,False,0.0
OPP-000473,2026-06-08,Southeast,East,SMB,False,0.0
OPP-000474,2026-06-08,Southeast,East,SMB,True,470.74
OPP-000475,2026-06-08,Southeast,East,SMB,True,619.55
OPP-000476,2026-06-08,Southeast,East,SMB,True,1541.27
OPP-000477,2026-06-08,Southeast,East,Mid-Market,False,0.0
OPP-000478,2026-06-08,Southeast,East,SMB,False,0.0
OPP-000479,2026-06-08,Southeast,East,Enterprise,False,0.0
OPP-000480,2026-06-08,Southeast,East,Mid-Market,False,0.0
OPP-000481,2026-06-08,Southeast,East,Mid-Market,False,0.0
OPP-000482,2026-06-08,Southeast,East,SMB,False,0.0
OPP-000483,2026-06-08,Southeast,East,SMB,False,0.0
OPP-000484,2026-06-08,Southeast,East,SMB,False,0.0
OPP-000485,2026-06-08,Southeast,East,SMB,True,891.97
OPP-000486,2026-06-08,Southeast,East,SMB,False,0.0
OPP-000487,2026-06-08,Southeast,East,SMB,True,849.14
OPP-000488,2026-06-08,Southeast,East,SMB,False,0.0
OPP-000489,2026-06-08,Southeast,East,SMB,False,0.0
OPP-000490,2026-06-08,Southeast,East,SMB,False,0.0
OPP-000491,2026-06-08,Southeast,East,Enterprise,False,0.0
OPP-000492,2026-06-08,Southeast,East,Mid-Market,False,0.0
OPP-000493,2026-06-08,Southeast,East,SMB,True,1338.28
OPP-000494,2026-06-08,Southeast,East,SMB,True,1285.6
OPP-000495,2026-06-08,Southeast,East,SMB,False,0.0
OPP-000496,2026-06-08,Southeast,East,SMB,False,0.0
OPP-000497,2026-06-08,Northwest,West,Enterprise,False,0.0
OPP-000498,2026-06-08,Northwest,West,SMB,True,854.21
OPP-000499,2026-06-08,Northwest,West,SMB,False,0.0
OPP-000500,2026-06-08,Northwest,West,Mid-Market,False,0.0
OPP-000501,2026-06-08,Northwest,West,SMB,False,0.0
OPP-000502,2026-06-08,Northwest,West,SMB,False,0.0
OPP-000503,2026-06-08,Northwest,West,SMB,False,0.0
OPP-000504,2026-06-08,Southwest,West,SMB,False,0.0
OPP-000505,2026-06-08,Southwest,West,SMB,True,1084.88
OPP-000506,2026-06-08,Southwest,West,Mid-Market,False,0.0
OPP-000507,2026-06-08,Southwest,West,SMB,False,0.0
OPP-000508,2026-06-08,Southwest,West,Enterprise,False,0.0
OPP-000509,2026-06-08,Southwest,West,SMB,True,1129.23
OPP-000510,2026-06-08,Southwest,West,SMB,False,0.0
OPP-000511,2026-06-08,Southwest,West,SMB,False,0.0
OPP-000512,2026-06-08,Southwest,West,SMB,False,0.0
OPP-000513,2026-06-08,Southwest,West,SMB,True,389.36
OPP-000514,2026-06-08,Southwest,West,SMB,False,0.0
OPP-000515,2026-06-08,Southwest,West,Mid-Market,False,0.0
OPP-000516,2026-06-08,Southwest,West,Mid-Market,False,0.0
OPP-000517,2026-06-08,Southwest,West,SMB,False,0.0
OPP-000518,2026-06-09,Northeast,East,Enterprise,False,0.0
OPP-000519,2026-06-09,Northeast,East,Enterprise,False,0.0
OPP-000520,2026-06-09,Northeast,East,Enterprise,True,4713.3
OPP-000521,2026-06-09,Northeast,East,SMB,False,0.0
OPP-000522,2026-06-09,Northeast,East,SMB,False,0.0
OPP-000523,2026-06-09,Northeast,East,SMB,True,1649.57
OPP-000524,2026-06-09,Northeast,East,Mid-Market,False,0.0
OPP-000525,2026-06-09,Northeast,East,SMB,False,0.0
OPP-000526,2026-06-09,Northeast,East,SMB,False,0.0
OPP-000527,2026-06-09,Northeast,East,SMB,False,0.0
OPP-000528,2026-06-09,Northeast,East,Mid-Market,False,0.0
OPP-000529,2026-06-09,Northeast,East,Mid-Market,False,0.0
OPP-000530,2026-06-09,Northeast,East,Mid-Market,False,0.0
OPP-000531,2026-06-09,Northeast,East,Mid-Market,False,0.0
OPP-000532,2026-06-09,Southeast,East,SMB,False,0.0
OPP-000533,2026-06-09,Southeast,East,Mid-Market,False,0.0
OPP-000534,2026-06-09,Southeast,East,Enterprise,False,0.0
OPP-000535,2026-06-09,Southeast,East,SMB,False,0.0
OPP-000536,2026-06-09,Southeast,East,SMB,True,1604.12
OPP-000537,2026-06-09,Southeast,East,SMB,False,0.0
OPP-000538,2026-06-09,Southeast,East,SMB,True,543.73
OPP-000539,2026-06-09,Southeast,East,SMB,False,0.0
OPP-000540,2026-06-09,Southeast,East,SMB,False,0.0
OPP-000541,2026-06-09,Southeast,East,SMB,False,0.0
OPP-000542,2026-06-09,Southeast,East,SMB,False,0.0
OPP-000543,2026-06-09,Southeast,East,SMB,False,0.0
OPP-000544,2026-06-09,Southeast,East,Mid-Market,False,0.0
OPP-000545,2026-06-09,Southeast,East,SMB,False,0.0
OPP-000546,2026-06-09,Southeast,East,Mid-Market,False,0.0
OPP-000547,2026-06-09,Southeast,East,SMB,True,792.69
OPP-000548,2026-06-09,Southeast,East,SMB,False,0.0
OPP-000549,2026-06-09,Southeast,East,SMB,False,0.0
OPP-000550,2026-06-09,Southeast,East,Enterprise,False,0.0
OPP-000551,2026-06-09,Southeast,East,Mid-Market,False,0.0
OPP-000552,2026-06-09,Northwest,West,Mid-Market,False,0.0
OPP-000553,2026-06-09,Northwest,West,Mid-Market,False,0.0
OPP-000554,2026-06-09,Northwest,West,SMB,True,969.01
OPP-000555,2026-06-09,Northwest,West,SMB,False,0.0
OPP-000556,2026-06-09,Northwest,West,SMB,False,0.0
OPP-000557,2026-06-09,Northwest,West,SMB,False,0.0
OPP-000558,2026-06-09,Northwest,West,Enterprise,False,0.0
OPP-000559,2026-06-09,Northwest,West,SMB,True,783.89
OPP-000560,2026-06-09,Northwest,West,SMB,False,0.0
OPP-000561,2026-06-09,Northwest,West,SMB,False,0.0
OPP-000562,2026-06-09,Northwest,West,Mid-Market,False,0.0
OPP-000563,2026-06-09,Northwest,West,SMB,True,752.29
OPP-000564,2026-06-09,Northwest,West,SMB,True,1160.05
OPP-000565,2026-06-09,Northwest,West,SMB,False,0.0
OPP-000566,2026-06-09,Northwest,West,SMB,False,0.0
OPP-000567,2026-06-09,Northwest,West,Mid-Market,False,0.0
OPP-000568,2026-06-09,Northwest,West,SMB,False,0.0
OPP-000569,2026-06-09,Northwest,West,SMB,False,0.0
OPP-000570,2026-06-09,Southwest,West,SMB,False,0.0
OPP-000571,2026-06-09,Southwest,West,SMB,True,763.06
OPP-000572,2026-06-09,Southwest,West,Mid-Market,True,1461.9
OPP-000573,2026-06-09,Southwest,West,Mid-Market,True,2205.47
OPP-000574,2026-06-09,Southwest,West,Mid-Market,False,0.0
OPP-000575,2026-06-09,Southwest,West,SMB,False,0.0
OPP-000576,2026-06-09,Southwest,West,Enterprise,False,0.0
OPP-000577,2026-06-09,Southwest,West,SMB,True,1237.88
OPP-000578,2026-06-09,Southwest,West,SMB,False,0.0
OPP-000579,2026-06-09,Southwest,West,Mid-Market,False,0.0
OPP-000580,2026-06-09,Southwest,West,SMB,False,0.0
OPP-000581,2026-06-09,Southwest,West,Mid-Market,False,0.0
OPP-000582,2026-06-09,Southwest,West,Mid-Market,True,1556.47
OPP-000583,2026-06-09,Southwest,West,SMB,False,0.0
OPP-000584,2026-06-09,Southwest,West,SMB,False,0.0
OPP-000585,2026-06-09,Southwest,West,SMB,True,919.93
OPP-000586,2026-06-09,Southwest,West,SMB,False,0.0
OPP-000587,2026-06-09,Southwest,West,Mid-Market,False,0.0
OPP-000588,2026-06-09,Southwest,West,Enterprise,False,0.0
OPP-000589,2026-06-09,Southwest,West,Mid-Market,False,0.0
OPP-000590,2026-06-09,Southwest,West,Mid-Market,True,1447.21
OPP-000591,2026-06-09,Southwest,West,SMB,False,0.0
OPP-000592,2026-06-10,Northeast,East,Mid-Market,False,0.0
OPP-000593,2026-06-10,Northeast,East,SMB,False,0.0
OPP-000594,2026-06-10,Northeast,East,SMB,True,584.67
OPP-000595,2026-06-10,Northeast,East,SMB,True,1432.65
OPP-000596,2026-06-10,Northeast,East,SMB,True,788.54
OPP-000597,2026-06-10,Northeast,East,Mid-Market,False,0.0
OPP-000598,2026-06-10,Northeast,East,SMB,True,410.2
OPP-000599,2026-06-10,Northeast,East,SMB,True,495.87
OPP-000600,2026-06-10,Northeast,East,SMB,False,0.0
OPP-000601,2026-06-10,Northeast,East,SMB,False,0.0
OPP-000602,2026-06-10,Northeast,East,Enterprise,False,0.0
OPP-000603,2026-06-10,Northeast,East,SMB,False,0.0
OPP-000604,2026-06-10,Northeast,East,Mid-Market,True,1145.57
OPP-000605,2026-06-10,Northeast,East,SMB,True,1201.94
OPP-000606,2026-06-10,Northeast,East,Mid-Market,False,0.0
OPP-000607,2026-06-10,Northeast,East,Mid-Market,False,0.0
OPP-000608,2026-06-10,Northeast,East,SMB,True,1091.6
OPP-000609,2026-06-10,Northeast,East,SMB,False,0.0
OPP-000610,2026-06-10,Northeast,East,SMB,False,0.0
OPP-000611,2026-06-10,Northeast,East,SMB,True,1373.24
OPP-000612,2026-06-10,Southeast,East,SMB,False,0.0
OPP-000613,2026-06-10,Southeast,East,Mid-Market,False,0.0
OPP-000614,2026-06-10,Southeast,East,Mid-Market,False,0.0
OPP-000615,2026-06-10,Southeast,East,Mid-Market,False,0.0
OPP-000616,2026-06-10,Southeast,East,Mid-Market,False,0.0
OPP-000617,2026-06-10,Southeast,East,SMB,False,0.0
OPP-000618,2026-06-10,Southeast,East,SMB,False,0.0
OPP-000619,2026-06-10,Southeast,East,SMB,True,1315.07
OPP-000620,2026-06-10,Southeast,East,SMB,False,0.0
OPP-000621,2026-06-10,Southeast,East,SMB,False,0.0
OPP-000622,2026-06-10,Northwest,West,SMB,True,657.76
OPP-000623,2026-06-10,Northwest,West,SMB,True,703.46
OPP-000624,2026-06-10,Northwest,West,SMB,False,0.0
OPP-000625,2026-06-10,Northwest,West,SMB,True,1207.34
OPP-000626,2026-06-10,Northwest,West,SMB,False,0.0
OPP-000627,2026-06-10,Northwest,West,SMB,True,1152.2
OPP-000628,2026-06-10,Northwest,West,SMB,True,806.67
OPP-000629,2026-06-10,Northwest,West,SMB,False,0.0
OPP-000630,2026-06-10,Northwest,West,Enterprise,False,0.0
OPP-000631,2026-06-10,Northwest,West,Enterprise,True,11142.93
OPP-000632,2026-06-10,Northwest,West,SMB,False,0.0
OPP-000633,2026-06-10,Northwest,West,Enterprise,False,0.0
OPP-000634,2026-06-10,Northwest,West,Enterprise,True,7448.49
OPP-000635,2026-06-10,Northwest,West,Enterprise,False,0.0
OPP-000636,2026-06-10,Northwest,West,Enterprise,True,5338.89
OPP-000637,2026-06-10,Northwest,West,SMB,False,0.0
OPP-000638,2026-06-10,Northwest,West,Mid-Market,False,0.0
OPP-000639,2026-06-10,Northwest,West,SMB,False,0.0
OPP-000640,2026-06-10,Northwest,West,Mid-Market,False,0.0
OPP-000641,2026-06-10,Southwest,West,SMB,True,1130.06
OPP-000642,2026-06-10,Southwest,West,SMB,False,0.0
OPP-000643,2026-06-10,Southwest,West,SMB,False,0.0
OPP-000644,2026-06-10,Southwest,West,SMB,True,875.07
OPP-000645,2026-06-10,Southwest,West,SMB,False,0.0
OPP-000646,2026-06-10,Southwest,West,SMB,False,0.0
OPP-000647,2026-06-10,Southwest,West,SMB,False,0.0
OPP-000648,2026-06-10,Southwest,West,SMB,False,0.0
OPP-000649,2026-06-10,Southwest,West,SMB,False,0.0
OPP-000650,2026-06-10,Southwest,West,SMB,False,0.0
OPP-000651,2026-06-10,Southwest,West,Mid-Market,False,0.0
OPP-000652,2026-06-10,Southwest,West,Mid-Market,False,0.0
OPP-000653,2026-06-10,Southwest,West,Mid-Market,True,2771.13
OPP-000654,2026-06-11,Northeast,East,SMB,False,0.0
OPP-000655,2026-06-11,Northeast,East,SMB,True,637.81
OPP-000656,2026-06-11,Northeast,East,Enterprise,False,0.0
OPP-000657,2026-06-11,Northeast,East,SMB,True,880.61
OPP-000658,2026-06-11,Northeast,East,SMB,False,0.0
OPP-000659,2026-06-11,Northeast,East,SMB,True,1345.86
OPP-000660,2026-06-11,Northeast,East,Mid-Market,False,0.0
OPP-000661,2026-06-11,Northeast,East,Enterprise,True,7265.21
OPP-000662,2026-06-11,Northeast,East,Mid-Market,False,0.0
OPP-000663,2026-06-11,Northeast,East,Mid-Market,False,0.0
OPP-000664,2026-06-11,Northeast,East,SMB,False,0.0
OPP-000665,2026-06-11,Northeast,East,SMB,True,1727.45
OPP-000666,2026-06-11,Northeast,East,SMB,True,1281.4
OPP-000667,2026-06-11,Northeast,East,SMB,False,0.0
OPP-000668,2026-06-11,Northeast,East,Mid-Market,False,0.0
OPP-000669,2026-06-11,Northeast,East,SMB,False,0.0
OPP-000670,2026-06-11,Northeast,East,SMB,False,0.0
OPP-000671,2026-06-11,Northeast,East,Mid-Market,False,0.0
OPP-000672,2026-06-11,Northeast,East,Enterprise,True,12234.55
OPP-000673,2026-06-11,Northeast,East,SMB,False,0.0
OPP-000674,2026-06-11,Northeast,East,Mid-Market,True,4929.53
OPP-000675,2026-06-11,Northeast,East,SMB,False,0.0
OPP-000676,2026-06-11,Northeast,East,SMB,True,859.4
OPP-000677,2026-06-11,Northeast,East,Mid-Market,True,2879.84
OPP-000678,2026-06-11,Northeast,East,SMB,False,0.0
OPP-000679,2026-06-11,Southeast,East,SMB,True,273.96
OPP-000680,2026-06-11,Southeast,East,SMB,False,0.0
OPP-000681,2026-06-11,Southeast,East,SMB,False,0.0
OPP-000682,2026-06-11,Southeast,East,Mid-Market,True,1468.76
OPP-000683,2026-06-11,Southeast,East,Mid-Market,False,0.0
OPP-000684,2026-06-11,Southeast,East,SMB,True,413.75
OPP-000685,2026-06-11,Southeast,East,Mid-Market,False,0.0
OPP-000686,2026-06-11,Southeast,East,SMB,False,0.0
OPP-000687,2026-06-11,Southeast,East,Mid-Market,True,2564.28
OPP-000688,2026-06-11,Southeast,East,Mid-Market,False,0.0
OPP-000689,2026-06-11,Southeast,East,Mid-Market,False,0.0
OPP-000690,2026-06-11,Northwest,West,Mid-Market,True,2921.77
OPP-000691,2026-06-11,Northwest,West,SMB,False,0.0
OPP-000692,2026-06-11,Northwest,West,SMB,False,0.0
OPP-000693,2026-06-11,Northwest,West,SMB,True,1584.32
OPP-000694,2026-06-11,Northwest,West,SMB,False,0.0
OPP-000695,2026-06-11,Northwest,West,SMB,False,0.0
OPP-000696,2026-06-11,Northwest,West,SMB,False,0.0
OPP-000697,2026-06-11,Northwest,West,Mid-Market,True,3759.41
OPP-000698,2026-06-11,Northwest,West,Enterprise,True,9811.38
OPP-000699,2026-06-11,Northwest,West,Mid-Market,False,0.0
OPP-000700,2026-06-11,Northwest,West,SMB,False,0.0
OPP-000701,2026-06-11,Northwest,West,SMB,False,0.0
OPP-000702,2026-06-11,Northwest,West,SMB,False,0.0
OPP-000703,2026-06-11,Northwest,West,Mid-Market,True,2151.13
OPP-000704,2026-06-11,Northwest,West,SMB,False,0.0
OPP-000705,2026-06-11,Southwest,West,Enterprise,False,0.0
OPP-000706,2026-06-11,Southwest,West,Enterprise,False,0.0
OPP-000707,2026-06-11,Southwest,West,Enterprise,False,0.0
OPP-000708,2026-06-11,Southwest,West,SMB,False,0.0
OPP-000709,2026-06-11,Southwest,West,SMB,True,855.08
OPP-000710,2026-06-11,Southwest,West,SMB,False,0.0
OPP-000711,2026-06-11,Southwest,West,Mid-Market,False,0.0
OPP-000712,2026-06-11,Southwest,West,Mid-Market,False,0.0
OPP-000713,2026-06-11,Southwest,West,Mid-Market,False,0.0
OPP-000714,2026-06-11,Southwest,West,Enterprise,True,7665.13
OPP-000715,2026-06-11,Southwest,West,Mid-Market,False,0.0
OPP-000716,2026-06-11,Southwest,West,SMB,False,0.0
OPP-000717,2026-06-11,Southwest,West,SMB,False,0.0
OPP-000718,2026-06-11,Southwest,West,SMB,False,0.0
OPP-000719,2026-06-12,Northeast,East,SMB,False,0.0
OPP-000720,2026-06-12,Northeast,East,SMB,False,0.0
OPP-000721,2026-06-12,Northeast,East,SMB,True,821.51
OPP-000722,2026-06-12,Northeast,East,Enterprise,False,0.0
OPP-000723,2026-06-12,Northeast,East,Enterprise,False,0.0
OPP-000724,2026-06-12,Northeast,East,SMB,True,1444.53
OPP-000725,2026-06-12,Northeast,East,Mid-Market,False,0.0
OPP-000726,2026-06-12,Northeast,East,Mid-Market,True,2604.84
OPP-000727,2026-06-12,Northeast,East,SMB,True,2164.09
OPP-000728,2026-06-12,Northeast,East,Mid-Market,True,2854.79
OPP-000729,2026-06-12,Northeast,East,Mid-Market,False,0.0
OPP-000730,2026-06-12,Northeast,East,SMB,False,0.0
OPP-000731,2026-06-12,Northeast,East,SMB,True,482.4
OPP-000732,2026-06-12,Northeast,East,SMB,True,516.09
OPP-000733,2026-06-12,Northeast,East,SMB,True,687.71
OPP-000734,2026-06-12,Southeast,East,SMB,False,0.0
OPP-000735,2026-06-12,Southeast,East,SMB,False,0.0
OPP-000736,2026-06-12,Southeast,East,SMB,True,510.32
OPP-000737,2026-06-12,Southeast,East,Mid-Market,False,0.0
OPP-000738,2026-06-12,Southeast,East,Enterprise,False,0.0
OPP-000739,2026-06-12,Southeast,East,SMB,False,0.0
OPP-000740,2026-06-12,Southeast,East,SMB,False,0.0
OPP-000741,2026-06-12,Southeast,East,SMB,True,1195.71
OPP-000742,2026-06-12,Southeast,East,SMB,True,589.57
OPP-000743,2026-06-12,Southeast,East,SMB,True,1758.87
OPP-000744,2026-06-12,Southeast,East,SMB,False,0.0
OPP-000745,2026-06-12,Southeast,East,SMB,False,0.0
OPP-000746,2026-06-12,Southeast,East,SMB,True,484.59
OPP-000747,2026-06-12,Southeast,East,SMB,False,0.0
OPP-000748,2026-06-12,Southeast,East,SMB,False,0.0
OPP-000749,2026-06-12,Southeast,East,Enterprise,True,7063.03
OPP-000750,2026-06-12,Southeast,East,Enterprise,False,0.0
OPP-000751,2026-06-12,Southeast,East,Enterprise,False,0.0
OPP-000752,2026-06-12,Southeast,East,SMB,False,0.0
OPP-000753,2026-06-12,Southeast,East,SMB,True,512.36
OPP-000754,2026-06-12,Southeast,East,Mid-Market,False,0.0
OPP-000755,2026-06-12,Southeast,East,SMB,False,0.0
OPP-000756,2026-06-12,Southeast,East,Mid-Market,True,1820.21
OPP-000757,2026-06-12,Southeast,East,SMB,True,710.69
OPP-000758,2026-06-12,Southeast,East,Mid-Market,False,0.0
OPP-000759,2026-06-12,Southeast,East,Mid-Market,False,0.0
OPP-000760,2026-06-12,Southeast,East,Mid-Market,True,1727.13
OPP-000761,2026-06-12,Southeast,East,Mid-Market,True,1977.44
OPP-000762,2026-06-12,Southeast,East,SMB,False,0.0
OPP-000763,2026-06-12,Northwest,West,SMB,True,1087.06
OPP-000764,2026-06-12,Northwest,West,SMB,False,0.0
OPP-000765,2026-06-12,Northwest,West,Mid-Market,False,0.0
OPP-000766,2026-06-12,Northwest,West,Enterprise,False,0.0
OPP-000767,2026-06-12,Northwest,West,SMB,False,0.0
OPP-000768,2026-06-12,Northwest,West,SMB,False,0.0
OPP-000769,2026-06-12,Northwest,West,Mid-Market,False,0.0
OPP-000770,2026-06-12,Northwest,West,Enterprise,False,0.0
OPP-000771,2026-06-12,Northwest,West,SMB,False,0.0
OPP-000772,2026-06-12,Northwest,West,SMB,False,0.0
OPP-000773,2026-06-12,Northwest,West,SMB,False,0.0
OPP-000774,2026-06-12,Northwest,West,SMB,False,0.0
OPP-000775,2026-06-12,Northwest,West,SMB,True,546.61
OPP-000776,2026-06-12,Northwest,West,SMB,True,460.5
OPP-000777,2026-06-12,Northwest,West,SMB,True,883.64
OPP-000778,2026-06-12,Northwest,West,SMB,False,0.0
OPP-000779,2026-06-12,Northwest,West,SMB,False,0.0
OPP-000780,2026-06-12,Northwest,West,Mid-Market,False,0.0
OPP-000781,2026-06-12,Southwest,West,SMB,False,0.0
OPP-000782,2026-06-12,Southwest,West,SMB,False,0.0
OPP-000783,2026-06-12,Southwest,West,SMB,False,0.0
OPP-000784,2026-06-12,Southwest,West,Mid-Market,True,2529.01
OPP-000785,2026-06-12,Southwest,West,SMB,False,0.0
OPP-000786,2026-06-12,Southwest,West,SMB,False,0.0
OPP-000787,2026-06-12,Southwest,West,SMB,False,0.0
OPP-000788,2026-06-12,Southwest,West,SMB,False,0.0
OPP-000789,2026-06-12,Southwest,West,Mid-Market,False,0.0
OPP-000790,2026-06-12,Southwest,West,SMB,False,0.0
OPP-000791,2026-06-12,Southwest,West,Enterprise,True,4770.84
OPP-000792,2026-06-12,Southwest,West,Enterprise,False,0.0
OPP-000793,2026-06-12,Southwest,West,SMB,False,0.0
OPP-000794,2026-06-12,Southwest,West,SMB,True,1676.86
OPP-000795,2026-06-12,Southwest,West,Enterprise,True,5788.96
OPP-000796,2026-06-12,Southwest,West,SMB,False,0.0
OPP-000797,2026-06-12,Southwest,West,SMB,False,0.0
OPP-000798,2026-06-12,Southwest,West,SMB,False,0.0
OPP-000799,2026-06-13,Northeast,East,SMB,True,989.17
OPP-000800,2026-06-13,Northeast,East,SMB,False,0.0
OPP-000801,2026-06-13,Northeast,East,SMB,False,0.0
OPP-000802,2026-06-13,Northeast,East,SMB,False,0.0
OPP-000803,2026-06-13,Northeast,East,Enterprise,True,6094.67
OPP-000804,2026-06-13,Southeast,East,Mid-Market,False,0.0
OPP-000805,2026-06-13,Southeast,East,SMB,False,0.0
OPP-000806,2026-06-13,Southeast,East,Mid-Market,False,0.0
OPP-000807,2026-06-13,Southeast,East,SMB,True,835.24
OPP-000808,2026-06-13,Southeast,East,Mid-Market,False,0.0
OPP-000809,2026-06-13,Southeast,East,Mid-Market,False,0.0
OPP-000810,2026-06-13,Southeast,East,SMB,False,0.0
OPP-000811,2026-06-13,Southeast,East,SMB,True,1309.93
OPP-000812,2026-06-13,Southeast,East,SMB,False,0.0
OPP-000813,2026-06-13,Northwest,West,Mid-Market,False,0.0
OPP-000814,2026-06-13,Northwest,West,SMB,False,0.0
OPP-000815,2026-06-13,Northwest,West,SMB,False,0.0
OPP-000816,2026-06-13,Northwest,West,SMB,False,0.0
OPP-000817,2026-06-13,Northwest,West,Mid-Market,False,0.0
OPP-000818,2026-06-13,Northwest,West,SMB,True,1090.64
OPP-000819,2026-06-13,Northwest,West,Mid-Market,True,3172.47
OPP-000820,2026-06-13,Northwest,West,SMB,False,0.0
OPP-000821,2026-06-13,Northwest,West,Enterprise,True,18208.54
OPP-000822,2026-06-13,Northwest,West,SMB,False,0.0
OPP-000823,2026-06-13,Northwest,West,Enterprise,False,0.0
OPP-000824,2026-06-13,Southwest,West,SMB,False,0.0
OPP-000825,2026-06-13,Southwest,West,SMB,False,0.0
OPP-000826,2026-06-13,Southwest,West,SMB,False,0.0
OPP-000827,2026-06-13,Southwest,West,Enterprise,False,0.0
OPP-000828,2026-06-13,Southwest,West,Mid-Market,True,4333.54
OPP-000829,2026-06-13,Southwest,West,SMB,True,738.28
OPP-000830,2026-06-13,Southwest,West,SMB,False,0.0
OPP-000831,2026-06-13,Southwest,West,SMB,False,0.0
OPP-000832,2026-06-13,Southwest,West,Mid-Market,False,0.0
OPP-000833,2026-06-13,Southwest,West,SMB,False,0.0
OPP-000834,2026-06-14,Northeast,East,Mid-Market,True,2666.6
OPP-000835,2026-06-14,Northeast,East,SMB,False,0.0
OPP-000836,2026-06-14,Northeast,East,SMB,False,0.0
OPP-000837,2026-06-14,Northeast,East,Mid-Market,False,0.0
OPP-000838,2026-06-14,Northeast,East,Mid-Market,True,3696.81
OPP-000839,2026-06-14,Northeast,East,Mid-Market,False,0.0
OPP-000840,2026-06-14,Northeast,East,SMB,False,0.0
OPP-000841,2026-06-14,Southeast,East,Enterprise,False,0.0
OPP-000842,2026-06-14,Southeast,East,SMB,False,0.0
OPP-000843,2026-06-14,Southeast,East,Enterprise,False,0.0
OPP-000844,2026-06-14,Southeast,East,SMB,True,671.32
OPP-000845,2026-06-14,Southeast,East,SMB,False,0.0
OPP-000846,2026-06-14,Southeast,East,SMB,True,936.56
OPP-000847,2026-06-14,Southeast,East,SMB,True,477.42
OPP-000848,2026-06-14,Southeast,East,SMB,False,0.0
OPP-000849,2026-06-14,Southeast,East,Mid-Market,False,0.0
OPP-000850,2026-06-14,Southeast,East,Mid-Market,False,0.0
OPP-000851,2026-06-14,Northwest,West,SMB,True,1126.17
OPP-000852,2026-06-14,Northwest,West,Enterprise,False,0.0
OPP-000853,2026-06-14,Northwest,West,SMB,False,0.0
OPP-000854,2026-06-14,Northwest,West,SMB,False,0.0
OPP-000855,2026-06-14,Northwest,West,SMB,False,0.0
OPP-000856,2026-06-14,Northwest,West,Mid-Market,False,0.0
OPP-000857,2026-06-14,Northwest,West,SMB,False,0.0
OPP-000858,2026-06-14,Northwest,West,SMB,False,0.0
OPP-000859,2026-06-14,Northwest,West,SMB,False,0.0
OPP-000860,2026-06-14,Northwest,West,SMB,False,0.0
OPP-000861,2026-06-14,Northwest,West,SMB,False,0.0
OPP-000862,2026-06-14,Northwest,West,Mid-Market,False,0.0
OPP-000863,2026-06-14,Southwest,West,Mid-Market,False,0.0
OPP-000864,2026-06-14,Southwest,West,Mid-Market,False,0.0
OPP-000865,2026-06-14,Southwest,West,Mid-Market,False,0.0
OPP-000866,2026-06-14,Southwest,West,SMB,False,0.0
OPP-000867,2026-06-14,Southwest,West,SMB,False,0.0
OPP-000868,2026-06-14,Southwest,West,Mid-Market,True,1046.46
OPP-000869,2026-06-14,Southwest,West,Mid-Market,True,1580.73
OPP-000870,2026-06-14,Southwest,West,SMB,False,0.0
OPP-000871,2026-06-14,Southwest,West,SMB,False,0.0
OPP-000872,2026-06-14,Southwest,West,SMB,False,0.0
OPP-000873,2026-06-14,Southwest,West,Mid-Market,False,0.0
OPP-000874,2026-06-15,Northeast,East,Mid-Market,False,0.0
OPP-000875,2026-06-15,Northeast,East,Enterprise,True,10285.23
OPP-000876,2026-06-15,Northeast,East,Enterprise,False,0.0
OPP-000877,2026-06-15,Northeast,East,Mid-Market,False,0.0
OPP-000878,2026-06-15,Northeast,East,SMB,False,0.0
OPP-000879,2026-06-15,Northeast,East,Mid-Market,False,0.0
OPP-000880,2026-06-15,Northeast,East,Mid-Market,False,0.0
OPP-000881,2026-06-15,Northeast,East,SMB,True,874.83
OPP-000882,2026-06-15,Northeast,East,SMB,False,0.0
OPP-000883,2026-06-15,Northeast,East,Mid-Market,True,4038.52
OPP-000884,2026-06-15,Northeast,East,SMB,True,417.23
OPP-000885,2026-06-15,Northeast,East,Mid-Market,True,3596.87
OPP-000886,2026-06-15,Northeast,East,SMB,True,945.38
OPP-000887,2026-06-15,Northeast,East,Mid-Market,False,0.0
OPP-000888,2026-06-15,Northeast,East,Mid-Market,False,0.0
OPP-000889,2026-06-15,Northeast,East,SMB,True,456.56
OPP-000890,2026-06-15,Northeast,East,Enterprise,False,0.0
OPP-000891,2026-06-15,Northeast,East,Mid-Market,True,4928.31
OPP-000892,2026-06-15,Northeast,East,SMB,False,0.0
OPP-000893,2026-06-15,Southeast,East,SMB,False,0.0
OPP-000894,2026-06-15,Southeast,East,Mid-Market,False,0.0
OPP-000895,2026-06-15,Southeast,East,Mid-Market,False,0.0
OPP-000896,2026-06-15,Southeast,East,Enterprise,False,0.0
OPP-000897,2026-06-15,Southeast,East,Enterprise,True,12982.46
OPP-000898,2026-06-15,Southeast,East,SMB,False,0.0
OPP-000899,2026-06-15,Southeast,East,SMB,False,0.0
OPP-000900,2026-06-15,Southeast,East,SMB,False,0.0
OPP-000901,2026-06-15,Southeast,East,SMB,False,0.0
OPP-000902,2026-06-15,Southeast,East,SMB,False,0.0
OPP-000903,2026-06-15,Southeast,East,SMB,False,0.0
OPP-000904,2026-06-15,Southeast,East,SMB,False,0.0
OPP-000905,2026-06-15,Southeast,East,Mid-Market,False,0.0
OPP-000906,2026-06-15,Southeast,East,Mid-Market,False,0.0
OPP-000907,2026-06-15,Southeast,East,Mid-Market,False,0.0
OPP-000908,2026-06-15,Southeast,East,SMB,False,0.0
OPP-000909,2026-06-15,Southeast,East,SMB,False,0.0
OPP-000910,2026-06-15,Southeast,East,SMB,False,0.0
OPP-000911,2026-06-15,Northwest,West,Enterprise,True,8453.84
OPP-000912,2026-06-15,Northwest,West,SMB,False,0.0
OPP-000913,2026-06-15,Northwest,West,SMB,True,1142.31
OPP-000914,2026-06-15,Northwest,West,SMB,False,0.0
OPP-000915,2026-06-15,Northwest,West,SMB,True,561.74
OPP-000916,2026-06-15,Northwest,West,Mid-Market,False,0.0
OPP-000917,2026-06-15,Northwest,West,SMB,False,0.0
OPP-000918,2026-06-15,Northwest,West,SMB,False,0.0
OPP-000919,2026-06-15,Northwest,West,SMB,False,0.0
OPP-000920,2026-06-15,Northwest,West,SMB,True,465.99
OPP-000921,2026-06-15,Northwest,West,SMB,False,0.0
OPP-000922,2026-06-15,Northwest,West,Mid-Market,False,0.0
OPP-000923,2026-06-15,Northwest,West,SMB,False,0.0
OPP-000924,2026-06-15,Northwest,West,Mid-Market,False,0.0
OPP-000925,2026-06-15,Northwest,West,SMB,False,0.0
OPP-000926,2026-06-15,Northwest,West,Enterprise,True,5112.52
OPP-000927,2026-06-15,Northwest,West,SMB,False,0.0
OPP-000928,2026-06-15,Northwest,West,Mid-Market,True,1207.64
OPP-000929,2026-06-15,Northwest,West,SMB,False,0.0
OPP-000930,2026-06-15,Northwest,West,SMB,False,0.0
OPP-000931,2026-06-15,Northwest,West,SMB,False,0.0
OPP-000932,2026-06-15,Northwest,West,Mid-Market,True,1477.4
OPP-000933,2026-06-15,Southwest,West,SMB,False,0.0
OPP-000934,2026-06-15,Southwest,West,SMB,False,0.0
OPP-000935,2026-06-15,Southwest,West,SMB,True,1210.11
OPP-000936,2026-06-15,Southwest,West,SMB,True,832.96
OPP-000937,2026-06-15,Southwest,West,SMB,True,990.37
OPP-000938,2026-06-15,Southwest,West,Mid-Market,False,0.0
OPP-000939,2026-06-15,Southwest,West,SMB,False,0.0
OPP-000940,2026-06-15,Southwest,West,SMB,False,0.0
OPP-000941,2026-06-15,Southwest,West,SMB,False,0.0
OPP-000942,2026-06-15,Southwest,West,SMB,False,0.0
OPP-000943,2026-06-15,Southwest,West,SMB,False,0.0
OPP-000944,2026-06-15,Southwest,West,Mid-Market,False,0.0
OPP-000945,2026-06-15,Southwest,West,SMB,False,0.0
OPP-000946,2026-06-15,Southwest,West,SMB,False,0.0
OPP-000947,2026-06-15,Southwest,West,SMB,False,0.0
OPP-000948,2026-06-15,Southwest,West,SMB,False,0.0
OPP-000949,2026-06-15,Southwest,West,SMB,True,2523.11
OPP-000950,2026-06-16,Northeast,East,SMB,False,0.0
OPP-000951,2026-06-16,Northeast,East,SMB,False,0.0
OPP-000952,2026-06-16,Northeast,East,Mid-Market,False,0.0
OPP-000953,2026-06-16,Northeast,East,SMB,False,0.0
OPP-000954,2026-06-16,Northeast,East,SMB,True,369.26
OPP-000955,2026-06-16,Northeast,East,Mid-Market,False,0.0
OPP-000956,2026-06-16,Northeast,East,SMB,True,754.26
OPP-000957,2026-06-16,Northeast,East,SMB,False,0.0
OPP-000958,2026-06-16,Northeast,East,Mid-Market,False,0.0
OPP-000959,2026-06-16,Northeast,East,Enterprise,False,0.0
OPP-000960,2026-06-16,Northeast,East,Mid-Market,False,0.0
OPP-000961,2026-06-16,Northeast,East,Mid-Market,False,0.0
OPP-000962,2026-06-16,Northeast,East,Enterprise,False,0.0
OPP-000963,2026-06-16,Northeast,East,Mid-Market,False,0.0
OPP-000964,2026-06-16,Northeast,East,Mid-Market,False,0.0
OPP-000965,2026-06-16,Northeast,East,Mid-Market,False,0.0
OPP-000966,2026-06-16,Northeast,East,Enterprise,False,0.0
OPP-000967,2026-06-16,Northeast,East,Mid-Market,True,2496.45
OPP-000968,2026-06-16,Northeast,East,Enterprise,False,0.0
OPP-000969,2026-06-16,Northeast,East,SMB,False,0.0
OPP-000970,2026-06-16,Northeast,East,Enterprise,True,7369.31
OPP-000971,2026-06-16,Northeast,East,Mid-Market,False,0.0
OPP-000972,2026-06-16,Northeast,East,SMB,False,0.0
OPP-000973,2026-06-16,Northeast,East,Mid-Market,True,2341.35
OPP-000974,2026-06-16,Northeast,East,Mid-Market,True,2605.04
OPP-000975,2026-06-16,Northeast,East,SMB,False,0.0
OPP-000976,2026-06-16,Northeast,East,SMB,True,787.81
OPP-000977,2026-06-16,Northeast,East,Mid-Market,False,0.0
OPP-000978,2026-06-16,Southeast,East,SMB,True,1077.34
OPP-000979,2026-06-16,Southeast,East,Enterprise,True,3902.52
OPP-000980,2026-06-16,Southeast,East,SMB,True,1118.92
OPP-000981,2026-06-16,Southeast,East,SMB,False,0.0
OPP-000982,2026-06-16,Southeast,East,Mid-Market,False,0.0
OPP-000983,2026-06-16,Southeast,East,Enterprise,False,0.0
OPP-000984,2026-06-16,Southeast,East,Mid-Market,False,0.0
OPP-000985,2026-06-16,Southeast,East,Mid-Market,False,0.0
OPP-000986,2026-06-16,Southeast,East,Mid-Market,False,0.0
OPP-000987,2026-06-16,Southeast,East,Mid-Market,True,1086.62
OPP-000988,2026-06-16,Southeast,East,Mid-Market,True,1822.34
OPP-000989,2026-06-16,Southeast,East,SMB,True,527.06
OPP-000990,2026-06-16,Southeast,East,SMB,False,0.0
OPP-000991,2026-06-16,Southeast,East,Mid-Market,False,0.0
OPP-000992,2026-06-16,Southeast,East,SMB,True,765.69
OPP-000993,2026-06-16,Southeast,East,SMB,True,797.37
OPP-000994,2026-06-16,Southeast,East,Mid-Market,False,0.0
OPP-000995,2026-06-16,Northwest,West,SMB,True,577.05
OPP-000996,2026-06-16,Northwest,West,SMB,True,1043.28
OPP-000997,2026-06-16,Northwest,West,Mid-Market,False,0.0
OPP-000998,2026-06-16,Northwest,West,Mid-Market,False,0.0
OPP-000999,2026-06-16,Northwest,West,SMB,False,0.0
OPP-001000,2026-06-16,Northwest,West,SMB,False,0.0
OPP-001001,2026-06-16,Northwest,West,SMB,False,0.0
OPP-001002,2026-06-16,Northwest,West,SMB,False,0.0
OPP-001003,2026-06-16,Northwest,West,Mid-Market,False,0.0
OPP-001004,2026-06-16,Northwest,West,Mid-Market,False,0.0
OPP-001005,2026-06-16,Northwest,West,SMB,False,0.0
OPP-001006,2026-06-16,Northwest,West,SMB,False,0.0
OPP-001007,2026-06-16,Northwest,West,SMB,False,0.0
OPP-001008,2026-06-16,Northwest,West,Mid-Market,False,0.0
OPP-001009,2026-06-16,Northwest,West,Mid-Market,False,0.0
OPP-001010,2026-06-16,Northwest,West,SMB,False,0.0
OPP-001011,2026-06-16,Northwest,West,SMB,False,0.0
OPP-001012,2026-06-16,Southwest,West,SMB,False,0.0
OPP-001013,2026-06-16,Southwest,West,Mid-Market,False,0.0
OPP-001014,2026-06-16,Southwest,West,SMB,False,0.0
OPP-001015,2026-06-16,Southwest,West,SMB,False,0.0
OPP-001016,2026-06-16,Southwest,West,Mid-Market,False,0.0
OPP-001017,2026-06-16,Southwest,West,SMB,True,1196.27
OPP-001018,2026-06-16,Southwest,West,SMB,False,0.0
OPP-001019,2026-06-16,Southwest,West,SMB,False,0.0
OPP-001020,2026-06-16,Southwest,West,Mid-Market,True,3946.81
OPP-001021,2026-06-16,Southwest,West,SMB,False,0.0
OPP-001022,2026-06-16,Southwest,West,SMB,False,0.0
OPP-001023,2026-06-16,Southwest,West,SMB,False,0.0
OPP-001024,2026-06-16,Southwest,West,SMB,False,0.0
OPP-001025,2026-06-16,Southwest,West,SMB,False,0.0
OPP-001026,2026-06-16,Southwest,West,SMB,False,0.0
OPP-001027,2026-06-16,Southwest,West,SMB,False,0.0
OPP-001028,2026-06-16,Southwest,West,SMB,True,491.86
OPP-001029,2026-06-16,Southwest,West,SMB,False,0.0
OPP-001030,2026-06-16,Southwest,West,SMB,False,0.0
OPP-001031,2026-06-16,Southwest,West,Mid-Market,False,0.0
OPP-001032,2026-06-17,Northeast,East,Enterprise,False,0.0
OPP-001033,2026-06-17,Northeast,East,Enterprise,True,4477.82
OPP-001034,2026-06-17,Northeast,East,SMB,False,0.0
OPP-001035,2026-06-17,Northeast,East,Mid-Market,True,2354.24
OPP-001036,2026-06-17,Northeast,East,Enterprise,False,0.0
OPP-001037,2026-06-17,Northeast,East,SMB,False,0.0
OPP-001038,2026-06-17,Northeast,East,SMB,False,0.0
OPP-001039,2026-06-17,Northeast,East,SMB,True,741.03
OPP-001040,2026-06-17,Northeast,East,SMB,False,0.0
OPP-001041,2026-06-17,Northeast,East,Mid-Market,False,0.0
OPP-001042,2026-06-17,Northeast,East,Mid-Market,False,0.0
OPP-001043,2026-06-17,Northeast,East,Mid-Market,False,0.0
OPP-001044,2026-06-17,Northeast,East,SMB,False,0.0
OPP-001045,2026-06-17,Northeast,East,SMB,False,0.0
OPP-001046,2026-06-17,Northeast,East,SMB,False,0.0
OPP-001047,2026-06-17,Northeast,East,SMB,False,0.0
OPP-001048,2026-06-17,Northeast,East,SMB,False,0.0
OPP-001049,2026-06-17,Northeast,East,Mid-Market,True,6821.38
OPP-001050,2026-06-17,Northeast,East,SMB,False,0.0
OPP-001051,2026-06-17,Northeast,East,SMB,False,0.0
OPP-001052,2026-06-17,Northeast,East,SMB,False,0.0
OPP-001053,2026-06-17,Northeast,East,SMB,False,0.0
OPP-001054,2026-06-17,Northeast,East,SMB,False,0.0
OPP-001055,2026-06-17,Northeast,East,SMB,True,883.54
OPP-001056,2026-06-17,Northeast,East,Mid-Market,False,0.0
OPP-001057,2026-06-17,Southeast,East,SMB,True,608.7
OPP-001058,2026-06-17,Southeast,East,SMB,False,0.0
OPP-001059,2026-06-17,Southeast,East,SMB,False,0.0
OPP-001060,2026-06-17,Southeast,East,Mid-Market,True,2163.73
OPP-001061,2026-06-17,Southeast,East,Enterprise,False,0.0
OPP-001062,2026-06-17,Southeast,East,Mid-Market,False,0.0
OPP-001063,2026-06-17,Southeast,East,SMB,True,519.87
OPP-001064,2026-06-17,Southeast,East,SMB,False,0.0
OPP-001065,2026-06-17,Southeast,East,SMB,False,0.0
OPP-001066,2026-06-17,Southeast,East,Mid-Market,True,2085.38
OPP-001067,2026-06-17,Southeast,East,SMB,False,0.0
OPP-001068,2026-06-17,Southeast,East,SMB,False,0.0
OPP-001069,2026-06-17,Southeast,East,SMB,False,0.0
OPP-001070,2026-06-17,Southeast,East,SMB,False,0.0
OPP-001071,2026-06-17,Southeast,East,SMB,False,0.0
OPP-001072,2026-06-17,Southeast,East,SMB,True,604.98
OPP-001073,2026-06-17,Southeast,East,SMB,True,705.65
OPP-001074,2026-06-17,Southeast,East,SMB,True,491.89
OPP-001075,2026-06-17,Northwest,West,SMB,True,414.02
OPP-001076,2026-06-17,Northwest,West,Enterprise,False,0.0
OPP-001077,2026-06-17,Northwest,West,SMB,False,0.0
OPP-001078,2026-06-17,Northwest,West,SMB,True,428.46
OPP-001079,2026-06-17,Northwest,West,SMB,True,2555.69
OPP-001080,2026-06-17,Northwest,West,SMB,False,0.0
OPP-001081,2026-06-17,Northwest,West,SMB,False,0.0
OPP-001082,2026-06-17,Northwest,West,SMB,False,0.0
OPP-001083,2026-06-17,Northwest,West,SMB,False,0.0
OPP-001084,2026-06-17,Northwest,West,SMB,False,0.0
OPP-001085,2026-06-17,Northwest,West,SMB,True,939.04
OPP-001086,2026-06-17,Northwest,West,Enterprise,True,6245.27
OPP-001087,2026-06-17,Northwest,West,SMB,False,0.0
OPP-001088,2026-06-17,Northwest,West,SMB,False,0.0
OPP-001089,2026-06-17,Southwest,West,SMB,True,528.43
OPP-001090,2026-06-17,Southwest,West,Mid-Market,False,0.0
OPP-001091,2026-06-17,Southwest,West,Mid-Market,False,0.0
OPP-001092,2026-06-17,Southwest,West,SMB,False,0.0
OPP-001093,2026-06-17,Southwest,West,SMB,False,0.0
OPP-001094,2026-06-17,Southwest,West,Mid-Market,False,0.0
OPP-001095,2026-06-17,Southwest,West,SMB,False,0.0
OPP-001096,2026-06-17,Southwest,West,SMB,False,0.0
OPP-001097,2026-06-17,Southwest,West,SMB,False,0.0
OPP-001098,2026-06-17,Southwest,West,SMB,False,0.0
OPP-001099,2026-06-17,Southwest,West,SMB,False,0.0
OPP-001100,2026-06-18,Northeast,East,SMB,True,859.99
OPP-001101,2026-06-18,Northeast,East,Enterprise,False,0.0
OPP-001102,2026-06-18,Northeast,East,SMB,False,0.0
OPP-001103,2026-06-18,Northeast,East,Mid-Market,False,0.0
OPP-001104,2026-06-18,Northeast,East,SMB,False,0.0
OPP-001105,2026-06-18,Northeast,East,SMB,False,0.0
OPP-001106,2026-06-18,Northeast,East,Enterprise,False,0.0
OPP-001107,2026-06-18,Northeast,East,SMB,False,0.0
OPP-001108,2026-06-18,Northeast,East,SMB,False,0.0
OPP-001109,2026-06-18,Northeast,East,SMB,False,0.0
OPP-001110,2026-06-18,Northeast,East,Enterprise,False,0.0
OPP-001111,2026-06-18,Northeast,East,SMB,True,758.25
OPP-001112,2026-06-18,Northeast,East,SMB,False,0.0
OPP-001113,2026-06-18,Northeast,East,SMB,True,723.68
OPP-001114,2026-06-18,Northeast,East,SMB,False,0.0
OPP-001115,2026-06-18,Northeast,East,SMB,False,0.0
OPP-001116,2026-06-18,Northeast,East,Mid-Market,True,1727.86
OPP-001117,2026-06-18,Northeast,East,Enterprise,False,0.0
OPP-001118,2026-06-18,Northeast,East,SMB,False,0.0
OPP-001119,2026-06-18,Northeast,East,SMB,True,1340.08
OPP-001120,2026-06-18,Northeast,East,Mid-Market,False,0.0
OPP-001121,2026-06-18,Northeast,East,SMB,True,1271.67
OPP-001122,2026-06-18,Northeast,East,Mid-Market,False,0.0
OPP-001123,2026-06-18,Northeast,East,Enterprise,False,0.0
OPP-001124,2026-06-18,Northeast,East,Mid-Market,True,1783.19
OPP-001125,2026-06-18,Southeast,East,Enterprise,False,0.0
OPP-001126,2026-06-18,Southeast,East,SMB,False,0.0
OPP-001127,2026-06-18,Southeast,East,Mid-Market,False,0.0
OPP-001128,2026-06-18,Southeast,East,Mid-Market,False,0.0
OPP-001129,2026-06-18,Southeast,East,SMB,False,0.0
OPP-001130,2026-06-18,Southeast,East,SMB,False,0.0
OPP-001131,2026-06-18,Southeast,East,Enterprise,False,0.0
OPP-001132,2026-06-18,Southeast,East,Mid-Market,False,0.0
OPP-001133,2026-06-18,Southeast,East,Enterprise,False,0.0
OPP-001134,2026-06-18,Southeast,East,SMB,True,1110.94
OPP-001135,2026-06-18,Southeast,East,Enterprise,False,0.0
OPP-001136,2026-06-18,Northwest,West,SMB,False,0.0
OPP-001137,2026-06-18,Northwest,West,SMB,False,0.0
OPP-001138,2026-06-18,Northwest,West,Mid-Market,False,0.0
OPP-001139,2026-06-18,Northwest,West,Mid-Market,False,0.0
OPP-001140,2026-06-18,Northwest,West,SMB,False,0.0
OPP-001141,2026-06-18,Northwest,West,SMB,True,1268.35
OPP-001142,2026-06-18,Northwest,West,SMB,False,0.0
OPP-001143,2026-06-18,Northwest,West,SMB,False,0.0
OPP-001144,2026-06-18,Northwest,West,SMB,False,0.0
OPP-001145,2026-06-18,Northwest,West,SMB,False,0.0
OPP-001146,2026-06-18,Northwest,West,SMB,False,0.0
OPP-001147,2026-06-18,Northwest,West,Enterprise,True,11619.21
OPP-001148,2026-06-18,Northwest,West,SMB,False,0.0
OPP-001149,2026-06-18,Northwest,West,SMB,False,0.0
OPP-001150,2026-06-18,Northwest,West,SMB,False,0.0
OPP-001151,2026-06-18,Northwest,West,SMB,False,0.0
OPP-001152,2026-06-18,Northwest,West,SMB,True,790.85
OPP-001153,2026-06-18,Northwest,West,Enterprise,False,0.0
OPP-001154,2026-06-18,Northwest,West,Enterprise,False,0.0
OPP-001155,2026-06-18,Northwest,West,Mid-Market,False,0.0
OPP-001156,2026-06-18,Northwest,West,SMB,False,0.0
OPP-001157,2026-06-18,Southwest,West,Mid-Market,True,1201.05
OPP-001158,2026-06-18,Southwest,West,Mid-Market,False,0.0
OPP-001159,2026-06-18,Southwest,West,SMB,True,602.34
OPP-001160,2026-06-18,Southwest,West,SMB,False,0.0
OPP-001161,2026-06-18,Southwest,West,SMB,False,0.0
OPP-001162,2026-06-18,Southwest,West,SMB,False,0.0
OPP-001163,2026-06-18,Southwest,West,SMB,False,0.0
OPP-001164,2026-06-18,Southwest,West,SMB,False,0.0
OPP-001165,2026-06-18,Southwest,West,SMB,True,1205.11
OPP-001166,2026-06-18,Southwest,West,SMB,True,1646.13
OPP-001167,2026-06-18,Southwest,West,SMB,False,0.0
OPP-001168,2026-06-18,Southwest,West,SMB,True,1087.29
OPP-001169,2026-06-18,Southwest,West,SMB,False,0.0
OPP-001170,2026-06-18,Southwest,West,SMB,False,0.0
OPP-001171,2026-06-18,Southwest,West,SMB,False,0.0
OPP-001172,2026-06-18,Southwest,West,SMB,False,0.0
OPP-001173,2026-06-18,Southwest,West,Mid-Market,False,0.0
OPP-001174,2026-06-18,Southwest,West,SMB,True,1339.12
OPP-001175,2026-06-18,Southwest,West,SMB,True,547.56
OPP-001176,2026-06-18,Southwest,West,SMB,False,0.0
OPP-001177,2026-06-18,Southwest,West,SMB,False,0.0
OPP-001178,2026-06-18,Southwest,West,SMB,False,0.0
OPP-001179,2026-06-18,Southwest,West,Mid-Market,False,0.0
OPP-001180,2026-06-18,Southwest,West,SMB,True,795.91
OPP-001181,2026-06-19,Northeast,East,Mid-Market,False,0.0
OPP-001182,2026-06-19,Northeast,East,SMB,False,0.0
OPP-001183,2026-06-19,Northeast,East,Mid-Market,False,0.0
OPP-001184,2026-06-19,Northeast,East,Mid-Market,True,2175.7
OPP-001185,2026-06-19,Northeast,East,Mid-Market,True,1782.52
OPP-001186,2026-06-19,Northeast,East,SMB,True,1000.02
OPP-001187,2026-06-19,Northeast,East,SMB,False,0.0
OPP-001188,2026-06-19,Northeast,East,SMB,True,467.63
OPP-001189,2026-06-19,Northeast,East,Enterprise,True,6505.03
OPP-001190,2026-06-19,Northeast,East,Mid-Market,True,1639.83
OPP-001191,2026-06-19,Northeast,East,SMB,False,0.0
OPP-001192,2026-06-19,Northeast,East,Mid-Market,False,0.0
OPP-001193,2026-06-19,Northeast,East,Enterprise,False,0.0
OPP-001194,2026-06-19,Northeast,East,Mid-Market,False,0.0
OPP-001195,2026-06-19,Northeast,East,SMB,False,0.0
OPP-001196,2026-06-19,Northeast,East,SMB,True,330.39
OPP-001197,2026-06-19,Northeast,East,Mid-Market,True,2694.35
OPP-001198,2026-06-19,Northeast,East,SMB,False,0.0
OPP-001199,2026-06-19,Northeast,East,Mid-Market,True,3112.1
OPP-001200,2026-06-19,Northeast,East,SMB,False,0.0
OPP-001201,2026-06-19,Northeast,East,SMB,False,0.0
OPP-001202,2026-06-19,Northeast,East,SMB,True,541.18
OPP-001203,2026-06-19,Northeast,East,Mid-Market,False,0.0
OPP-001204,2026-06-19,Northeast,East,SMB,False,0.0
OPP-001205,2026-06-19,Southeast,East,SMB,False,0.0
OPP-001206,2026-06-19,Southeast,East,Enterprise,False,0.0
OPP-001207,2026-06-19,Southeast,East,SMB,False,0.0
OPP-001208,2026-06-19,Southeast,East,SMB,True,1408.38
OPP-001209,2026-06-19,Southeast,East,Mid-Market,False,0.0
OPP-001210,2026-06-19,Southeast,East,Mid-Market,False,0.0
OPP-001211,2026-06-19,Southeast,East,Mid-Market,False,0.0
OPP-001212,2026-06-19,Southeast,East,SMB,True,1464.87
OPP-001213,2026-06-19,Southeast,East,Mid-Market,False,0.0
OPP-001214,2026-06-19,Southeast,East,Mid-Market,False,0.0
OPP-001215,2026-06-19,Southeast,East,SMB,False,0.0
OPP-001216,2026-06-19,Southeast,East,SMB,True,1026.28
OPP-001217,2026-06-19,Southeast,East,Mid-Market,True,1924.65
OPP-001218,2026-06-19,Southeast,East,SMB,False,0.0
OPP-001219,2026-06-19,Southeast,East,SMB,False,0.0
OPP-001220,2026-06-19,Southeast,East,Mid-Market,False,0.0
OPP-001221,2026-06-19,Southeast,East,SMB,True,941.04
OPP-001222,2026-06-19,Southeast,East,Mid-Market,False,0.0
OPP-001223,2026-06-19,Southeast,East,SMB,True,513.22
OPP-001224,2026-06-19,Northwest,West,Mid-Market,False,0.0
OPP-001225,2026-06-19,Northwest,West,SMB,False,0.0
OPP-001226,2026-06-19,Northwest,West,SMB,False,0.0
OPP-001227,2026-06-19,Northwest,West,Mid-Market,True,2139.28
OPP-001228,2026-06-19,Northwest,West,Mid-Market,False,0.0
OPP-001229,2026-06-19,Northwest,West,SMB,False,0.0
OPP-001230,2026-06-19,Northwest,West,Mid-Market,False,0.0
OPP-001231,2026-06-19,Northwest,West,SMB,True,969.28
OPP-001232,2026-06-19,Northwest,West,Mid-Market,False,0.0
OPP-001233,2026-06-19,Northwest,West,SMB,True,628.43
OPP-001234,2026-06-19,Northwest,West,SMB,True,991.71
OPP-001235,2026-06-19,Northwest,West,SMB,True,479.71
OPP-001236,2026-06-19,Northwest,West,SMB,False,0.0
OPP-001237,2026-06-19,Northwest,West,SMB,False,0.0
OPP-001238,2026-06-19,Southwest,West,SMB,False,0.0
OPP-001239,2026-06-19,Southwest,West,SMB,True,271.13
OPP-001240,2026-06-19,Southwest,West,SMB,False,0.0
OPP-001241,2026-06-19,Southwest,West,Mid-Market,True,1885.42
OPP-001242,2026-06-19,Southwest,West,Mid-Market,True,3132.22
OPP-001243,2026-06-19,Southwest,West,SMB,False,0.0
OPP-001244,2026-06-19,Southwest,West,SMB,False,0.0
OPP-001245,2026-06-19,Southwest,West,SMB,False,0.0
OPP-001246,2026-06-19,Southwest,West,Mid-Market,False,0.0
OPP-001247,2026-06-19,Southwest,West,SMB,False,0.0
OPP-001248,2026-06-19,Southwest,West,SMB,False,0.0
OPP-001249,2026-06-19,Southwest,West,Enterprise,False,0.0
OPP-001250,2026-06-19,Southwest,West,Mid-Market,False,0.0
OPP-001251,2026-06-19,Southwest,West,SMB,True,988.86
OPP-001252,2026-06-19,Southwest,West,SMB,False,0.0
OPP-001253,2026-06-19,Southwest,West,Mid-Market,False,0.0
OPP-001254,2026-06-19,Southwest,West,SMB,False,0.0
OPP-001255,2026-06-19,Southwest,West,SMB,True,1120.02
OPP-001256,2026-06-19,Southwest,West,SMB,True,3314.09
OPP-001257,2026-06-19,Southwest,West,SMB,False,0.0
OPP-001258,2026-06-19,Southwest,West,SMB,True,558.52
OPP-001259,2026-06-19,Southwest,West,SMB,True,1051.15
OPP-001260,2026-06-19,Southwest,West,SMB,False,0.0
OPP-001261,2026-06-19,Southwest,West,SMB,False,0.0
OPP-001262,2026-06-20,Northeast,East,SMB,False,0.0
OPP-001263,2026-06-20,Northeast,East,SMB,True,861.18
OPP-001264,2026-06-20,Northeast,East,SMB,False,0.0
OPP-001265,2026-06-20,Northeast,East,SMB,False,0.0
OPP-001266,2026-06-20,Northeast,East,SMB,False,0.0
OPP-001267,2026-06-20,Northeast,East,Mid-Market,True,942.41
OPP-001268,2026-06-20,Northeast,East,Mid-Market,False,0.0
OPP-001269,2026-06-20,Northeast,East,SMB,False,0.0
OPP-001270,2026-06-20,Northeast,East,SMB,True,535.38
OPP-001271,2026-06-20,Northeast,East,SMB,False,0.0
OPP-001272,2026-06-20,Northeast,East,SMB,False,0.0
OPP-001273,2026-06-20,Northeast,East,SMB,False,0.0
OPP-001274,2026-06-20,Northeast,East,SMB,True,649.93
OPP-001275,2026-06-20,Southeast,East,SMB,False,0.0
OPP-001276,2026-06-20,Southeast,East,Mid-Market,False,0.0
OPP-001277,2026-06-20,Southeast,East,SMB,False,0.0
OPP-001278,2026-06-20,Southeast,East,Enterprise,False,0.0
OPP-001279,2026-06-20,Southeast,East,Mid-Market,False,0.0
OPP-001280,2026-06-20,Southeast,East,SMB,False,0.0
OPP-001281,2026-06-20,Southeast,East,SMB,False,0.0
OPP-001282,2026-06-20,Southeast,East,SMB,False,0.0
OPP-001283,2026-06-20,Southeast,East,SMB,False,0.0
OPP-001284,2026-06-20,Southeast,East,Mid-Market,False,0.0
OPP-001285,2026-06-20,Southeast,East,SMB,False,0.0
OPP-001286,2026-06-20,Southeast,East,SMB,False,0.0
OPP-001287,2026-06-20,Southeast,East,SMB,False,0.0
OPP-001288,2026-06-20,Southeast,East,Mid-Market,False,0.0
OPP-001289,2026-06-20,Southeast,East,SMB,True,538.56
OPP-001290,2026-06-20,Northwest,West,SMB,False,0.0
OPP-001291,2026-06-20,Northwest,West,Mid-Market,True,4604.48
OPP-001292,2026-06-20,Northwest,West,SMB,False,0.0
OPP-001293,2026-06-20,Northwest,West,SMB,False,0.0
OPP-001294,2026-06-20,Northwest,West,SMB,True,1189.31
OPP-001295,2026-06-20,Northwest,West,Mid-Market,False,0.0
OPP-001296,2026-06-20,Northwest,West,SMB,True,977.86
OPP-001297,2026-06-20,Northwest,West,Mid-Market,False,0.0
OPP-001298,2026-06-20,Northwest,West,SMB,False,0.0
OPP-001299,2026-06-20,Northwest,West,Mid-Market,False,0.0
OPP-001300,2026-06-20,Southwest,West,SMB,False,0.0
OPP-001301,2026-06-20,Southwest,West,SMB,False,0.0
OPP-001302,2026-06-20,Southwest,West,SMB,False,0.0
OPP-001303,2026-06-20,Southwest,West,Mid-Market,False,0.0
OPP-001304,2026-06-20,Southwest,West,SMB,True,1244.86
OPP-001305,2026-06-20,Southwest,West,Enterprise,True,3838.69
OPP-001306,2026-06-20,Southwest,West,SMB,False,0.0
OPP-001307,2026-06-21,Northeast,East,Mid-Market,True,2622.71
OPP-001308,2026-06-21,Northeast,East,SMB,False,0.0
OPP-001309,2026-06-21,Northeast,East,Mid-Market,False,0.0
OPP-001310,2026-06-21,Northeast,East,SMB,False,0.0
OPP-001311,2026-06-21,Northeast,East,Enterprise,False,0.0
OPP-001312,2026-06-21,Northeast,East,SMB,True,655.99
OPP-001313,2026-06-21,Northeast,East,Mid-Market,True,2538.3
OPP-001314,2026-06-21,Northeast,East,SMB,True,1324.8
OPP-001315,2026-06-21,Northeast,East,Mid-Market,False,0.0
OPP-001316,2026-06-21,Northeast,East,SMB,True,588.5
OPP-001317,2026-06-21,Northeast,East,Mid-Market,True,5806.86
OPP-001318,2026-06-21,Northeast,East,SMB,False,0.0
OPP-001319,2026-06-21,Southeast,East,SMB,False,0.0
OPP-001320,2026-06-21,Southeast,East,Enterprise,True,4794.71
OPP-001321,2026-06-21,Southeast,East,SMB,True,983.18
OPP-001322,2026-06-21,Southeast,East,Enterprise,False,0.0
OPP-001323,2026-06-21,Southeast,East,Mid-Market,False,0.0
OPP-001324,2026-06-21,Southeast,East,SMB,False,0.0
OPP-001325,2026-06-21,Southeast,East,SMB,False,0.0
OPP-001326,2026-06-21,Northwest,West,SMB,False,0.0
OPP-001327,2026-06-21,Northwest,West,SMB,False,0.0
OPP-001328,2026-06-21,Northwest,West,SMB,True,606.88
OPP-001329,2026-06-21,Northwest,West,SMB,False,0.0
OPP-001330,2026-06-21,Northwest,West,Mid-Market,False,0.0
OPP-001331,2026-06-21,Northwest,West,SMB,False,0.0
OPP-001332,2026-06-21,Northwest,West,Mid-Market,False,0.0
OPP-001333,2026-06-21,Northwest,West,SMB,False,0.0
OPP-001334,2026-06-21,Northwest,West,SMB,False,0.0
OPP-001335,2026-06-21,Northwest,West,SMB,False,0.0
OPP-001336,2026-06-21,Northwest,West,Mid-Market,False,0.0
OPP-001337,2026-06-21,Northwest,West,SMB,True,1279.34
OPP-001338,2026-06-21,Northwest,West,SMB,True,433.0
OPP-001339,2026-06-21,Northwest,West,SMB,True,563.23
OPP-001340,2026-06-21,Southwest,West,SMB,False,0.0
OPP-001341,2026-06-21,Southwest,West,Mid-Market,False,0.0
OPP-001342,2026-06-21,Southwest,West,SMB,True,741.39
OPP-001343,2026-06-21,Southwest,West,Mid-Market,False,0.0
OPP-001344,2026-06-21,Southwest,West,SMB,True,626.62
OPP-001345,2026-06-21,Southwest,West,Enterprise,False,0.0
OPP-001346,2026-06-21,Southwest,West,SMB,False,0.0
OPP-001347,2026-06-21,Southwest,West,SMB,False,0.0
OPP-001348,2026-06-21,Southwest,West,SMB,False,0.0
OPP-001349,2026-06-21,Southwest,West,SMB,False,0.0
OPP-001350,2026-06-21,Southwest,West,SMB,True,980.98
OPP-001351,2026-06-21,Southwest,West,Mid-Market,False,0.0
OPP-001352,2026-06-21,Southwest,West,SMB,True,921.26
OPP-001353,2026-06-21,Southwest,West,Mid-Market,True,1735.48
OPP-001354,2026-06-21,Southwest,West,Mid-Market,True,5443.84
OPP-001355,2026-06-22,Northeast,East,Mid-Market,False,0.0
OPP-001356,2026-06-22,Northeast,East,SMB,False,0.0
OPP-001357,2026-06-22,Northeast,East,Mid-Market,False,0.0
OPP-001358,2026-06-22,Northeast,East,Mid-Market,False,0.0
OPP-001359,2026-06-22,Northeast,East,SMB,False,0.0
OPP-001360,2026-06-22,Northeast,East,Mid-Market,False,0.0
OPP-001361,2026-06-22,Northeast,East,SMB,False,0.0
OPP-001362,2026-06-22,Northeast,East,SMB,False,0.0
OPP-001363,2026-06-22,Northeast,East,SMB,True,1704.27
OPP-001364,2026-06-22,Northeast,East,SMB,False,0.0
OPP-001365,2026-06-22,Northeast,East,Mid-Market,False,0.0
OPP-001366,2026-06-22,Northeast,East,SMB,True,722.99
OPP-001367,2026-06-22,Northeast,East,SMB,False,0.0
OPP-001368,2026-06-22,Northeast,East,SMB,False,0.0
OPP-001369,2026-06-22,Northeast,East,SMB,False,0.0
OPP-001370,2026-06-22,Southeast,East,SMB,True,1523.72
OPP-001371,2026-06-22,Southeast,East,Mid-Market,False,0.0
OPP-001372,2026-06-22,Southeast,East,SMB,True,702.77
OPP-001373,2026-06-22,Southeast,East,Enterprise,False,0.0
OPP-001374,2026-06-22,Southeast,East,SMB,False,0.0
OPP-001375,2026-06-22,Southeast,East,Mid-Market,False,0.0
OPP-001376,2026-06-22,Southeast,East,SMB,False,0.0
OPP-001377,2026-06-22,Southeast,East,Mid-Market,True,3804.82
OPP-001378,2026-06-22,Southeast,East,Mid-Market,True,2039.3
OPP-001379,2026-06-22,Southeast,East,SMB,True,533.91
OPP-001380,2026-06-22,Southeast,East,Mid-Market,False,0.0
OPP-001381,2026-06-22,Southeast,East,SMB,True,978.67
OPP-001382,2026-06-22,Southeast,East,SMB,False,0.0
OPP-001383,2026-06-22,Southeast,East,SMB,False,0.0
OPP-001384,2026-06-22,Southeast,East,Enterprise,False,0.0
OPP-001385,2026-06-22,Southeast,East,Enterprise,True,7138.76
OPP-001386,2026-06-22,Southeast,East,Enterprise,False,0.0
OPP-001387,2026-06-22,Northwest,West,Mid-Market,False,0.0
OPP-001388,2026-06-22,Northwest,West,SMB,False,0.0
OPP-001389,2026-06-22,Northwest,West,Mid-Market,False,0.0
OPP-001390,2026-06-22,Northwest,West,SMB,False,0.0
OPP-001391,2026-06-22,Northwest,West,SMB,False,0.0
OPP-001392,2026-06-22,Northwest,West,SMB,True,409.52
OPP-001393,2026-06-22,Northwest,West,Mid-Market,False,0.0
OPP-001394,2026-06-22,Northwest,West,Enterprise,False,0.0
OPP-001395,2026-06-22,Northwest,West,SMB,False,0.0
OPP-001396,2026-06-22,Northwest,West,Mid-Market,False,0.0
OPP-001397,2026-06-22,Northwest,West,Mid-Market,False,0.0
OPP-001398,2026-06-22,Northwest,West,Mid-Market,True,3342.47
OPP-001399,2026-06-22,Northwest,West,SMB,True,1540.17
OPP-001400,2026-06-22,Northwest,West,SMB,False,0.0
OPP-001401,2026-06-22,Northwest,West,SMB,True,1757.39
OPP-001402,2026-06-22,Northwest,West,SMB,False,0.0
OPP-001403,2026-06-22,Northwest,West,SMB,True,617.82
OPP-001404,2026-06-22,Northwest,West,Mid-Market,False,0.0
OPP-001405,2026-06-22,Southwest,West,SMB,False,0.0
OPP-001406,2026-06-22,Southwest,West,Mid-Market,False,0.0
OPP-001407,2026-06-22,Southwest,West,Enterprise,False,0.0
OPP-001408,2026-06-22,Southwest,West,SMB,False,0.0
OPP-001409,2026-06-22,Southwest,West,SMB,True,1214.41
OPP-001410,2026-06-22,Southwest,West,Mid-Market,False,0.0
OPP-001411,2026-06-22,Southwest,West,Mid-Market,False,0.0
OPP-001412,2026-06-22,Southwest,West,SMB,False,0.0
OPP-001413,2026-06-22,Southwest,West,SMB,False,0.0
OPP-001414,2026-06-22,Southwest,West,Mid-Market,False,0.0
OPP-001415,2026-06-22,Southwest,West,SMB,False,0.0
OPP-001416,2026-06-22,Southwest,West,Mid-Market,False,0.0
OPP-001417,2026-06-22,Southwest,West,SMB,False,0.0
OPP-001418,2026-06-22,Southwest,West,SMB,False,0.0
OPP-001419,2026-06-22,Southwest,West,SMB,True,565.28
OPP-001420,2026-06-22,Southwest,West,SMB,False,0.0
OPP-001421,2026-06-22,Southwest,West,SMB,False,0.0
OPP-001422,2026-06-23,Northeast,East,Mid-Market,True,2423.67
OPP-001423,2026-06-23,Northeast,East,SMB,False,0.0
OPP-001424,2026-06-23,Northeast,East,Mid-Market,False,0.0
OPP-001425,2026-06-23,Northeast,East,SMB,True,1274.31
OPP-001426,2026-06-23,Northeast,East,Mid-Market,False,0.0
OPP-001427,2026-06-23,Northeast,East,SMB,True,810.85
OPP-001428,2026-06-23,Northeast,East,SMB,False,0.0
OPP-001429,2026-06-23,Northeast,East,Mid-Market,False,0.0
OPP-001430,2026-06-23,Northeast,East,SMB,True,386.99
OPP-001431,2026-06-23,Northeast,East,Mid-Market,False,0.0
OPP-001432,2026-06-23,Northeast,East,SMB,False,0.0
OPP-001433,2026-06-23,Northeast,East,SMB,False,0.0
OPP-001434,2026-06-23,Northeast,East,SMB,False,0.0
OPP-001435,2026-06-23,Northeast,East,Mid-Market,True,2818.31
OPP-001436,2026-06-23,Northeast,East,SMB,False,0.0
OPP-001437,2026-06-23,Northeast,East,SMB,False,0.0
OPP-001438,2026-06-23,Northeast,East,Mid-Market,False,0.0
OPP-001439,2026-06-23,Southeast,East,SMB,False,0.0
OPP-001440,2026-06-23,Southeast,East,SMB,False,0.0
OPP-001441,2026-06-23,Southeast,East,SMB,False,0.0
OPP-001442,2026-06-23,Southeast,East,Mid-Market,False,0.0
OPP-001443,2026-06-23,Southeast,East,SMB,False,0.0
OPP-001444,2026-06-23,Southeast,East,Mid-Market,False,0.0
OPP-001445,2026-06-23,Southeast,East,SMB,False,0.0
OPP-001446,2026-06-23,Southeast,East,SMB,False,0.0
OPP-001447,2026-06-23,Southeast,East,Mid-Market,False,0.0
OPP-001448,2026-06-23,Southeast,East,Mid-Market,False,0.0
OPP-001449,2026-06-23,Southeast,East,Mid-Market,True,1195.99
OPP-001450,2026-06-23,Southeast,East,SMB,True,813.98
OPP-001451,2026-06-23,Southeast,East,SMB,False,0.0
OPP-001452,2026-06-23,Southeast,East,Mid-Market,False,0.0
OPP-001453,2026-06-23,Southeast,East,Enterprise,False,0.0
OPP-001454,2026-06-23,Southeast,East,SMB,False,0.0
OPP-001455,2026-06-23,Southeast,East,SMB,True,844.53
OPP-001456,2026-06-23,Southeast,East,SMB,False,0.0
OPP-001457,2026-06-23,Southeast,East,SMB,True,647.52
OPP-001458,2026-06-23,Southeast,East,Mid-Market,False,0.0
OPP-001459,2026-06-23,Southeast,East,Mid-Market,False,0.0
OPP-001460,2026-06-23,Southeast,East,Mid-Market,True,2812.8
OPP-001461,2026-06-23,Southeast,East,Mid-Market,False,0.0
OPP-001462,2026-06-23,Northwest,West,SMB,False,0.0
OPP-001463,2026-06-23,Northwest,West,Enterprise,False,0.0
OPP-001464,2026-06-23,Northwest,West,Mid-Market,False,0.0
OPP-001465,2026-06-23,Northwest,West,Mid-Market,False,0.0
OPP-001466,2026-06-23,Northwest,West,Mid-Market,False,0.0
OPP-001467,2026-06-23,Northwest,West,Mid-Market,True,1082.45
OPP-001468,2026-06-23,Northwest,West,SMB,False,0.0
OPP-001469,2026-06-23,Northwest,West,Mid-Market,True,1050.1
OPP-001470,2026-06-23,Northwest,West,Mid-Market,False,0.0
OPP-001471,2026-06-23,Northwest,West,SMB,True,541.31
OPP-001472,2026-06-23,Northwest,West,SMB,False,0.0
OPP-001473,2026-06-23,Northwest,West,SMB,True,1275.77
OPP-001474,2026-06-23,Northwest,West,Mid-Market,True,2628.88
OPP-001475,2026-06-23,Northwest,West,SMB,True,2125.89
OPP-001476,2026-06-23,Northwest,West,SMB,False,0.0
OPP-001477,2026-06-23,Northwest,West,SMB,False,0.0
OPP-001478,2026-06-23,Northwest,West,Enterprise,False,0.0
OPP-001479,2026-06-23,Northwest,West,SMB,False,0.0
OPP-001480,2026-06-23,Northwest,West,SMB,False,0.0
OPP-001481,2026-06-23,Northwest,West,SMB,False,0.0
OPP-001482,2026-06-23,Southwest,West,SMB,False,0.0
OPP-001483,2026-06-23,Southwest,West,Mid-Market,True,2819.79
OPP-001484,2026-06-23,Southwest,West,SMB,False,0.0
OPP-001485,2026-06-23,Southwest,West,SMB,True,1295.79
OPP-001486,2026-06-23,Southwest,West,SMB,False,0.0
OPP-001487,2026-06-23,Southwest,West,Mid-Market,True,2938.54
OPP-001488,2026-06-23,Southwest,West,SMB,True,1036.75
OPP-001489,2026-06-23,Southwest,West,Mid-Market,False,0.0
OPP-001490,2026-06-23,Southwest,West,SMB,False,0.0
OPP-001491,2026-06-23,Southwest,West,SMB,True,439.21
OPP-001492,2026-06-23,Southwest,West,SMB,False,0.0
OPP-001493,2026-06-23,Southwest,West,SMB,False,0.0
OPP-001494,2026-06-23,Southwest,West,SMB,False,0.0
OPP-001495,2026-06-23,Southwest,West,Enterprise,False,0.0
OPP-001496,2026-06-23,Southwest,West,Mid-Market,False,0.0
OPP-001497,2026-06-23,Southwest,West,Mid-Market,False,0.0
OPP-001498,2026-06-23,Southwest,West,SMB,False,0.0
OPP-001499,2026-06-23,Southwest,West,SMB,False,0.0
OPP-001500,2026-06-23,Southwest,West,SMB,True,599.62
OPP-001501,2026-06-23,Southwest,West,SMB,True,520.87
OPP-001502,2026-06-24,Northeast,East,Mid-Market,True,2950.74
OPP-001503,2026-06-24,Northeast,East,SMB,True,1233.74
OPP-001504,2026-06-24,Northeast,East,SMB,False,0.0
OPP-001505,2026-06-24,Northeast,East,SMB,False,0.0
OPP-001506,2026-06-24,Northeast,East,SMB,False,0.0
OPP-001507,2026-06-24,Northeast,East,SMB,False,0.0
OPP-001508,2026-06-24,Northeast,East,SMB,False,0.0
OPP-001509,2026-06-24,Northeast,East,Mid-Market,True,2185.59
OPP-001510,2026-06-24,Northeast,East,SMB,False,0.0
OPP-001511,2026-06-24,Northeast,East,SMB,False,0.0
OPP-001512,2026-06-24,Northeast,East,SMB,True,672.17
OPP-001513,2026-06-24,Northeast,East,Enterprise,True,6696.12
OPP-001514,2026-06-24,Northeast,East,SMB,False,0.0
OPP-001515,2026-06-24,Northeast,East,SMB,True,1242.81
OPP-001516,2026-06-24,Southeast,East,Enterprise,False,0.0
OPP-001517,2026-06-24,Southeast,East,SMB,True,881.19
OPP-001518,2026-06-24,Southeast,East,Mid-Market,False,0.0
OPP-001519,2026-06-24,Southeast,East,SMB,True,1126.87
OPP-001520,2026-06-24,Southeast,East,Enterprise,True,5375.0
OPP-001521,2026-06-24,Southeast,East,SMB,False,0.0
OPP-001522,2026-06-24,Southeast,East,SMB,False,0.0
OPP-001523,2026-06-24,Southeast,East,Mid-Market,False,0.0
OPP-001524,2026-06-24,Southeast,East,SMB,False,0.0
OPP-001525,2026-06-24,Southeast,East,SMB,False,0.0
OPP-001526,2026-06-24,Southeast,East,Mid-Market,False,0.0
OPP-001527,2026-06-24,Southeast,East,Mid-Market,False,0.0
OPP-001528,2026-06-24,Southeast,East,SMB,False,0.0
OPP-001529,2026-06-24,Southeast,East,SMB,True,1999.15
OPP-001530,2026-06-24,Southeast,East,SMB,False,0.0
OPP-001531,2026-06-24,Southeast,East,SMB,False,0.0
OPP-001532,2026-06-24,Northwest,West,Mid-Market,False,0.0
OPP-001533,2026-06-24,Northwest,West,SMB,False,0.0
OPP-001534,2026-06-24,Northwest,West,SMB,False,0.0
OPP-001535,2026-06-24,Northwest,West,SMB,False,0.0
OPP-001536,2026-06-24,Northwest,West,Mid-Market,False,0.0
OPP-001537,2026-06-24,Northwest,West,SMB,False,0.0
OPP-001538,2026-06-24,Northwest,West,SMB,False,0.0
OPP-001539,2026-06-24,Northwest,West,SMB,True,404.26
OPP-001540,2026-06-24,Northwest,West,Enterprise,False,0.0
OPP-001541,2026-06-24,Northwest,West,SMB,False,0.0
OPP-001542,2026-06-24,Northwest,West,SMB,True,1805.75
OPP-001543,2026-06-24,Northwest,West,SMB,True,558.34
OPP-001544,2026-06-24,Northwest,West,Mid-Market,False,0.0
OPP-001545,2026-06-24,Northwest,West,SMB,False,0.0
OPP-001546,2026-06-24,Northwest,West,SMB,False,0.0
OPP-001547,2026-06-24,Northwest,West,Mid-Market,False,0.0
OPP-001548,2026-06-24,Northwest,West,Mid-Market,False,0.0
OPP-001549,2026-06-24,Northwest,West,Mid-Market,False,0.0
OPP-001550,2026-06-24,Northwest,West,SMB,True,1229.68
OPP-001551,2026-06-24,Northwest,West,SMB,True,1341.43
OPP-001552,2026-06-24,Northwest,West,SMB,False,0.0
OPP-001553,2026-06-24,Northwest,West,Enterprise,False,0.0
OPP-001554,2026-06-24,Northwest,West,SMB,False,0.0
OPP-001555,2026-06-24,Southwest,West,SMB,False,0.0
OPP-001556,2026-06-24,Southwest,West,SMB,False,0.0
OPP-001557,2026-06-24,Southwest,West,Mid-Market,False,0.0
OPP-001558,2026-06-24,Southwest,West,Mid-Market,False,0.0
OPP-001559,2026-06-24,Southwest,West,SMB,True,1391.39
OPP-001560,2026-06-24,Southwest,West,SMB,True,843.2
OPP-001561,2026-06-24,Southwest,West,Mid-Market,False,0.0
OPP-001562,2026-06-24,Southwest,West,SMB,False,0.0
OPP-001563,2026-06-24,Southwest,West,SMB,False,0.0
OPP-001564,2026-06-24,Southwest,West,SMB,False,0.0
OPP-001565,2026-06-24,Southwest,West,Mid-Market,False,0.0
OPP-001566,2026-06-24,Southwest,West,SMB,False,0.0
OPP-001567,2026-06-24,Southwest,West,SMB,False,0.0
OPP-001568,2026-06-24,Southwest,West,Mid-Market,False,0.0
OPP-001569,2026-06-24,Southwest,West,SMB,False,0.0
OPP-001570,2026-06-24,Southwest,West,Mid-Market,False,0.0
OPP-001571,2026-06-24,Southwest,West,SMB,False,0.0
OPP-001572,2026-06-25,Northeast,East,SMB,False,0.0
OPP-001573,2026-06-25,Northeast,East,SMB,True,1170.12
OPP-001574,2026-06-25,Northeast,East,SMB,True,610.92
OPP-001575,2026-06-25,Northeast,East,Enterprise,True,8258.0
OPP-001576,2026-06-25,Northeast,East,SMB,False,0.0
OPP-001577,2026-06-25,Northeast,East,SMB,False,0.0
OPP-001578,2026-06-25,Northeast,East,SMB,False,0.0
OPP-001579,2026-06-25,Northeast,East,SMB,True,536.62
OPP-001580,2026-06-25,Northeast,East,SMB,True,1358.72
OPP-001581,2026-06-25,Northeast,East,SMB,True,588.63
OPP-001582,2026-06-25,Northeast,East,Mid-Market,True,2312.84
OPP-001583,2026-06-25,Northeast,East,SMB,False,0.0
OPP-001584,2026-06-25,Northeast,East,Mid-Market,False,0.0
OPP-001585,2026-06-25,Southeast,East,SMB,False,0.0
OPP-001586,2026-06-25,Southeast,East,SMB,True,1140.85
OPP-001587,2026-06-25,Southeast,East,SMB,True,733.34
OPP-001588,2026-06-25,Southeast,East,SMB,False,0.0
OPP-001589,2026-06-25,Southeast,East,Mid-Market,True,4823.21
OPP-001590,2026-06-25,Southeast,East,SMB,True,557.67
OPP-001591,2026-06-25,Southeast,East,Mid-Market,False,0.0
OPP-001592,2026-06-25,Southeast,East,SMB,False,0.0
OPP-001593,2026-06-25,Southeast,East,SMB,False,0.0
OPP-001594,2026-06-25,Southeast,East,SMB,False,0.0
OPP-001595,2026-06-25,Southeast,East,Mid-Market,True,714.75
OPP-001596,2026-06-25,Southeast,East,SMB,True,398.79
OPP-001597,2026-06-25,Southeast,East,SMB,False,0.0
OPP-001598,2026-06-25,Northwest,West,Mid-Market,False,0.0
OPP-001599,2026-06-25,Northwest,West,Mid-Market,True,3248.62
OPP-001600,2026-06-25,Northwest,West,Enterprise,False,0.0
OPP-001601,2026-06-25,Northwest,West,SMB,False,0.0
OPP-001602,2026-06-25,Northwest,West,Mid-Market,True,1730.11
OPP-001603,2026-06-25,Northwest,West,SMB,False,0.0
OPP-001604,2026-06-25,Northwest,West,SMB,False,0.0
OPP-001605,2026-06-25,Northwest,West,Mid-Market,False,0.0
OPP-001606,2026-06-25,Northwest,West,SMB,False,0.0
OPP-001607,2026-06-25,Northwest,West,SMB,False,0.0
OPP-001608,2026-06-25,Northwest,West,SMB,False,0.0
OPP-001609,2026-06-25,Northwest,West,SMB,False,0.0
OPP-001610,2026-06-25,Northwest,West,SMB,False,0.0
OPP-001611,2026-06-25,Northwest,West,Mid-Market,True,10012.35
OPP-001612,2026-06-25,Northwest,West,SMB,True,1121.77
OPP-001613,2026-06-25,Northwest,West,SMB,False,0.0
OPP-001614,2026-06-25,Southwest,West,SMB,False,0.0
OPP-001615,2026-06-25,Southwest,West,SMB,False,0.0
OPP-001616,2026-06-25,Southwest,West,SMB,False,0.0
OPP-001617,2026-06-25,Southwest,West,Mid-Market,False,0.0
OPP-001618,2026-06-25,Southwest,West,SMB,True,952.22
OPP-001619,2026-06-25,Southwest,West,Enterprise,False,0.0
OPP-001620,2026-06-25,Southwest,West,SMB,False,0.0
OPP-001621,2026-06-25,Southwest,West,Mid-Market,False,0.0
OPP-001622,2026-06-25,Southwest,West,SMB,False,0.0
OPP-001623,2026-06-25,Southwest,West,Mid-Market,False,0.0
OPP-001624,2026-06-25,Southwest,West,Mid-Market,False,0.0
OPP-001625,2026-06-25,Southwest,West,SMB,False,0.0
OPP-001626,2026-06-25,Southwest,West,SMB,False,0.0
OPP-001627,2026-06-25,Southwest,West,SMB,False,0.0
OPP-001628,2026-06-25,Southwest,West,SMB,False,0.0
OPP-001629,2026-06-25,Southwest,West,Mid-Market,False,0.0
OPP-001630,2026-06-25,Southwest,West,SMB,False,0.0
OPP-001631,2026-06-25,Southwest,West,Mid-Market,False,0.0
OPP-001632,2026-06-25,Southwest,West,Mid-Market,False,0.0
OPP-001633,2026-06-25,Southwest,West,Enterprise,False,0.0
OPP-001634,2026-06-26,Northeast,East,Mid-Market,False,0.0
OPP-001635,2026-06-26,Northeast,East,SMB,False,0.0
OPP-001636,2026-06-26,Northeast,East,Enterprise,True,6623.05
OPP-001637,2026-06-26,Northeast,East,SMB,False,0.0
OPP-001638,2026-06-26,Northeast,East,Mid-Market,False,0.0
OPP-001639,2026-06-26,Northeast,East,SMB,False,0.0
OPP-001640,2026-06-26,Northeast,East,SMB,False,0.0
OPP-001641,2026-06-26,Northeast,East,Mid-Market,False,0.0
OPP-001642,2026-06-26,Northeast,East,SMB,False,0.0
OPP-001643,2026-06-26,Northeast,East,SMB,False,0.0
OPP-001644,2026-06-26,Northeast,East,SMB,False,0.0
OPP-001645,2026-06-26,Northeast,East,Mid-Market,False,0.0
OPP-001646,2026-06-26,Northeast,East,SMB,True,946.58
OPP-001647,2026-06-26,Northeast,East,SMB,True,1063.1
OPP-001648,2026-06-26,Northeast,East,SMB,False,0.0
OPP-001649,2026-06-26,Northeast,East,Enterprise,False,0.0
OPP-001650,2026-06-26,Northeast,East,SMB,False,0.0
OPP-001651,2026-06-26,Northeast,East,SMB,False,0.0
OPP-001652,2026-06-26,Northeast,East,Mid-Market,False,0.0
OPP-001653,2026-06-26,Southeast,East,SMB,True,2067.59
OPP-001654,2026-06-26,Southeast,East,SMB,False,0.0
OPP-001655,2026-06-26,Southeast,East,Mid-Market,True,2973.7
OPP-001656,2026-06-26,Southeast,East,SMB,False,0.0
OPP-001657,2026-06-26,Southeast,East,Mid-Market,True,5768.26
OPP-001658,2026-06-26,Southeast,East,Enterprise,True,8386.33
OPP-001659,2026-06-26,Southeast,East,SMB,False,0.0
OPP-001660,2026-06-26,Southeast,East,Mid-Market,False,0.0
OPP-001661,2026-06-26,Southeast,East,Enterprise,True,8609.61
OPP-001662,2026-06-26,Southeast,East,Mid-Market,False,0.0
OPP-001663,2026-06-26,Southeast,East,SMB,False,0.0
OPP-001664,2026-06-26,Southeast,East,SMB,False,0.0
OPP-001665,2026-06-26,Southeast,East,SMB,False,0.0
OPP-001666,2026-06-26,Southeast,East,SMB,False,0.0
OPP-001667,2026-06-26,Northwest,West,SMB,False,0.0
OPP-001668,2026-06-26,Northwest,West,Mid-Market,True,3658.59
OPP-001669,2026-06-26,Northwest,West,Enterprise,False,0.0
OPP-001670,2026-06-26,Northwest,West,Mid-Market,False,0.0
OPP-001671,2026-06-26,Northwest,West,SMB,False,0.0
OPP-001672,2026-06-26,Northwest,West,SMB,False,0.0
OPP-001673,2026-06-26,Northwest,West,Mid-Market,False,0.0
OPP-001674,2026-06-26,Northwest,West,Enterprise,True,9258.48
OPP-001675,2026-06-26,Northwest,West,Mid-Market,True,2980.81
OPP-001676,2026-06-26,Northwest,West,Mid-Market,True,1613.56
OPP-001677,2026-06-26,Northwest,West,Mid-Market,True,2995.91
OPP-001678,2026-06-26,Northwest,West,Mid-Market,False,0.0
OPP-001679,2026-06-26,Northwest,West,SMB,True,342.76
OPP-001680,2026-06-26,Northwest,West,SMB,False,0.0
OPP-001681,2026-06-26,Northwest,West,SMB,False,0.0
OPP-001682,2026-06-26,Northwest,West,SMB,False,0.0
OPP-001683,2026-06-26,Northwest,West,SMB,True,1327.94
OPP-001684,2026-06-26,Northwest,West,SMB,False,0.0
OPP-001685,2026-06-26,Northwest,West,SMB,True,355.68
OPP-001686,2026-06-26,Northwest,West,Enterprise,False,0.0
OPP-001687,2026-06-26,Northwest,West,SMB,False,0.0
OPP-001688,2026-06-26,Northwest,West,Mid-Market,False,0.0
OPP-001689,2026-06-26,Northwest,West,Mid-Market,False,0.0
OPP-001690,2026-06-26,Southwest,West,SMB,False,0.0
OPP-001691,2026-06-26,Southwest,West,SMB,False,0.0
OPP-001692,2026-06-26,Southwest,West,SMB,True,641.89
OPP-001693,2026-06-26,Southwest,West,SMB,False,0.0
OPP-001694,2026-06-26,Southwest,West,Mid-Market,False,0.0
OPP-001695,2026-06-26,Southwest,West,SMB,False,0.0
OPP-001696,2026-06-26,Southwest,West,Mid-Market,False,0.0
OPP-001697,2026-06-26,Southwest,West,SMB,False,0.0
OPP-001698,2026-06-26,Southwest,West,SMB,False,0.0
OPP-001699,2026-06-26,Southwest,West,SMB,False,0.0
OPP-001700,2026-06-26,Southwest,West,SMB,False,0.0
OPP-001701,2026-06-26,Southwest,West,SMB,True,1749.74
OPP-001702,2026-06-26,Southwest,West,SMB,False,0.0
OPP-001703,2026-06-26,Southwest,West,Mid-Market,False,0.0
OPP-001704,2026-06-27,Northeast,East,SMB,False,0.0
OPP-001705,2026-06-27,Northeast,East,Mid-Market,False,0.0
OPP-001706,2026-06-27,Northeast,East,Mid-Market,False,0.0
OPP-001707,2026-06-27,Northeast,East,SMB,False,0.0
OPP-001708,2026-06-27,Northeast,East,Mid-Market,False,0.0
OPP-001709,2026-06-27,Northeast,East,SMB,False,0.0
OPP-001710,2026-06-27,Northeast,East,SMB,False,0.0
OPP-001711,2026-06-27,Northeast,East,SMB,False,0.0
OPP-001712,2026-06-27,Southeast,East,SMB,False,0.0
OPP-001713,2026-06-27,Southeast,East,Mid-Market,False,0.0
OPP-001714,2026-06-27,Southeast,East,SMB,False,0.0
OPP-001715,2026-06-27,Southeast,East,SMB,False,0.0
OPP-001716,2026-06-27,Southeast,East,SMB,False,0.0
OPP-001717,2026-06-27,Southeast,East,Mid-Market,False,0.0
OPP-001718,2026-06-27,Southeast,East,SMB,False,0.0
OPP-001719,2026-06-27,Southeast,East,SMB,False,0.0
OPP-001720,2026-06-27,Southeast,East,SMB,False,0.0
OPP-001721,2026-06-27,Southeast,East,SMB,True,521.28
OPP-001722,2026-06-27,Southeast,East,Mid-Market,True,1919.22
OPP-001723,2026-06-27,Northwest,West,SMB,True,847.8
OPP-001724,2026-06-27,Northwest,West,SMB,False,0.0
OPP-001725,2026-06-27,Northwest,West,Enterprise,True,5236.21
OPP-001726,2026-06-27,Northwest,West,Mid-Market,False,0.0
OPP-001727,2026-06-27,Northwest,West,SMB,False,0.0
OPP-001728,2026-06-27,Northwest,West,Mid-Market,False,0.0
OPP-001729,2026-06-27,Northwest,West,Enterprise,False,0.0
OPP-001730,2026-06-27,Southwest,West,SMB,False,0.0
OPP-001731,2026-06-27,Southwest,West,Mid-Market,False,0.0
OPP-001732,2026-06-27,Southwest,West,SMB,False,0.0
OPP-001733,2026-06-27,Southwest,West,Mid-Market,False,0.0
OPP-001734,2026-06-27,Southwest,West,SMB,False,0.0
OPP-001735,2026-06-27,Southwest,West,SMB,False,0.0
OPP-001736,2026-06-27,Southwest,West,SMB,False,0.0
OPP-001737,2026-06-27,Southwest,West,Enterprise,False,0.0
OPP-001738,2026-06-27,Southwest,West,SMB,False,0.0
OPP-001739,2026-06-27,Southwest,West,SMB,True,571.64
OPP-001740,2026-06-27,Southwest,West,SMB,False,0.0
OPP-001741,2026-06-28,Northeast,East,Mid-Market,False,0.0
OPP-001742,2026-06-28,Northeast,East,SMB,True,1216.07
OPP-001743,2026-06-28,Northeast,East,SMB,False,0.0
OPP-001744,2026-06-28,Northeast,East,SMB,False,0.0
OPP-001745,2026-06-28,Northeast,East,SMB,False,0.0
OPP-001746,2026-06-28,Northeast,East,SMB,True,1209.46
OPP-001747,2026-06-28,Northeast,East,SMB,False,0.0
OPP-001748,2026-06-28,Northeast,East,SMB,False,0.0
OPP-001749,2026-06-28,Northeast,East,SMB,True,312.26
OPP-001750,2026-06-28,Northeast,East,Mid-Market,True,2688.24
OPP-001751,2026-06-28,Northeast,East,SMB,False,0.0
OPP-001752,2026-06-28,Northeast,East,SMB,False,0.0
OPP-001753,2026-06-28,Southeast,East,SMB,True,643.07
OPP-001754,2026-06-28,Southeast,East,SMB,False,0.0
OPP-001755,2026-06-28,Southeast,East,SMB,False,0.0
OPP-001756,2026-06-28,Southeast,East,SMB,False,0.0
OPP-001757,2026-06-28,Southeast,East,SMB,False,0.0
OPP-001758,2026-06-28,Southeast,East,Mid-Market,False,0.0
OPP-001759,2026-06-28,Southeast,East,Mid-Market,True,3191.06
OPP-001760,2026-06-28,Southeast,East,SMB,True,835.79
OPP-001761,2026-06-28,Southeast,East,Mid-Market,True,2549.66
OPP-001762,2026-06-28,Northwest,West,SMB,False,0.0
OPP-001763,2026-06-28,Northwest,West,SMB,False,0.0
OPP-001764,2026-06-28,Northwest,West,Mid-Market,False,0.0
OPP-001765,2026-06-28,Northwest,West,Mid-Market,False,0.0
OPP-001766,2026-06-28,Northwest,West,SMB,False,0.0
OPP-001767,2026-06-28,Northwest,West,SMB,False,0.0
OPP-001768,2026-06-28,Northwest,West,SMB,True,639.35
OPP-001769,2026-06-28,Northwest,West,Mid-Market,False,0.0
OPP-001770,2026-06-28,Northwest,West,SMB,False,0.0
OPP-001771,2026-06-28,Northwest,West,Mid-Market,False,0.0
OPP-001772,2026-06-28,Northwest,West,SMB,False,0.0
OPP-001773,2026-06-28,Northwest,West,Enterprise,True,3968.09
OPP-001774,2026-06-28,Northwest,West,Mid-Market,True,4754.13
OPP-001775,2026-06-28,Northwest,West,Mid-Market,True,2839.65
OPP-001776,2026-06-28,Southwest,West,SMB,False,0.0
OPP-001777,2026-06-28,Southwest,West,Mid-Market,False,0.0
OPP-001778,2026-06-28,Southwest,West,Enterprise,False,0.0
OPP-001779,2026-06-28,Southwest,West,SMB,False,0.0
OPP-001780,2026-06-28,Southwest,West,Mid-Market,True,5111.35
OPP-001781,2026-06-28,Southwest,West,SMB,True,912.61
OPP-001782,2026-06-28,Southwest,West,SMB,True,781.26
OPP-001783,2026-06-28,Southwest,West,Mid-Market,False,0.0
OPP-001784,2026-06-28,Southwest,West,SMB,False,0.0
OPP-001785,2026-06-29,Northeast,East,Mid-Market,True,1883.65
OPP-001786,2026-06-29,Northeast,East,SMB,False,0.0
OPP-001787,2026-06-29,Northeast,East,SMB,False,0.0
OPP-001788,2026-06-29,Northeast,East,Enterprise,False,0.0
OPP-001789,2026-06-29,Northeast,East,Mid-Market,False,0.0
OPP-001790,2026-06-29,Northeast,East,Mid-Market,False,0.0
OPP-001791,2026-06-29,Northeast,East,Mid-Market,False,0.0
OPP-001792,2026-06-29,Northeast,East,SMB,True,625.06
OPP-001793,2026-06-29,Northeast,East,Enterprise,False,0.0
OPP-001794,2026-06-29,Northeast,East,SMB,True,811.61
OPP-001795,2026-06-29,Northeast,East,SMB,False,0.0
OPP-001796,2026-06-29,Northeast,East,SMB,False,0.0
OPP-001797,2026-06-29,Northeast,East,SMB,False,0.0
OPP-001798,2026-06-29,Northeast,East,SMB,True,1018.7
OPP-001799,2026-06-29,Northeast,East,Enterprise,False,0.0
OPP-001800,2026-06-29,Northeast,East,SMB,False,0.0
OPP-001801,2026-06-29,Northeast,East,SMB,False,0.0
OPP-001802,2026-06-29,Northeast,East,Mid-Market,False,0.0
OPP-001803,2026-06-29,Northeast,East,Mid-Market,False,0.0
OPP-001804,2026-06-29,Northeast,East,SMB,True,1426.69
OPP-001805,2026-06-29,Northeast,East,Mid-Market,True,2160.32
OPP-001806,2026-06-29,Northeast,East,SMB,False,0.0
OPP-001807,2026-06-29,Northeast,East,Enterprise,False,0.0
OPP-001808,2026-06-29,Northeast,East,Mid-Market,False,0.0
OPP-001809,2026-06-29,Northeast,East,Mid-Market,True,2652.22
OPP-001810,2026-06-29,Southeast,East,Mid-Market,False,0.0
OPP-001811,2026-06-29,Southeast,East,SMB,False,0.0
OPP-001812,2026-06-29,Southeast,East,Mid-Market,True,2608.65
OPP-001813,2026-06-29,Southeast,East,Enterprise,False,0.0
OPP-001814,2026-06-29,Southeast,East,SMB,False,0.0
OPP-001815,2026-06-29,Southeast,East,SMB,False,0.0
OPP-001816,2026-06-29,Southeast,East,SMB,False,0.0
OPP-001817,2026-06-29,Southeast,East,Mid-Market,False,0.0
OPP-001818,2026-06-29,Southeast,East,Mid-Market,False,0.0
OPP-001819,2026-06-29,Southeast,East,Mid-Market,True,2267.64
OPP-001820,2026-06-29,Southeast,East,Mid-Market,True,1239.74
OPP-001821,2026-06-29,Southeast,East,Mid-Market,False,0.0
OPP-001822,2026-06-29,Southeast,East,SMB,False,0.0
OPP-001823,2026-06-29,Southeast,East,SMB,False,0.0
OPP-001824,2026-06-29,Southeast,East,Mid-Market,False,0.0
OPP-001825,2026-06-29,Southeast,East,SMB,False,0.0
OPP-001826,2026-06-29,Southeast,East,SMB,False,0.0
OPP-001827,2026-06-29,Southeast,East,SMB,False,0.0
OPP-001828,2026-06-29,Southeast,East,Mid-Market,False,0.0
OPP-001829,2026-06-29,Southeast,East,SMB,False,0.0
OPP-001830,2026-06-29,Southeast,East,Mid-Market,False,0.0
OPP-001831,2026-06-29,Southeast,East,SMB,False,0.0
OPP-001832,2026-06-29,Northwest,West,SMB,False,0.0
OPP-001833,2026-06-29,Northwest,West,SMB,False,0.0
OPP-001834,2026-06-29,Northwest,West,SMB,False,0.0
OPP-001835,2026-06-29,Northwest,West,Mid-Market,False,0.0
OPP-001836,2026-06-29,Northwest,West,SMB,False,0.0
OPP-001837,2026-06-29,Northwest,West,Mid-Market,True,8266.05
OPP-001838,2026-06-29,Northwest,West,SMB,False,0.0
OPP-001839,2026-06-29,Northwest,West,SMB,False,0.0
OPP-001840,2026-06-29,Northwest,West,SMB,False,0.0
OPP-001841,2026-06-29,Northwest,West,SMB,False,0.0
OPP-001842,2026-06-29,Northwest,West,SMB,False,0.0
OPP-001843,2026-06-29,Northwest,West,Mid-Market,True,1204.18
OPP-001844,2026-06-29,Northwest,West,SMB,False,0.0
OPP-001845,2026-06-29,Northwest,West,Mid-Market,False,0.0
OPP-001846,2026-06-29,Northwest,West,SMB,True,866.37
OPP-001847,2026-06-29,Northwest,West,SMB,False,0.0
OPP-001848,2026-06-29,Northwest,West,SMB,True,381.25
OPP-001849,2026-06-29,Northwest,West,SMB,False,0.0
OPP-001850,2026-06-29,Northwest,West,SMB,False,0.0
OPP-001851,2026-06-29,Northwest,West,SMB,False,0.0
OPP-001852,2026-06-29,Northwest,West,Enterprise,False,0.0
OPP-001853,2026-06-29,Northwest,West,SMB,False,0.0
OPP-001854,2026-06-29,Northwest,West,SMB,False,0.0
OPP-001855,2026-06-29,Northwest,West,SMB,False,0.0
OPP-001856,2026-06-29,Southwest,West,Mid-Market,True,560.79
OPP-001857,2026-06-29,Southwest,West,SMB,False,0.0
OPP-001858,2026-06-29,Southwest,West,Mid-Market,True,2223.69
OPP-001859,2026-06-29,Southwest,West,Mid-Market,True,5467.97
OPP-001860,2026-06-29,Southwest,West,Mid-Market,False,0.0
OPP-001861,2026-06-29,Southwest,West,SMB,False,0.0
OPP-001862,2026-06-29,Southwest,West,Enterprise,True,22564.96
OPP-001863,2026-06-29,Southwest,West,SMB,False,0.0
OPP-001864,2026-06-29,Southwest,West,SMB,False,0.0
OPP-001865,2026-06-29,Southwest,West,Mid-Market,False,0.0
OPP-001866,2026-06-29,Southwest,West,SMB,False,0.0
OPP-001867,2026-06-29,Southwest,West,SMB,False,0.0
OPP-001868,2026-06-29,Southwest,West,SMB,False,0.0
OPP-001869,2026-06-29,Southwest,West,SMB,False,0.0
OPP-001870,2026-06-29,Southwest,West,Mid-Market,False,0.0
OPP-001871,2026-06-29,Southwest,West,SMB,False,0.0
OPP-001872,2026-06-29,Southwest,West,SMB,False,0.0
OPP-001873,2026-06-29,Southwest,West,SMB,False,0.0
OPP-001874,2026-06-30,Northeast,East,SMB,True,687.96
OPP-001875,2026-06-30,Northeast,East,Mid-Market,False,0.0
OPP-001876,2026-06-30,Northeast,East,SMB,False,0.0
OPP-001877,2026-06-30,Northeast,East,SMB,False,0.0
OPP-001878,2026-06-30,Northeast,East,SMB,True,539.3
OPP-001879,2026-06-30,Northeast,East,Mid-Market,False,0.0
OPP-001880,2026-06-30,Northeast,East,SMB,False,0.0
OPP-001881,2026-06-30,Northeast,East,SMB,False,0.0
OPP-001882,2026-06-30,Northeast,East,Mid-Market,False,0.0
OPP-001883,2026-06-30,Northeast,East,SMB,False,0.0
OPP-001884,2026-06-30,Northeast,East,SMB,False,0.0
OPP-001885,2026-06-30,Northeast,East,SMB,True,363.06
OPP-001886,2026-06-30,Northeast,East,Mid-Market,False,0.0
OPP-001887,2026-06-30,Northeast,East,Mid-Market,True,2040.29
OPP-001888,2026-06-30,Northeast,East,Mid-Market,False,0.0
OPP-001889,2026-06-30,Southeast,East,Enterprise,False,0.0
OPP-001890,2026-06-30,Southeast,East,SMB,False,0.0
OPP-001891,2026-06-30,Southeast,East,SMB,False,0.0
OPP-001892,2026-06-30,Southeast,East,Mid-Market,True,2586.82
OPP-001893,2026-06-30,Southeast,East,Mid-Market,False,0.0
OPP-001894,2026-06-30,Southeast,East,Mid-Market,False,0.0
OPP-001895,2026-06-30,Southeast,East,SMB,False,0.0
OPP-001896,2026-06-30,Southeast,East,Enterprise,False,0.0
OPP-001897,2026-06-30,Southeast,East,SMB,False,0.0
OPP-001898,2026-06-30,Southeast,East,Enterprise,False,0.0
OPP-001899,2026-06-30,Southeast,East,SMB,False,0.0
OPP-001900,2026-06-30,Southeast,East,SMB,False,0.0
OPP-001901,2026-06-30,Southeast,East,Mid-Market,False,0.0
OPP-001902,2026-06-30,Southeast,East,SMB,False,0.0
OPP-001903,2026-06-30,Southeast,East,SMB,True,1056.19
OPP-001904,2026-06-30,Southeast,East,SMB,True,746.86
OPP-001905,2026-06-30,Northwest,West,SMB,False,0.0
OPP-001906,2026-06-30,Northwest,West,SMB,False,0.0
OPP-001907,2026-06-30,Northwest,West,SMB,True,635.28
OPP-001908,2026-06-30,Northwest,West,Enterprise,False,0.0
OPP-001909,2026-06-30,Northwest,West,Mid-Market,False,0.0
OPP-001910,2026-06-30,Northwest,West,Mid-Market,True,3697.45
OPP-001911,2026-06-30,Northwest,West,SMB,False,0.0
OPP-001912,2026-06-30,Northwest,West,Enterprise,True,6478.06
OPP-001913,2026-06-30,Northwest,West,SMB,False,0.0
OPP-001914,2026-06-30,Northwest,West,SMB,True,1450.03
OPP-001915,2026-06-30,Northwest,West,Enterprise,False,0.0
OPP-001916,2026-06-30,Northwest,West,SMB,False,0.0
OPP-001917,2026-06-30,Northwest,West,SMB,False,0.0
OPP-001918,2026-06-30,Northwest,West,Mid-Market,True,2417.06
OPP-001919,2026-06-30,Northwest,West,SMB,False,0.0
OPP-001920,2026-06-30,Northwest,West,SMB,False,0.0
OPP-001921,2026-06-30,Northwest,West,SMB,False,0.0
OPP-001922,2026-06-30,Northwest,West,SMB,False,0.0
OPP-001923,2026-06-30,Northwest,West,SMB,True,793.25
OPP-001924,2026-06-30,Northwest,West,Mid-Market,False,0.0
OPP-001925,2026-06-30,Northwest,West,Mid-Market,False,0.0
OPP-001926,2026-06-30,Northwest,West,SMB,False,0.0
OPP-001927,2026-06-30,Northwest,West,SMB,False,0.0
OPP-001928,2026-06-30,Southwest,West,SMB,False,0.0
OPP-001929,2026-06-30,Southwest,West,Enterprise,True,9394.69
OPP-001930,2026-06-30,Southwest,West,SMB,True,622.53
OPP-001931,2026-06-30,Southwest,West,Mid-Market,False,0.0
OPP-001932,2026-06-30,Southwest,West,SMB,False,0.0
OPP-001933,2026-06-30,Southwest,West,SMB,False,0.0
OPP-001934,2026-06-30,Southwest,West,SMB,True,371.44
OPP-001935,2026-06-30,Southwest,West,Mid-Market,True,744.61
OPP-001936,2026-06-30,Southwest,West,SMB,False,0.0
OPP-001937,2026-06-30,Southwest,West,SMB,False,0.0
OPP-001938,2026-06-30,Southwest,West,SMB,True,305.61
OPP-001939,2026-06-30,Southwest,West,SMB,False,0.0
OPP-001940,2026-06-30,Southwest,West,SMB,True,774.48
OPP-001941,2026-06-30,Southwest,West,SMB,True,1207.71
OPP-001942,2026-06-30,Southwest,West,Mid-Market,False,0.0
OPP-001943,2026-06-30,Southwest,West,Enterprise,False,0.0
OPP-001944,2026-06-30,Southwest,West,SMB,False,0.0
OPP-001945,2026-06-30,Southwest,West,SMB,False,0.0
OPP-001946,2026-06-30,Southwest,West,SMB,True,897.58
OPP-001947,2026-06-30,Southwest,West,SMB,False,0.0
OPP-001948,2026-06-30,Southwest,West,SMB,False,0.0
OPP-001949,2026-06-30,Southwest,West,Mid-Market,True,2604.34
OPP-001950,2026-06-30,Southwest,West,SMB,True,662.51
OPP-001951,2026-06-30,Southwest,West,SMB,False,0.0
OPP-001952,2026-07-01,Northeast,East,SMB,True,278.61
OPP-001953,2026-07-01,Northeast,East,Mid-Market,False,0.0
OPP-001954,2026-07-01,Northeast,East,SMB,False,0.0
OPP-001955,2026-07-01,Northeast,East,SMB,False,0.0
OPP-001956,2026-07-01,Northeast,East,SMB,False,0.0
OPP-001957,2026-07-01,Northeast,East,SMB,True,438.69
OPP-001958,2026-07-01,Northeast,East,SMB,True,931.37
OPP-001959,2026-07-01,Northeast,East,Mid-Market,False,0.0
OPP-001960,2026-07-01,Northeast,East,SMB,False,0.0
OPP-001961,2026-07-01,Northeast,East,Mid-Market,False,0.0
OPP-001962,2026-07-01,Northeast,East,Mid-Market,False,0.0
OPP-001963,2026-07-01,Northeast,East,SMB,False,0.0
OPP-001964,2026-07-01,Northeast,East,SMB,False,0.0
OPP-001965,2026-07-01,Northeast,East,SMB,False,0.0
OPP-001966,2026-07-01,Northeast,East,Enterprise,True,4633.72
OPP-001967,2026-07-01,Northeast,East,SMB,False,0.0
OPP-001968,2026-07-01,Southeast,East,SMB,False,0.0
OPP-001969,2026-07-01,Southeast,East,SMB,False,0.0
OPP-001970,2026-07-01,Southeast,East,Enterprise,False,0.0
OPP-001971,2026-07-01,Southeast,East,SMB,False,0.0
OPP-001972,2026-07-01,Southeast,East,SMB,False,0.0
OPP-001973,2026-07-01,Southeast,East,Mid-Market,False,0.0
OPP-001974,2026-07-01,Southeast,East,SMB,False,0.0
OPP-001975,2026-07-01,Southeast,East,SMB,False,0.0
OPP-001976,2026-07-01,Southeast,East,Mid-Market,False,0.0
OPP-001977,2026-07-01,Southeast,East,SMB,False,0.0
OPP-001978,2026-07-01,Southeast,East,Mid-Market,False,0.0
OPP-001979,2026-07-01,Southeast,East,Mid-Market,True,1419.6
OPP-001980,2026-07-01,Southeast,East,SMB,False,0.0
OPP-001981,2026-07-01,Southeast,East,SMB,True,1235.24
OPP-001982,2026-07-01,Southeast,East,Mid-Market,False,0.0
OPP-001983,2026-07-01,Southeast,East,SMB,True,2080.68
OPP-001984,2026-07-01,Southeast,East,SMB,False,0.0
OPP-001985,2026-07-01,Southeast,East,SMB,False,0.0
OPP-001986,2026-07-01,Southeast,East,Mid-Market,True,2340.27
OPP-001987,2026-07-01,Northwest,West,SMB,False,0.0
OPP-001988,2026-07-01,Northwest,West,SMB,False,0.0
OPP-001989,2026-07-01,Northwest,West,SMB,False,0.0
OPP-001990,2026-07-01,Northwest,West,SMB,True,1174.87
OPP-001991,2026-07-01,Northwest,West,SMB,True,521.9
OPP-001992,2026-07-01,Northwest,West,SMB,True,968.51
OPP-001993,2026-07-01,Northwest,West,SMB,False,0.0
OPP-001994,2026-07-01,Northwest,West,SMB,False,0.0
OPP-001995,2026-07-01,Northwest,West,SMB,False,0.0
OPP-001996,2026-07-01,Northwest,West,SMB,False,0.0
OPP-001997,2026-07-01,Northwest,West,SMB,False,0.0
OPP-001998,2026-07-01,Northwest,West,SMB,False,0.0
OPP-001999,2026-07-01,Northwest,West,Mid-Market,False,0.0
OPP-002000,2026-07-01,Northwest,West,SMB,False,0.0
OPP-002001,2026-07-01,Northwest,West,SMB,False,0.0
OPP-002002,2026-07-01,Southwest,West,Enterprise,False,0.0
OPP-002003,2026-07-01,Southwest,West,SMB,False,0.0
OPP-002004,2026-07-01,Southwest,West,SMB,False,0.0
OPP-002005,2026-07-01,Southwest,West,SMB,False,0.0
OPP-002006,2026-07-01,Southwest,West,Enterprise,False,0.0
OPP-002007,2026-07-01,Southwest,West,SMB,False,0.0
OPP-002008,2026-07-01,Southwest,West,SMB,False,0.0
OPP-002009,2026-07-01,Southwest,West,SMB,False,0.0
OPP-002010,2026-07-01,Southwest,West,Mid-Market,True,3167.61
OPP-002011,2026-07-01,Southwest,West,SMB,False,0.0
OPP-002012,2026-07-01,Southwest,West,SMB,False,0.0
OPP-002013,2026-07-01,Southwest,West,SMB,True,1334.09
OPP-002014,2026-07-01,Southwest,West,SMB,False,0.0
OPP-002015,2026-07-02,Northeast,East,SMB,False,0.0
OPP-002016,2026-07-02,Northeast,East,SMB,False,0.0
OPP-002017,2026-07-02,Northeast,East,SMB,False,0.0
OPP-002018,2026-07-02,Northeast,East,SMB,False,0.0
OPP-002019,2026-07-02,Northeast,East,Enterprise,False,0.0
OPP-002020,2026-07-02,Northeast,East,Mid-Market,False,0.0
OPP-002021,2026-07-02,Northeast,East,Enterprise,False,0.0
OPP-002022,2026-07-02,Northeast,East,Enterprise,False,0.0
OPP-002023,2026-07-02,Northeast,East,Mid-Market,True,2122.21
OPP-002024,2026-07-02,Northeast,East,SMB,False,0.0
OPP-002025,2026-07-02,Northeast,East,SMB,False,0.0
OPP-002026,2026-07-02,Northeast,East,SMB,False,0.0
OPP-002027,2026-07-02,Northeast,East,Mid-Market,True,1528.86
OPP-002028,2026-07-02,Northeast,East,Mid-Market,False,0.0
OPP-002029,2026-07-02,Southeast,East,Mid-Market,True,4056.27
OPP-002030,2026-07-02,Southeast,East,Mid-Market,True,2686.31
OPP-002031,2026-07-02,Southeast,East,Mid-Market,False,0.0
OPP-002032,2026-07-02,Southeast,East,SMB,False,0.0
OPP-002033,2026-07-02,Southeast,East,SMB,True,2170.43
OPP-002034,2026-07-02,Southeast,East,SMB,True,738.19
OPP-002035,2026-07-02,Southeast,East,SMB,False,0.0
OPP-002036,2026-07-02,Southeast,East,SMB,False,0.0
OPP-002037,2026-07-02,Southeast,East,Enterprise,False,0.0
OPP-002038,2026-07-02,Southeast,East,SMB,False,0.0
OPP-002039,2026-07-02,Southeast,East,SMB,False,0.0
OPP-002040,2026-07-02,Southeast,East,SMB,False,0.0
OPP-002041,2026-07-02,Southeast,East,Mid-Market,True,1353.04
OPP-002042,2026-07-02,Southeast,East,Mid-Market,False,0.0
OPP-002043,2026-07-02,Southeast,East,SMB,False,0.0
OPP-002044,2026-07-02,Southeast,East,Enterprise,False,0.0
OPP-002045,2026-07-02,Northwest,West,Mid-Market,False,0.0
OPP-002046,2026-07-02,Northwest,West,Mid-Market,False,0.0
OPP-002047,2026-07-02,Northwest,West,SMB,False,0.0
OPP-002048,2026-07-02,Northwest,West,SMB,False,0.0
OPP-002049,2026-07-02,Northwest,West,SMB,False,0.0
OPP-002050,2026-07-02,Northwest,West,SMB,False,0.0
OPP-002051,2026-07-02,Northwest,West,SMB,False,0.0
OPP-002052,2026-07-02,Northwest,West,Mid-Market,True,4905.49
OPP-002053,2026-07-02,Northwest,West,SMB,False,0.0
OPP-002054,2026-07-02,Northwest,West,Mid-Market,False,0.0
OPP-002055,2026-07-02,Northwest,West,SMB,False,0.0
OPP-002056,2026-07-02,Northwest,West,Mid-Market,False,0.0
OPP-002057,2026-07-02,Northwest,West,SMB,False,0.0
OPP-002058,2026-07-02,Northwest,West,Mid-Market,False,0.0
OPP-002059,2026-07-02,Northwest,West,SMB,False,0.0
OPP-002060,2026-07-02,Northwest,West,Mid-Market,False,0.0
OPP-002061,2026-07-02,Northwest,West,Mid-Market,False,0.0
OPP-002062,2026-07-02,Northwest,West,Mid-Market,True,2273.8
OPP-002063,2026-07-02,Northwest,West,Enterprise,True,5343.05
OPP-002064,2026-07-02,Northwest,West,Mid-Market,True,3836.55
OPP-002065,2026-07-02,Northwest,West,SMB,True,792.18
OPP-002066,2026-07-02,Southwest,West,Mid-Market,False,0.0
OPP-002067,2026-07-02,Southwest,West,SMB,True,837.42
OPP-002068,2026-07-02,Southwest,West,SMB,False,0.0
OPP-002069,2026-07-02,Southwest,West,Enterprise,False,0.0
OPP-002070,2026-07-02,Southwest,West,Mid-Market,True,5880.8
OPP-002071,2026-07-02,Southwest,West,Mid-Market,True,3592.21
OPP-002072,2026-07-02,Southwest,West,SMB,False,0.0
OPP-002073,2026-07-02,Southwest,West,SMB,True,504.27
OPP-002074,2026-07-02,Southwest,West,Mid-Market,False,0.0
OPP-002075,2026-07-02,Southwest,West,SMB,False,0.0
OPP-002076,2026-07-02,Southwest,West,Mid-Market,False,0.0
OPP-002077,2026-07-02,Southwest,West,SMB,True,507.3
OPP-002078,2026-07-02,Southwest,West,SMB,False,0.0
OPP-002079,2026-07-02,Southwest,West,SMB,True,1005.54
OPP-002080,2026-07-02,Southwest,West,Enterprise,True,29076.48
OPP-002081,2026-07-02,Southwest,West,SMB,False,0.0
OPP-002082,2026-07-02,Southwest,West,Mid-Market,False,0.0
OPP-002083,2026-07-02,Southwest,West,SMB,False,0.0
OPP-002084,2026-07-02,Southwest,West,Mid-Market,False,0.0
OPP-002085,2026-07-02,Southwest,West,SMB,False,0.0
OPP-002086,2026-07-02,Southwest,West,Mid-Market,True,4527.97
OPP-002087,2026-07-02,Southwest,West,Mid-Market,False,0.0
OPP-002088,2026-07-03,Northeast,East,SMB,False,0.0
OPP-002089,2026-07-03,Northeast,East,Mid-Market,False,0.0
OPP-002090,2026-07-03,Northeast,East,Mid-Market,False,0.0
OPP-002091,2026-07-03,Northeast,East,Mid-Market,False,0.0
OPP-002092,2026-07-03,Northeast,East,Mid-Market,True,1882.57
OPP-002093,2026-07-03,Northeast,East,SMB,True,1327.54
OPP-002094,2026-07-03,Northeast,East,Mid-Market,True,6681.83
OPP-002095,2026-07-03,Northeast,East,SMB,False,0.0
OPP-002096,2026-07-03,Northeast,East,Enterprise,False,0.0
OPP-002097,2026-07-03,Northeast,East,SMB,False,0.0
OPP-002098,2026-07-03,Northeast,East,Mid-Market,True,3330.52
OPP-002099,2026-07-03,Northeast,East,SMB,True,826.62
OPP-002100,2026-07-03,Northeast,East,Mid-Market,False,0.0
OPP-002101,2026-07-03,Northeast,East,Enterprise,False,0.0
OPP-002102,2026-07-03,Northeast,East,SMB,False,0.0
OPP-002103,2026-07-03,Southeast,East,SMB,False,0.0
OPP-002104,2026-07-03,Southeast,East,Mid-Market,False,0.0
OPP-002105,2026-07-03,Southeast,East,Mid-Market,True,2800.0
OPP-002106,2026-07-03,Southeast,East,SMB,False,0.0
OPP-002107,2026-07-03,Southeast,East,SMB,False,0.0
OPP-002108,2026-07-03,Southeast,East,SMB,False,0.0
OPP-002109,2026-07-03,Southeast,East,Mid-Market,False,0.0
OPP-002110,2026-07-03,Southeast,East,SMB,False,0.0
OPP-002111,2026-07-03,Southeast,East,SMB,False,0.0
OPP-002112,2026-07-03,Southeast,East,SMB,False,0.0
OPP-002113,2026-07-03,Southeast,East,SMB,False,0.0
OPP-002114,2026-07-03,Southeast,East,Mid-Market,True,3089.06
OPP-002115,2026-07-03,Southeast,East,Mid-Market,False,0.0
OPP-002116,2026-07-03,Southeast,East,SMB,False,0.0
OPP-002117,2026-07-03,Southeast,East,Enterprise,False,0.0
OPP-002118,2026-07-03,Southeast,East,SMB,False,0.0
OPP-002119,2026-07-03,Southeast,East,SMB,True,1951.07
OPP-002120,2026-07-03,Southeast,East,SMB,True,671.62
OPP-002121,2026-07-03,Southeast,East,Enterprise,True,4582.18
OPP-002122,2026-07-03,Southeast,East,SMB,True,1125.84
OPP-002123,2026-07-03,Northwest,West,Mid-Market,False,0.0
OPP-002124,2026-07-03,Northwest,West,SMB,False,0.0
OPP-002125,2026-07-03,Northwest,West,SMB,False,0.0
OPP-002126,2026-07-03,Northwest,West,Mid-Market,True,1738.24
OPP-002127,2026-07-03,Northwest,West,Mid-Market,False,0.0
OPP-002128,2026-07-03,Northwest,West,Mid-Market,False,0.0
OPP-002129,2026-07-03,Northwest,West,Mid-Market,True,2042.1
OPP-002130,2026-07-03,Northwest,West,SMB,True,452.82
OPP-002131,2026-07-03,Northwest,West,Mid-Market,True,6153.11
OPP-002132,2026-07-03,Northwest,West,SMB,False,0.0
OPP-002133,2026-07-03,Northwest,West,Enterprise,True,9962.51
OPP-002134,2026-07-03,Northwest,West,SMB,False,0.0
OPP-002135,2026-07-03,Southwest,West,Mid-Market,False,0.0
OPP-002136,2026-07-03,Southwest,West,Mid-Market,False,0.0
OPP-002137,2026-07-03,Southwest,West,SMB,False,0.0
OPP-002138,2026-07-03,Southwest,West,SMB,False,0.0
OPP-002139,2026-07-03,Southwest,West,Enterprise,False,0.0
OPP-002140,2026-07-03,Southwest,West,Mid-Market,False,0.0
OPP-002141,2026-07-03,Southwest,West,Mid-Market,False,0.0
OPP-002142,2026-07-03,Southwest,West,SMB,True,814.3
OPP-002143,2026-07-03,Southwest,West,Enterprise,True,2162.83
OPP-002144,2026-07-03,Southwest,West,SMB,False,0.0
OPP-002145,2026-07-03,Southwest,West,SMB,False,0.0
OPP-002146,2026-07-03,Southwest,West,Enterprise,False,0.0
OPP-002147,2026-07-03,Southwest,West,SMB,False,0.0
OPP-002148,2026-07-03,Southwest,West,SMB,False,0.0
OPP-002149,2026-07-03,Southwest,West,SMB,False,0.0
OPP-002150,2026-07-03,Southwest,West,SMB,True,932.42
OPP-002151,2026-07-03,Southwest,West,SMB,False,0.0
OPP-002152,2026-07-03,Southwest,West,SMB,False,0.0
OPP-002153,2026-07-04,Northeast,East,SMB,False,0.0
OPP-002154,2026-07-04,Northeast,East,SMB,False,0.0
OPP-002155,2026-07-04,Northeast,East,SMB,False,0.0
OPP-002156,2026-07-04,Northeast,East,Mid-Market,False,0.0
OPP-002157,2026-07-04,Northeast,East,SMB,True,735.38
OPP-002158,2026-07-04,Southeast,East,SMB,False,0.0
OPP-002159,2026-07-04,Southeast,East,Mid-Market,False,0.0
OPP-002160,2026-07-04,Southeast,East,SMB,False,0.0
OPP-002161,2026-07-04,Southeast,East,Mid-Market,False,0.0
OPP-002162,2026-07-04,Southeast,East,Mid-Market,True,1490.97
OPP-002163,2026-07-04,Southeast,East,SMB,False,0.0
OPP-002164,2026-07-04,Southeast,East,Mid-Market,True,3580.6
OPP-002165,2026-07-04,Southeast,East,SMB,False,0.0
OPP-002166,2026-07-04,Northwest,West,Mid-Market,False,0.0
OPP-002167,2026-07-04,Northwest,West,SMB,True,760.37
OPP-002168,2026-07-04,Northwest,West,SMB,False,0.0
OPP-002169,2026-07-04,Northwest,West,Enterprise,False,0.0
OPP-002170,2026-07-04,Northwest,West,SMB,False,0.0
OPP-002171,2026-07-04,Northwest,West,SMB,False,0.0
OPP-002172,2026-07-04,Northwest,West,Enterprise,False,0.0
OPP-002173,2026-07-04,Northwest,West,SMB,False,0.0
OPP-002174,2026-07-04,Northwest,West,Mid-Market,False,0.0
OPP-002175,2026-07-04,Northwest,West,Mid-Market,True,2552.76
OPP-002176,2026-07-04,Northwest,West,Mid-Market,False,0.0
OPP-002177,2026-07-04,Northwest,West,SMB,False,0.0
OPP-002178,2026-07-04,Northwest,West,SMB,False,0.0
OPP-002179,2026-07-04,Southwest,West,Mid-Market,False,0.0
OPP-002180,2026-07-04,Southwest,West,SMB,True,1016.71
OPP-002181,2026-07-04,Southwest,West,SMB,True,1023.82
OPP-002182,2026-07-04,Southwest,West,SMB,False,0.0
OPP-002183,2026-07-04,Southwest,West,SMB,False,0.0
OPP-002184,2026-07-04,Southwest,West,Enterprise,False,0.0
OPP-002185,2026-07-04,Southwest,West,SMB,False,0.0
OPP-002186,2026-07-04,Southwest,West,SMB,False,0.0
OPP-002187,2026-07-05,Northeast,East,SMB,True,295.78
OPP-002188,2026-07-05,Northeast,East,SMB,False,0.0
OPP-002189,2026-07-05,Northeast,East,Mid-Market,True,1353.82
OPP-002190,2026-07-05,Northeast,East,SMB,True,508.61
OPP-002191,2026-07-05,Northeast,East,SMB,True,421.55
OPP-002192,2026-07-05,Northeast,East,SMB,True,1365.88
OPP-002193,2026-07-05,Northeast,East,Mid-Market,False,0.0
OPP-002194,2026-07-05,Northeast,East,Mid-Market,False,0.0
OPP-002195,2026-07-05,Northeast,East,Mid-Market,False,0.0
OPP-002196,2026-07-05,Northeast,East,SMB,False,0.0
OPP-002197,2026-07-05,Northeast,East,SMB,False,0.0
OPP-002198,2026-07-05,Northeast,East,SMB,False,0.0
OPP-002199,2026-07-05,Northeast,East,SMB,False,0.0
OPP-002200,2026-07-05,Southeast,East,SMB,False,0.0
OPP-002201,2026-07-05,Southeast,East,Mid-Market,False,0.0
OPP-002202,2026-07-05,Southeast,East,Enterprise,True,6091.88
OPP-002203,2026-07-05,Southeast,East,Mid-Market,False,0.0
OPP-002204,2026-07-05,Southeast,East,SMB,False,0.0
OPP-002205,2026-07-05,Southeast,East,SMB,False,0.0
OPP-002206,2026-07-05,Southeast,East,SMB,True,385.03
OPP-002207,2026-07-05,Southeast,East,SMB,False,0.0
OPP-002208,2026-07-05,Southeast,East,Mid-Market,False,0.0
OPP-002209,2026-07-05,Southeast,East,SMB,True,797.49
OPP-002210,2026-07-05,Southeast,East,SMB,False,0.0
OPP-002211,2026-07-05,Southeast,East,Mid-Market,True,2644.51
OPP-002212,2026-07-05,Southeast,East,SMB,False,0.0
OPP-002213,2026-07-05,Northwest,West,Mid-Market,False,0.0
OPP-002214,2026-07-05,Northwest,West,SMB,False,0.0
OPP-002215,2026-07-05,Northwest,West,SMB,False,0.0
OPP-002216,2026-07-05,Northwest,West,SMB,False,0.0
OPP-002217,2026-07-05,Northwest,West,Enterprise,False,0.0
OPP-002218,2026-07-05,Northwest,West,SMB,False,0.0
OPP-002219,2026-07-05,Northwest,West,SMB,False,0.0
OPP-002220,2026-07-05,Northwest,West,Mid-Market,False,0.0
OPP-002221,2026-07-05,Northwest,West,SMB,False,0.0
OPP-002222,2026-07-05,Northwest,West,SMB,False,0.0
OPP-002223,2026-07-05,Northwest,West,SMB,False,0.0
OPP-002224,2026-07-05,Northwest,West,Mid-Market,False,0.0
OPP-002225,2026-07-05,Northwest,West,Mid-Market,False,0.0
OPP-002226,2026-07-05,Northwest,West,SMB,False,0.0
OPP-002227,2026-07-05,Northwest,West,SMB,False,0.0
OPP-002228,2026-07-05,Southwest,West,SMB,False,0.0
OPP-002229,2026-07-05,Southwest,West,SMB,False,0.0
OPP-002230,2026-07-05,Southwest,West,Mid-Market,False,0.0
OPP-002231,2026-07-05,Southwest,West,SMB,False,0.0
OPP-002232,2026-07-05,Southwest,West,Mid-Market,False,0.0
OPP-002233,2026-07-05,Southwest,West,Enterprise,False,0.0
OPP-002234,2026-07-05,Southwest,West,Mid-Market,False,0.0
OPP-002235,2026-07-05,Southwest,West,SMB,True,531.38
OPP-002236,2026-07-05,Southwest,West,SMB,True,596.7
OPP-002237,2026-07-05,Southwest,West,SMB,False,0.0
OPP-002238,2026-07-05,Southwest,West,Enterprise,True,5815.89
OPP-002239,2026-07-06,Northeast,East,SMB,True,709.0
OPP-002240,2026-07-06,Northeast,East,Mid-Market,True,1151.21
OPP-002241,2026-07-06,Northeast,East,SMB,False,0.0
OPP-002242,2026-07-06,Northeast,East,SMB,False,0.0
OPP-002243,2026-07-06,Northeast,East,SMB,False,0.0
OPP-002244,2026-07-06,Northeast,East,SMB,True,808.01
OPP-002245,2026-07-06,Northeast,East,Mid-Market,False,0.0
OPP-002246,2026-07-06,Northeast,East,Enterprise,False,0.0
OPP-002247,2026-07-06,Northeast,East,SMB,False,0.0
OPP-002248,2026-07-06,Northeast,East,SMB,False,0.0
OPP-002249,2026-07-06,Northeast,East,SMB,True,1087.76
OPP-002250,2026-07-06,Northeast,East,Enterprise,False,0.0
OPP-002251,2026-07-06,Northeast,East,Mid-Market,False,0.0
OPP-002252,2026-07-06,Northeast,East,SMB,False,0.0
OPP-002253,2026-07-06,Northeast,East,SMB,False,0.0
OPP-002254,2026-07-06,Northeast,East,SMB,False,0.0
OPP-002255,2026-07-06,Northeast,East,SMB,True,1035.64
OPP-002256,2026-07-06,Northeast,East,SMB,True,679.29
OPP-002257,2026-07-06,Northeast,East,SMB,False,0.0
OPP-002258,2026-07-06,Northeast,East,Mid-Market,True,3986.32
OPP-002259,2026-07-06,Northeast,East,SMB,False,0.0
OPP-002260,2026-07-06,Northeast,East,SMB,False,0.0
OPP-002261,2026-07-06,Northeast,East,SMB,True,681.74
OPP-002262,2026-07-06,Northeast,East,Mid-Market,False,0.0
OPP-002263,2026-07-06,Northeast,East,SMB,True,708.43
OPP-002264,2026-07-06,Northeast,East,Mid-Market,False,0.0
OPP-002265,2026-07-06,Southeast,East,Mid-Market,False,0.0
OPP-002266,2026-07-06,Southeast,East,SMB,False,0.0
OPP-002267,2026-07-06,Southeast,East,SMB,True,1045.41
OPP-002268,2026-07-06,Southeast,East,Enterprise,True,6540.19
OPP-002269,2026-07-06,Southeast,East,Enterprise,False,0.0
OPP-002270,2026-07-06,Southeast,East,SMB,False,0.0
OPP-002271,2026-07-06,Southeast,East,SMB,False,0.0
OPP-002272,2026-07-06,Southeast,East,Mid-Market,False,0.0
OPP-002273,2026-07-06,Southeast,East,Mid-Market,False,0.0
OPP-002274,2026-07-06,Southeast,East,SMB,False,0.0
OPP-002275,2026-07-06,Southeast,East,SMB,False,0.0
OPP-002276,2026-07-06,Southeast,East,Mid-Market,False,0.0
OPP-002277,2026-07-06,Southeast,East,Mid-Market,False,0.0
OPP-002278,2026-07-06,Southeast,East,Mid-Market,False,0.0
OPP-002279,2026-07-06,Southeast,East,SMB,False,0.0
OPP-002280,2026-07-06,Southeast,East,Mid-Market,False,0.0
OPP-002281,2026-07-06,Southeast,East,SMB,False,0.0
OPP-002282,2026-07-06,Northwest,West,Enterprise,False,0.0
OPP-002283,2026-07-06,Northwest,West,Enterprise,False,0.0
OPP-002284,2026-07-06,Northwest,West,Mid-Market,True,3869.85
OPP-002285,2026-07-06,Northwest,West,Mid-Market,False,0.0
OPP-002286,2026-07-06,Northwest,West,Enterprise,False,0.0
OPP-002287,2026-07-06,Northwest,West,SMB,False,0.0
OPP-002288,2026-07-06,Northwest,West,Mid-Market,False,0.0
OPP-002289,2026-07-06,Northwest,West,SMB,False,0.0
OPP-002290,2026-07-06,Northwest,West,SMB,False,0.0
OPP-002291,2026-07-06,Northwest,West,Mid-Market,False,0.0
OPP-002292,2026-07-06,Northwest,West,Mid-Market,False,0.0
OPP-002293,2026-07-06,Northwest,West,SMB,False,0.0
OPP-002294,2026-07-06,Northwest,West,SMB,False,0.0
OPP-002295,2026-07-06,Northwest,West,Mid-Market,False,0.0
OPP-002296,2026-07-06,Northwest,West,SMB,False,0.0
OPP-002297,2026-07-06,Northwest,West,SMB,False,0.0
OPP-002298,2026-07-06,Southwest,West,SMB,True,717.88
OPP-002299,2026-07-06,Southwest,West,SMB,True,875.3
OPP-002300,2026-07-06,Southwest,West,SMB,False,0.0
OPP-002301,2026-07-06,Southwest,West,SMB,False,0.0
OPP-002302,2026-07-06,Southwest,West,Enterprise,False,0.0
OPP-002303,2026-07-06,Southwest,West,SMB,False,0.0
OPP-002304,2026-07-06,Southwest,West,SMB,False,0.0
OPP-002305,2026-07-06,Southwest,West,Mid-Market,False,0.0
OPP-002306,2026-07-06,Southwest,West,Enterprise,False,0.0
OPP-002307,2026-07-06,Southwest,West,Mid-Market,False,0.0
OPP-002308,2026-07-06,Southwest,West,Mid-Market,False,0.0
OPP-002309,2026-07-06,Southwest,West,SMB,False,0.0
OPP-002310,2026-07-06,Southwest,West,SMB,True,829.21
OPP-002311,2026-07-06,Southwest,West,Enterprise,False,0.0
OPP-002312,2026-07-06,Southwest,West,Mid-Market,False,0.0
OPP-002313,2026-07-06,Southwest,West,Mid-Market,False,0.0
OPP-002314,2026-07-06,Southwest,West,Mid-Market,False,0.0
OPP-002315,2026-07-06,Southwest,West,Mid-Market,False,0.0
OPP-002316,2026-07-06,Southwest,West,SMB,False,0.0
OPP-002317,2026-07-06,Southwest,West,Mid-Market,False,0.0
OPP-002318,2026-07-06,Southwest,West,Mid-Market,False,0.0
OPP-002319,2026-07-06,Southwest,West,SMB,True,993.88
OPP-002320,2026-07-06,Southwest,West,Enterprise,True,6872.32
OPP-002321,2026-07-06,Southwest,West,SMB,False,0.0
OPP-002322,2026-07-06,Southwest,West,SMB,False,0.0
OPP-002323,2026-07-07,Northeast,East,SMB,False,0.0
OPP-002324,2026-07-07,Northeast,East,SMB,True,703.75
OPP-002325,2026-07-07,Northeast,East,SMB,True,1784.86
OPP-002326,2026-07-07,Northeast,East,SMB,True,845.85
OPP-002327,2026-07-07,Northeast,East,Mid-Market,True,2690.83
OPP-002328,2026-07-07,Northeast,East,Mid-Market,False,0.0
OPP-002329,2026-07-07,Northeast,East,SMB,True,1139.38
OPP-002330,2026-07-07,Northeast,East,Enterprise,False,0.0
OPP-002331,2026-07-07,Northeast,East,SMB,False,0.0
OPP-002332,2026-07-07,Northeast,East,SMB,False,0.0
OPP-002333,2026-07-07,Northeast,East,SMB,False,0.0
OPP-002334,2026-07-07,Northeast,East,SMB,False,0.0
OPP-002335,2026-07-07,Northeast,East,SMB,True,394.45
OPP-002336,2026-07-07,Northeast,East,SMB,True,716.93
OPP-002337,2026-07-07,Northeast,East,SMB,True,803.16
OPP-002338,2026-07-07,Northeast,East,SMB,True,1329.51
OPP-002339,2026-07-07,Northeast,East,Enterprise,False,0.0
OPP-002340,2026-07-07,Northeast,East,Mid-Market,False,0.0
OPP-002341,2026-07-07,Southeast,East,SMB,False,0.0
OPP-002342,2026-07-07,Southeast,East,SMB,False,0.0
OPP-002343,2026-07-07,Southeast,East,Enterprise,True,13261.74
OPP-002344,2026-07-07,Southeast,East,Mid-Market,False,0.0
OPP-002345,2026-07-07,Southeast,East,Mid-Market,False,0.0
OPP-002346,2026-07-07,Southeast,East,Mid-Market,True,2662.58
OPP-002347,2026-07-07,Southeast,East,SMB,False,0.0
OPP-002348,2026-07-07,Southeast,East,SMB,True,2224.78
OPP-002349,2026-07-07,Southeast,East,Mid-Market,False,0.0
OPP-002350,2026-07-07,Southeast,East,Mid-Market,False,0.0
OPP-002351,2026-07-07,Southeast,East,SMB,True,1598.81
OPP-002352,2026-07-07,Southeast,East,SMB,True,1360.84
OPP-002353,2026-07-07,Southeast,East,SMB,True,463.28
OPP-002354,2026-07-07,Southeast,East,SMB,True,932.24
OPP-002355,2026-07-07,Southeast,East,SMB,False,0.0
OPP-002356,2026-07-07,Southeast,East,Enterprise,True,50000.0
OPP-002357,2026-07-07,Southeast,East,SMB,False,0.0
OPP-002358,2026-07-07,Southeast,East,Mid-Market,False,0.0
OPP-002359,2026-07-07,Southeast,East,Mid-Market,False,0.0
OPP-002360,2026-07-07,Southeast,East,Mid-Market,True,3057.0
OPP-002361,2026-07-07,Northwest,West,SMB,False,0.0
OPP-002362,2026-07-07,Northwest,West,Mid-Market,False,0.0
OPP-002363,2026-07-07,Northwest,West,SMB,False,0.0
OPP-002364,2026-07-07,Northwest,West,SMB,False,0.0
OPP-002365,2026-07-07,Northwest,West,SMB,False,0.0
OPP-002366,2026-07-07,Northwest,West,SMB,False,0.0
OPP-002367,2026-07-07,Northwest,West,Mid-Market,False,0.0
OPP-002368,2026-07-07,Northwest,West,SMB,True,1638.01
OPP-002369,2026-07-07,Northwest,West,SMB,False,0.0
OPP-002370,2026-07-07,Northwest,West,Mid-Market,False,0.0
OPP-002371,2026-07-07,Northwest,West,Mid-Market,False,0.0
OPP-002372,2026-07-07,Northwest,West,SMB,False,0.0
OPP-002373,2026-07-07,Northwest,West,Mid-Market,False,0.0
OPP-002374,2026-07-07,Northwest,West,SMB,False,0.0
OPP-002375,2026-07-07,Northwest,West,Mid-Market,False,0.0
OPP-002376,2026-07-07,Northwest,West,Enterprise,False,0.0
OPP-002377,2026-07-07,Northwest,West,SMB,True,490.46
OPP-002378,2026-07-07,Northwest,West,SMB,False,0.0
OPP-002379,2026-07-07,Northwest,West,Enterprise,False,0.0
OPP-002380,2026-07-07,Northwest,West,Mid-Market,False,0.0
OPP-002381,2026-07-07,Northwest,West,SMB,True,750.27
OPP-002382,2026-07-07,Northwest,West,SMB,False,0.0
OPP-002383,2026-07-07,Northwest,West,Mid-Market,False,0.0
OPP-002384,2026-07-07,Northwest,West,SMB,False,0.0
OPP-002385,2026-07-07,Southwest,West,SMB,False,0.0
OPP-002386,2026-07-07,Southwest,West,SMB,False,0.0
OPP-002387,2026-07-07,Southwest,West,SMB,True,785.4
OPP-002388,2026-07-07,Southwest,West,SMB,False,0.0
OPP-002389,2026-07-07,Southwest,West,SMB,False,0.0
OPP-002390,2026-07-07,Southwest,West,SMB,False,0.0
OPP-002391,2026-07-07,Southwest,West,Mid-Market,False,0.0
OPP-002392,2026-07-07,Southwest,West,SMB,False,0.0
OPP-002393,2026-07-07,Southwest,West,Mid-Market,False,0.0
OPP-002394,2026-07-07,Southwest,West,SMB,False,0.0
OPP-002395,2026-07-07,Southwest,West,SMB,False,0.0
OPP-002396,2026-07-07,Southwest,West,SMB,False,0.0
OPP-002397,2026-07-07,Southwest,West,SMB,False,0.0
OPP-002398,2026-07-07,Southwest,West,SMB,True,1810.53
OPP-002399,2026-07-07,Southwest,West,Mid-Market,False,0.0
OPP-002400,2026-07-07,Southwest,West,SMB,False,0.0
OPP-002401,2026-07-07,Southwest,West,SMB,False,0.0
OPP-002402,2026-07-07,Southwest,West,Mid-Market,False,0.0
OPP-002403,2026-07-07,Southwest,West,SMB,False,0.0
OPP-002404,2026-07-07,Southwest,West,SMB,True,701.95
OPP-002405,2026-07-07,Southwest,West,Mid-Market,True,3604.81
OPP-002406,2026-07-07,Southwest,West,SMB,True,1073.65
OPP-002407,2026-07-07,Southwest,West,SMB,False,0.0
OPP-002408,2026-07-07,Southwest,West,SMB,True,377.15
OPP-002409,2026-07-07,Southwest,West,Mid-Market,False,0.0
OPP-002410,2026-07-08,Northeast,East,Mid-Market,False,0.0
OPP-002411,2026-07-08,Northeast,East,SMB,False,0.0
OPP-002412,2026-07-08,Northeast,East,Mid-Market,False,0.0
OPP-002413,2026-07-08,Northeast,East,Enterprise,False,0.0
OPP-002414,2026-07-08,Northeast,East,SMB,False,0.0
OPP-002415,2026-07-08,Northeast,East,SMB,False,0.0
OPP-002416,2026-07-08,Northeast,East,SMB,False,0.0
OPP-002417,2026-07-08,Northeast,East,SMB,False,0.0
OPP-002418,2026-07-08,Northeast,East,SMB,False,0.0
OPP-002419,2026-07-08,Northeast,East,Enterprise,False,0.0
OPP-002420,2026-07-08,Northeast,East,SMB,False,0.0
OPP-002421,2026-07-08,Northeast,East,Mid-Market,False,0.0
OPP-002422,2026-07-08,Northeast,East,SMB,False,0.0
OPP-002423,2026-07-08,Northeast,East,SMB,False,0.0
OPP-002424,2026-07-08,Northeast,East,Mid-Market,False,0.0
OPP-002425,2026-07-08,Northeast,East,SMB,False,0.0
OPP-002426,2026-07-08,Southeast,East,Mid-Market,False,0.0
OPP-002427,2026-07-08,Southeast,East,Mid-Market,False,0.0
OPP-002428,2026-07-08,Southeast,East,SMB,False,0.0
OPP-002429,2026-07-08,Southeast,East,SMB,True,1026.12
OPP-002430,2026-07-08,Southeast,East,Mid-Market,False,0.0
OPP-002431,2026-07-08,Southeast,East,SMB,True,1327.24
OPP-002432,2026-07-08,Southeast,East,SMB,False,0.0
OPP-002433,2026-07-08,Southeast,East,SMB,False,0.0
OPP-002434,2026-07-08,Southeast,East,Enterprise,False,0.0
OPP-002435,2026-07-08,Southeast,East,SMB,False,0.0
OPP-002436,2026-07-08,Southeast,East,Mid-Market,False,0.0
OPP-002437,2026-07-08,Southeast,East,Mid-Market,False,0.0
OPP-002438,2026-07-08,Southeast,East,SMB,False,0.0
OPP-002439,2026-07-08,Southeast,East,SMB,False,0.0
OPP-002440,2026-07-08,Southeast,East,Mid-Market,True,2622.12
OPP-002441,2026-07-08,Southeast,East,SMB,False,0.0
OPP-002442,2026-07-08,Southeast,East,SMB,False,0.0
OPP-002443,2026-07-08,Southeast,East,SMB,False,0.0
OPP-002444,2026-07-08,Southeast,East,Mid-Market,True,3142.34
OPP-002445,2026-07-08,Southeast,East,SMB,False,0.0
OPP-002446,2026-07-08,Southeast,East,SMB,True,773.02
OPP-002447,2026-07-08,Northwest,West,Enterprise,False,0.0
OPP-002448,2026-07-08,Northwest,West,SMB,False,0.0
OPP-002449,2026-07-08,Northwest,West,SMB,False,0.0
OPP-002450,2026-07-08,Northwest,West,SMB,False,0.0
OPP-002451,2026-07-08,Northwest,West,SMB,False,0.0
OPP-002452,2026-07-08,Northwest,West,Mid-Market,False,0.0
OPP-002453,2026-07-08,Northwest,West,SMB,False,0.0
OPP-002454,2026-07-08,Northwest,West,SMB,False,0.0
OPP-002455,2026-07-08,Northwest,West,Mid-Market,False,0.0
OPP-002456,2026-07-08,Northwest,West,SMB,True,916.4
OPP-002457,2026-07-08,Northwest,West,SMB,False,0.0
OPP-002458,2026-07-08,Northwest,West,SMB,False,0.0
OPP-002459,2026-07-08,Northwest,West,SMB,True,1702.86
OPP-002460,2026-07-08,Northwest,West,SMB,False,0.0
OPP-002461,2026-07-08,Northwest,West,Mid-Market,False,0.0
OPP-002462,2026-07-08,Northwest,West,SMB,True,989.68
OPP-002463,2026-07-08,Northwest,West,Mid-Market,False,0.0
OPP-002464,2026-07-08,Northwest,West,Mid-Market,False,0.0
OPP-002465,2026-07-08,Northwest,West,SMB,True,565.32
OPP-002466,2026-07-08,Northwest,West,Enterprise,False,0.0
OPP-002467,2026-07-08,Northwest,West,SMB,False,0.0
OPP-002468,2026-07-08,Northwest,West,SMB,False,0.0
OPP-002469,2026-07-08,Northwest,West,SMB,False,0.0
OPP-002470,2026-07-08,Northwest,West,SMB,True,1236.53
OPP-002471,2026-07-08,Northwest,West,SMB,False,0.0
OPP-002472,2026-07-08,Northwest,West,SMB,False,0.0
OPP-002473,2026-07-08,Southwest,West,Mid-Market,True,1903.18
OPP-002474,2026-07-08,Southwest,West,SMB,True,511.6
OPP-002475,2026-07-08,Southwest,West,SMB,False,0.0
OPP-002476,2026-07-08,Southwest,West,Mid-Market,True,1286.34
OPP-002477,2026-07-08,Southwest,West,SMB,False,0.0
OPP-002478,2026-07-08,Southwest,West,Enterprise,False,0.0
OPP-002479,2026-07-08,Southwest,West,SMB,False,0.0
OPP-002480,2026-07-08,Southwest,West,SMB,False,0.0
OPP-002481,2026-07-08,Southwest,West,SMB,False,0.0
OPP-002482,2026-07-08,Southwest,West,Enterprise,True,9178.17
OPP-002483,2026-07-08,Southwest,West,SMB,False,0.0
OPP-002484,2026-07-08,Southwest,West,Mid-Market,False,0.0
OPP-002485,2026-07-08,Southwest,West,SMB,True,1008.94
OPP-002486,2026-07-08,Southwest,West,SMB,False,0.0
OPP-002487,2026-07-08,Southwest,West,SMB,False,0.0
OPP-002488,2026-07-08,Southwest,West,SMB,True,556.27
OPP-002489,2026-07-08,Southwest,West,SMB,False,0.0
OPP-002490,2026-07-08,Southwest,West,SMB,False,0.0
OPP-002491,2026-07-08,Southwest,West,SMB,False,0.0
OPP-002492,2026-07-08,Southwest,West,Enterprise,False,0.0
OPP-002493,2026-07-08,Southwest,West,Mid-Market,False,0.0
OPP-002494,2026-07-08,Southwest,West,SMB,False,0.0
OPP-002495,2026-07-08,Southwest,West,SMB,True,1805.69
OPP-002496,2026-07-08,Southwest,West,SMB,False,0.0
OPP-002497,2026-07-08,Southwest,West,Mid-Market,False,0.0
OPP-002498,2026-07-08,Southwest,West,Mid-Market,False,0.0
OPP-002499,2026-07-08,Southwest,West,SMB,True,1027.38
OPP-002500,2026-07-09,Northeast,East,SMB,False,0.0
OPP-002501,2026-07-09,Northeast,East,SMB,True,1096.74
OPP-002502,2026-07-09,Northeast,East,Enterprise,False,0.0
OPP-002503,2026-07-09,Northeast,East,Mid-Market,False,0.0
OPP-002504,2026-07-09,Northeast,East,SMB,False,0.0
OPP-002505,2026-07-09,Northeast,East,SMB,False,0.0
OPP-002506,2026-07-09,Northeast,East,SMB,False,0.0
OPP-002507,2026-07-09,Northeast,East,Enterprise,False,0.0
OPP-002508,2026-07-09,Northeast,East,SMB,True,1085.76
OPP-002509,2026-07-09,Northeast,East,SMB,False,0.0
OPP-002510,2026-07-09,Northeast,East,Mid-Market,True,5780.99
OPP-002511,2026-07-09,Northeast,East,SMB,False,0.0
OPP-002512,2026-07-09,Northeast,East,SMB,False,0.0
OPP-002513,2026-07-09,Northeast,East,SMB,True,761.25
OPP-002514,2026-07-09,Northeast,East,Enterprise,False,0.0
OPP-002515,2026-07-09,Northeast,East,Mid-Market,False,0.0
OPP-002516,2026-07-09,Northeast,East,Mid-Market,True,2464.89
OPP-002517,2026-07-09,Northeast,East,SMB,True,983.39
OPP-002518,2026-07-09,Northeast,East,Enterprise,False,0.0
OPP-002519,2026-07-09,Northeast,East,SMB,False,0.0
OPP-002520,2026-07-09,Southeast,East,SMB,False,0.0
OPP-002521,2026-07-09,Southeast,East,SMB,False,0.0
OPP-002522,2026-07-09,Southeast,East,Mid-Market,False,0.0
OPP-002523,2026-07-09,Southeast,East,SMB,True,750.25
OPP-002524,2026-07-09,Southeast,East,Enterprise,False,0.0
OPP-002525,2026-07-09,Southeast,East,Mid-Market,False,0.0
OPP-002526,2026-07-09,Southeast,East,SMB,False,0.0
OPP-002527,2026-07-09,Southeast,East,SMB,False,0.0
OPP-002528,2026-07-09,Southeast,East,Mid-Market,False,0.0
OPP-002529,2026-07-09,Southeast,East,Mid-Market,False,0.0
OPP-002530,2026-07-09,Southeast,East,SMB,False,0.0
OPP-002531,2026-07-09,Southeast,East,SMB,True,1823.93
OPP-002532,2026-07-09,Southeast,East,SMB,False,0.0
OPP-002533,2026-07-09,Southeast,East,SMB,True,1147.59
OPP-002534,2026-07-09,Southeast,East,SMB,False,0.0
OPP-002535,2026-07-09,Southeast,East,SMB,True,1516.68
OPP-002536,2026-07-09,Southeast,East,SMB,False,0.0
OPP-002537,2026-07-09,Southeast,East,Enterprise,False,0.0
OPP-002538,2026-07-09,Southeast,East,Mid-Market,False,0.0
OPP-002539,2026-07-09,Southeast,East,SMB,True,533.69
OPP-002540,2026-07-09,Southeast,East,Mid-Market,False,0.0
OPP-002541,2026-07-09,Southeast,East,SMB,False,0.0
OPP-002542,2026-07-09,Southeast,East,SMB,False,0.0
OPP-002543,2026-07-09,Southeast,East,SMB,True,834.49
OPP-002544,2026-07-09,Northwest,West,SMB,False,0.0
OPP-002545,2026-07-09,Northwest,West,Enterprise,False,0.0
OPP-002546,2026-07-09,Northwest,West,SMB,False,0.0
OPP-002547,2026-07-09,Northwest,West,Mid-Market,False,0.0
OPP-002548,2026-07-09,Northwest,West,SMB,False,0.0
OPP-002549,2026-07-09,Northwest,West,SMB,True,757.33
OPP-002550,2026-07-09,Northwest,West,SMB,False,0.0
OPP-002551,2026-07-09,Northwest,West,Enterprise,False,0.0
OPP-002552,2026-07-09,Northwest,West,Mid-Market,False,0.0
OPP-002553,2026-07-09,Northwest,West,SMB,False,0.0
OPP-002554,2026-07-09,Northwest,West,SMB,False,0.0
OPP-002555,2026-07-09,Northwest,West,Enterprise,False,0.0
OPP-002556,2026-07-09,Northwest,West,SMB,True,464.6
OPP-002557,2026-07-09,Northwest,West,Mid-Market,True,3363.89
OPP-002558,2026-07-09,Northwest,West,SMB,False,0.0
OPP-002559,2026-07-09,Northwest,West,SMB,False,0.0
OPP-002560,2026-07-09,Northwest,West,SMB,False,0.0
OPP-002561,2026-07-09,Northwest,West,SMB,False,0.0
OPP-002562,2026-07-09,Northwest,West,Mid-Market,False,0.0
OPP-002563,2026-07-09,Northwest,West,SMB,False,0.0
OPP-002564,2026-07-09,Northwest,West,SMB,False,0.0
OPP-002565,2026-07-09,Northwest,West,SMB,False,0.0
OPP-002566,2026-07-09,Northwest,West,Enterprise,False,0.0
OPP-002567,2026-07-09,Northwest,West,SMB,False,0.0
OPP-002568,2026-07-09,Southwest,West,Mid-Market,False,0.0
OPP-002569,2026-07-09,Southwest,West,SMB,True,930.22
OPP-002570,2026-07-09,Southwest,West,Mid-Market,False,0.0
OPP-002571,2026-07-09,Southwest,West,SMB,False,0.0
OPP-002572,2026-07-09,Southwest,West,Mid-Market,False,0.0
OPP-002573,2026-07-09,Southwest,West,Mid-Market,False,0.0
OPP-002574,2026-07-09,Southwest,West,Mid-Market,False,0.0
OPP-002575,2026-07-09,Southwest,West,Mid-Market,False,0.0
OPP-002576,2026-07-09,Southwest,West,SMB,True,607.83
OPP-002577,2026-07-09,Southwest,West,Enterprise,True,5948.93
OPP-002578,2026-07-09,Southwest,West,Mid-Market,True,2475.01
OPP-002579,2026-07-09,Southwest,West,Mid-Market,False,0.0
OPP-002580,2026-07-09,Southwest,West,SMB,False,0.0
OPP-002581,2026-07-09,Southwest,West,SMB,True,516.79
OPP-002582,2026-07-09,Southwest,West,SMB,False,0.0
OPP-002583,2026-07-09,Southwest,West,Enterprise,True,13948.72
OPP-002584,2026-07-09,Southwest,West,Mid-Market,False,0.0
OPP-002585,2026-07-09,Southwest,West,SMB,False,0.0
OPP-002586,2026-07-09,Southwest,West,SMB,False,0.0
OPP-002587,2026-07-10,Northeast,East,SMB,True,908.93
OPP-002588,2026-07-10,Northeast,East,Mid-Market,False,0.0
OPP-002589,2026-07-10,Northeast,East,SMB,True,639.95
OPP-002590,2026-07-10,Northeast,East,Mid-Market,False,0.0
OPP-002591,2026-07-10,Northeast,East,SMB,False,0.0
OPP-002592,2026-07-10,Northeast,East,Mid-Market,False,0.0
OPP-002593,2026-07-10,Northeast,East,Mid-Market,False,0.0
OPP-002594,2026-07-10,Northeast,East,Enterprise,False,0.0
OPP-002595,2026-07-10,Northeast,East,Enterprise,True,8876.98
OPP-002596,2026-07-10,Northeast,East,SMB,False,0.0
OPP-002597,2026-07-10,Northeast,East,Enterprise,True,6566.93
OPP-002598,2026-07-10,Northeast,East,Enterprise,False,0.0
OPP-002599,2026-07-10,Northeast,East,SMB,False,0.0
OPP-002600,2026-07-10,Northeast,East,SMB,False,0.0
OPP-002601,2026-07-10,Southeast,East,SMB,False,0.0
OPP-002602,2026-07-10,Southeast,East,SMB,False,0.0
OPP-002603,2026-07-10,Southeast,East,SMB,False,0.0
OPP-002604,2026-07-10,Southeast,East,SMB,True,592.73
OPP-002605,2026-07-10,Southeast,East,Mid-Market,False,0.0
OPP-002606,2026-07-10,Southeast,East,SMB,True,973.29
OPP-002607,2026-07-10,Southeast,East,SMB,False,0.0
OPP-002608,2026-07-10,Southeast,East,SMB,False,0.0
OPP-002609,2026-07-10,Southeast,East,SMB,False,0.0
OPP-002610,2026-07-10,Southeast,East,SMB,False,0.0
OPP-002611,2026-07-10,Southeast,East,SMB,False,0.0
OPP-002612,2026-07-10,Southeast,East,SMB,False,0.0
OPP-002613,2026-07-10,Southeast,East,SMB,True,1027.24
OPP-002614,2026-07-10,Southeast,East,Mid-Market,False,0.0
OPP-002615,2026-07-10,Southeast,East,SMB,False,0.0
OPP-002616,2026-07-10,Southeast,East,Mid-Market,True,3142.9
OPP-002617,2026-07-10,Southeast,East,Mid-Market,False,0.0
OPP-002618,2026-07-10,Southeast,East,SMB,False,0.0
OPP-002619,2026-07-10,Southeast,East,SMB,True,711.3
OPP-002620,2026-07-10,Southeast,East,SMB,False,0.0
OPP-002621,2026-07-10,Southeast,East,SMB,False,0.0
OPP-002622,2026-07-10,Southeast,East,SMB,False,0.0
OPP-002623,2026-07-10,Southeast,East,SMB,False,0.0
OPP-002624,2026-07-10,Northwest,West,SMB,False,0.0
OPP-002625,2026-07-10,Northwest,West,Enterprise,False,0.0
OPP-002626,2026-07-10,Northwest,West,SMB,False,0.0
OPP-002627,2026-07-10,Northwest,West,Mid-Market,False,0.0
OPP-002628,2026-07-10,Northwest,West,Mid-Market,False,0.0
OPP-002629,2026-07-10,Northwest,West,SMB,False,0.0
OPP-002630,2026-07-10,Northwest,West,Mid-Market,False,0.0
OPP-002631,2026-07-10,Northwest,West,Enterprise,False,0.0
OPP-002632,2026-07-10,Northwest,West,SMB,True,263.87
OPP-002633,2026-07-10,Northwest,West,SMB,False,0.0
OPP-002634,2026-07-10,Northwest,West,SMB,False,0.0
OPP-002635,2026-07-10,Southwest,West,Mid-Market,True,2577.1
OPP-002636,2026-07-10,Southwest,West,Mid-Market,False,0.0
OPP-002637,2026-07-10,Southwest,West,SMB,True,1404.9
OPP-002638,2026-07-10,Southwest,West,Mid-Market,False,0.0
OPP-002639,2026-07-10,Southwest,West,SMB,False,0.0
OPP-002640,2026-07-10,Southwest,West,SMB,False,0.0
OPP-002641,2026-07-10,Southwest,West,Mid-Market,False,0.0
OPP-002642,2026-07-10,Southwest,West,SMB,False,0.0
OPP-002643,2026-07-10,Southwest,West,SMB,False,0.0
OPP-002644,2026-07-10,Southwest,West,Mid-Market,False,0.0
OPP-002645,2026-07-10,Southwest,West,SMB,False,0.0
OPP-002646,2026-07-10,Southwest,West,Mid-Market,False,0.0
OPP-002647,2026-07-10,Southwest,West,SMB,False,0.0
OPP-002648,2026-07-10,Southwest,West,Mid-Market,False,0.0
OPP-002649,2026-07-10,Southwest,West,SMB,False,0.0
OPP-002650,2026-07-11,Northeast,East,SMB,True,671.18
OPP-002651,2026-07-11,Northeast,East,SMB,False,0.0
OPP-002652,2026-07-11,Northeast,East,Mid-Market,True,2318.12
OPP-002653,2026-07-11,Northeast,East,Enterprise,False,0.0
OPP-002654,2026-07-11,Northeast,East,SMB,True,985.78
OPP-002655,2026-07-11,Northeast,East,SMB,False,0.0
OPP-002656,2026-07-11,Northeast,East,SMB,False,0.0
OPP-002657,2026-07-11,Northeast,East,Mid-Market,False,0.0
OPP-002658,2026-07-11,Northeast,East,SMB,False,0.0
OPP-002659,2026-07-11,Northeast,East,SMB,False,0.0
OPP-002660,2026-07-11,Northeast,East,SMB,False,0.0
OPP-002661,2026-07-11,Northeast,East,SMB,False,0.0
OPP-002662,2026-07-11,Northeast,East,SMB,False,0.0
OPP-002663,2026-07-11,Northeast,East,SMB,False,0.0
OPP-002664,2026-07-11,Southeast,East,SMB,False,0.0
OPP-002665,2026-07-11,Southeast,East,Mid-Market,True,673.5
OPP-002666,2026-07-11,Southeast,East,Mid-Market,False,0.0
OPP-002667,2026-07-11,Southeast,East,SMB,False,0.0
OPP-002668,2026-07-11,Southeast,East,SMB,False,0.0
OPP-002669,2026-07-11,Northwest,West,SMB,False,0.0
OPP-002670,2026-07-11,Northwest,West,SMB,False,0.0
OPP-002671,2026-07-11,Northwest,West,SMB,False,0.0
OPP-002672,2026-07-11,Northwest,West,SMB,False,0.0
OPP-002673,2026-07-11,Northwest,West,SMB,False,0.0
OPP-002674,2026-07-11,Northwest,West,Mid-Market,True,4530.08
OPP-002675,2026-07-11,Northwest,West,SMB,False,0.0
OPP-002676,2026-07-11,Northwest,West,SMB,True,3624.91
OPP-002677,2026-07-11,Southwest,West,SMB,True,606.55
OPP-002678,2026-07-11,Southwest,West,SMB,True,805.5
OPP-002679,2026-07-11,Southwest,West,SMB,True,429.02
OPP-002680,2026-07-11,Southwest,West,Mid-Market,False,0.0
OPP-002681,2026-07-11,Southwest,West,Enterprise,False,0.0
OPP-002682,2026-07-11,Southwest,West,SMB,False,0.0
OPP-002683,2026-07-11,Southwest,West,Mid-Market,False,0.0
OPP-002684,2026-07-11,Southwest,West,SMB,True,646.44
OPP-002685,2026-07-11,Southwest,West,Mid-Market,False,0.0
OPP-002686,2026-07-11,Southwest,West,SMB,False,0.0
OPP-002687,2026-07-12,Northeast,East,SMB,True,706.78
OPP-002688,2026-07-12,Northeast,East,SMB,False,0.0
OPP-002689,2026-07-12,Northeast,East,SMB,False,0.0
OPP-002690,2026-07-12,Northeast,East,Mid-Market,False,0.0
OPP-002691,2026-07-12,Northeast,East,Mid-Market,False,0.0
OPP-002692,2026-07-12,Northeast,East,SMB,False,0.0
OPP-002693,2026-07-12,Northeast,East,Mid-Market,False,0.0
OPP-002694,2026-07-12,Northeast,East,SMB,False,0.0
OPP-002695,2026-07-12,Northeast,East,SMB,False,0.0
OPP-002696,2026-07-12,Northeast,East,Mid-Market,False,0.0
OPP-002697,2026-07-12,Northeast,East,Enterprise,False,0.0
OPP-002698,2026-07-12,Northeast,East,SMB,False,0.0
OPP-002699,2026-07-12,Northeast,East,SMB,False,0.0
OPP-002700,2026-07-12,Northeast,East,SMB,False,0.0
OPP-002701,2026-07-12,Northeast,East,SMB,False,0.0
OPP-002702,2026-07-12,Southeast,East,SMB,True,840.25
OPP-002703,2026-07-12,Southeast,East,SMB,False,0.0
OPP-002704,2026-07-12,Southeast,East,SMB,False,0.0
OPP-002705,2026-07-12,Southeast,East,Mid-Market,True,2347.69
OPP-002706,2026-07-12,Southeast,East,SMB,True,473.88
OPP-002707,2026-07-12,Southeast,East,SMB,False,0.0
OPP-002708,2026-07-12,Southeast,East,Mid-Market,False,0.0
OPP-002709,2026-07-12,Southeast,East,SMB,False,0.0
OPP-002710,2026-07-12,Southeast,East,Enterprise,True,6338.96
OPP-002711,2026-07-12,Southeast,East,Enterprise,False,0.0
OPP-002712,2026-07-12,Southeast,East,SMB,False,0.0
OPP-002713,2026-07-12,Southeast,East,SMB,False,0.0
OPP-002714,2026-07-12,Southeast,East,Mid-Market,False,0.0
OPP-002715,2026-07-12,Southeast,East,SMB,False,0.0
OPP-002716,2026-07-12,Northwest,West,Mid-Market,False,0.0
OPP-002717,2026-07-12,Northwest,West,Mid-Market,True,2494.52
OPP-002718,2026-07-12,Northwest,West,SMB,False,0.0
OPP-002719,2026-07-12,Northwest,West,Mid-Market,True,3038.98
OPP-002720,2026-07-12,Northwest,West,SMB,False,0.0
OPP-002721,2026-07-12,Northwest,West,Mid-Market,False,0.0
OPP-002722,2026-07-12,Southwest,West,Mid-Market,False,0.0
OPP-002723,2026-07-12,Southwest,West,Enterprise,False,0.0
OPP-002724,2026-07-12,Southwest,West,SMB,False,0.0
OPP-002725,2026-07-12,Southwest,West,Enterprise,False,0.0
OPP-002726,2026-07-12,Southwest,West,Mid-Market,False,0.0
OPP-002727,2026-07-12,Southwest,West,Enterprise,False,0.0
OPP-002728,2026-07-12,Southwest,West,Mid-Market,True,3348.61
OPP-002729,2026-07-12,Southwest,West,SMB,False,0.0
OPP-002730,2026-07-12,Southwest,West,SMB,False,0.0
OPP-002731,2026-07-12,Southwest,West,SMB,False,0.0
OPP-002732,2026-07-12,Southwest,West,SMB,False,0.0
OPP-002733,2026-07-12,Southwest,West,Mid-Market,True,1708.06
OPP-002734,2026-07-12,Southwest,West,Mid-Market,False,0.0
OPP-002735,2026-07-12,Southwest,West,SMB,False,0.0
OPP-002736,2026-07-12,Southwest,West,Mid-Market,False,0.0
OPP-002737,2026-07-13,Northeast,East,SMB,True,910.91
OPP-002738,2026-07-13,Northeast,East,SMB,False,0.0
OPP-002739,2026-07-13,Northeast,East,SMB,False,0.0
OPP-002740,2026-07-13,Northeast,East,Enterprise,True,5927.86
OPP-002741,2026-07-13,Northeast,East,SMB,True,965.04
OPP-002742,2026-07-13,Northeast,East,Enterprise,False,0.0
OPP-002743,2026-07-13,Northeast,East,SMB,False,0.0
OPP-002744,2026-07-13,Northeast,East,SMB,False,0.0
OPP-002745,2026-07-13,Northeast,East,SMB,False,0.0
OPP-002746,2026-07-13,Northeast,East,SMB,False,0.0
OPP-002747,2026-07-13,Northeast,East,SMB,False,0.0
OPP-002748,2026-07-13,Northeast,East,SMB,False,0.0
OPP-002749,2026-07-13,Northeast,East,Mid-Market,False,0.0
OPP-002750,2026-07-13,Northeast,East,Enterprise,False,0.0
OPP-002751,2026-07-13,Northeast,East,Mid-Market,True,1213.93
OPP-002752,2026-07-13,Northeast,East,Mid-Market,False,0.0
OPP-002753,2026-07-13,Northeast,East,Mid-Market,False,0.0
OPP-002754,2026-07-13,Northeast,East,Mid-Market,False,0.0
OPP-002755,2026-07-13,Northeast,East,SMB,False,0.0
OPP-002756,2026-07-13,Northeast,East,SMB,False,0.0
OPP-002757,2026-07-13,Southeast,East,Mid-Market,False,0.0
OPP-002758,2026-07-13,Southeast,East,SMB,False,0.0
OPP-002759,2026-07-13,Southeast,East,SMB,True,847.31
OPP-002760,2026-07-13,Southeast,East,SMB,False,0.0
OPP-002761,2026-07-13,Southeast,East,SMB,False,0.0
OPP-002762,2026-07-13,Southeast,East,Enterprise,False,0.0
OPP-002763,2026-07-13,Southeast,East,SMB,False,0.0
OPP-002764,2026-07-13,Southeast,East,Enterprise,True,3705.44
OPP-002765,2026-07-13,Southeast,East,SMB,True,456.23
OPP-002766,2026-07-13,Southeast,East,SMB,False,0.0
OPP-002767,2026-07-13,Southeast,East,Enterprise,False,0.0
OPP-002768,2026-07-13,Southeast,East,SMB,True,610.49
OPP-002769,2026-07-13,Southeast,East,SMB,False,0.0
OPP-002770,2026-07-13,Southeast,East,Enterprise,False,0.0
OPP-002771,2026-07-13,Southeast,East,Mid-Market,True,4231.26
OPP-002772,2026-07-13,Southeast,East,SMB,False,0.0
OPP-002773,2026-07-13,Southeast,East,SMB,False,0.0
OPP-002774,2026-07-13,Southeast,East,Mid-Market,True,830.37
OPP-002775,2026-07-13,Southeast,East,SMB,False,0.0
OPP-002776,2026-07-13,Southeast,East,Mid-Market,False,0.0
OPP-002777,2026-07-13,Northwest,West,SMB,False,0.0
OPP-002778,2026-07-13,Northwest,West,Mid-Market,False,0.0
OPP-002779,2026-07-13,Northwest,West,Enterprise,True,4955.97
OPP-002780,2026-07-13,Northwest,West,SMB,False,0.0
OPP-002781,2026-07-13,Northwest,West,SMB,False,0.0
OPP-002782,2026-07-13,Northwest,West,Mid-Market,False,0.0
OPP-002783,2026-07-13,Northwest,West,Enterprise,True,3445.79
OPP-002784,2026-07-13,Northwest,West,Mid-Market,False,0.0
OPP-002785,2026-07-13,Northwest,West,SMB,False,0.0
OPP-002786,2026-07-13,Northwest,West,Enterprise,False,0.0
OPP-002787,2026-07-13,Northwest,West,Mid-Market,False,0.0
OPP-002788,2026-07-13,Northwest,West,SMB,False,0.0
OPP-002789,2026-07-13,Northwest,West,SMB,False,0.0
OPP-002790,2026-07-13,Northwest,West,SMB,False,0.0
OPP-002791,2026-07-13,Northwest,West,SMB,False,0.0
OPP-002792,2026-07-13,Northwest,West,SMB,False,0.0
OPP-002793,2026-07-13,Northwest,West,SMB,False,0.0
OPP-002794,2026-07-13,Northwest,West,SMB,False,0.0
OPP-002795,2026-07-13,Northwest,West,SMB,False,0.0
OPP-002796,2026-07-13,Southwest,West,Mid-Market,False,0.0
OPP-002797,2026-07-13,Southwest,West,Enterprise,False,0.0
OPP-002798,2026-07-13,Southwest,West,SMB,False,0.0
OPP-002799,2026-07-13,Southwest,West,SMB,False,0.0
OPP-002800,2026-07-13,Southwest,West,SMB,False,0.0
OPP-002801,2026-07-13,Southwest,West,SMB,False,0.0
OPP-002802,2026-07-13,Southwest,West,Mid-Market,False,0.0
OPP-002803,2026-07-13,Southwest,West,Enterprise,False,0.0
OPP-002804,2026-07-13,Southwest,West,SMB,False,0.0
OPP-002805,2026-07-13,Southwest,West,Mid-Market,False,0.0
OPP-002806,2026-07-13,Southwest,West,SMB,False,0.0
OPP-002807,2026-07-13,Southwest,West,Mid-Market,True,2608.63
OPP-002808,2026-07-13,Southwest,West,SMB,False,0.0
OPP-002809,2026-07-13,Southwest,West,SMB,False,0.0
OPP-002810,2026-07-13,Southwest,West,SMB,False,0.0
OPP-002811,2026-07-13,Southwest,West,SMB,True,636.18
OPP-002812,2026-07-13,Southwest,West,SMB,False,0.0
OPP-002813,2026-07-13,Southwest,West,Mid-Market,False,0.0
OPP-002814,2026-07-14,Northeast,East,Enterprise,True,8051.5
OPP-002815,2026-07-14,Northeast,East,Mid-Market,False,0.0
OPP-002816,2026-07-14,Northeast,East,SMB,True,693.88
OPP-002817,2026-07-14,Northeast,East,Enterprise,True,7528.33
OPP-002818,2026-07-14,Northeast,East,SMB,False,0.0
OPP-002819,2026-07-14,Northeast,East,SMB,False,0.0
OPP-002820,2026-07-14,Northeast,East,Mid-Market,False,0.0
OPP-002821,2026-07-14,Northeast,East,SMB,False,0.0
OPP-002822,2026-07-14,Northeast,East,Mid-Market,False,0.0
OPP-002823,2026-07-14,Northeast,East,SMB,False,0.0
OPP-002824,2026-07-14,Northeast,East,Mid-Market,True,1344.52
OPP-002825,2026-07-14,Northeast,East,Mid-Market,False,0.0
OPP-002826,2026-07-14,Northeast,East,Mid-Market,False,0.0
OPP-002827,2026-07-14,Northeast,East,Enterprise,False,0.0
OPP-002828,2026-07-14,Northeast,East,SMB,True,1077.42
OPP-002829,2026-07-14,Northeast,East,Enterprise,True,7892.25
OPP-002830,2026-07-14,Northeast,East,SMB,True,801.24
OPP-002831,2026-07-14,Northeast,East,Mid-Market,False,0.0
OPP-002832,2026-07-14,Northeast,East,Enterprise,True,7624.33
OPP-002833,2026-07-14,Northeast,East,SMB,False,0.0
OPP-002834,2026-07-14,Southeast,East,SMB,True,936.39
OPP-002835,2026-07-14,Southeast,East,SMB,True,895.47
OPP-002836,2026-07-14,Southeast,East,Mid-Market,False,0.0
OPP-002837,2026-07-14,Southeast,East,SMB,False,0.0
OPP-002838,2026-07-14,Southeast,East,SMB,False,0.0
OPP-002839,2026-07-14,Southeast,East,SMB,False,0.0
OPP-002840,2026-07-14,Southeast,East,SMB,False,0.0
OPP-002841,2026-07-14,Southeast,East,Enterprise,False,0.0
OPP-002842,2026-07-14,Southeast,East,Enterprise,False,0.0
OPP-002843,2026-07-14,Southeast,East,SMB,False,0.0
OPP-002844,2026-07-14,Southeast,East,SMB,False,0.0
OPP-002845,2026-07-14,Southeast,East,SMB,False,0.0
OPP-002846,2026-07-14,Southeast,East,Mid-Market,False,0.0
OPP-002847,2026-07-14,Southeast,East,SMB,True,1122.09
OPP-002848,2026-07-14,Southeast,East,Enterprise,False,0.0
OPP-002849,2026-07-14,Southeast,East,SMB,False,0.0
OPP-002850,2026-07-14,Southeast,East,SMB,False,0.0
OPP-002851,2026-07-14,Southeast,East,SMB,False,0.0
OPP-002852,2026-07-14,Southeast,East,SMB,True,709.2
OPP-002853,2026-07-14,Southeast,East,SMB,False,0.0
OPP-002854,2026-07-14,Southeast,East,Enterprise,False,0.0
OPP-002855,2026-07-14,Southeast,East,SMB,False,0.0
OPP-002856,2026-07-14,Southeast,East,SMB,False,0.0
OPP-002857,2026-07-14,Southeast,East,SMB,False,0.0
OPP-002858,2026-07-14,Southeast,East,SMB,True,1489.9
OPP-002859,2026-07-14,Southeast,East,SMB,False,0.0
OPP-002860,2026-07-14,Southeast,East,Mid-Market,False,0.0
OPP-002861,2026-07-14,Northwest,West,SMB,False,0.0
OPP-002862,2026-07-14,Northwest,West,Mid-Market,False,0.0
OPP-002863,2026-07-14,Northwest,West,SMB,False,0.0
OPP-002864,2026-07-14,Northwest,West,SMB,False,0.0
OPP-002865,2026-07-14,Northwest,West,Enterprise,False,0.0
OPP-002866,2026-07-14,Northwest,West,SMB,False,0.0
OPP-002867,2026-07-14,Northwest,West,SMB,False,0.0
OPP-002868,2026-07-14,Northwest,West,SMB,False,0.0
OPP-002869,2026-07-14,Northwest,West,Mid-Market,False,0.0
OPP-002870,2026-07-14,Northwest,West,Mid-Market,True,4710.24
OPP-002871,2026-07-14,Northwest,West,SMB,False,0.0
OPP-002872,2026-07-14,Northwest,West,Mid-Market,True,1451.71
OPP-002873,2026-07-14,Southwest,West,Mid-Market,False,0.0
OPP-002874,2026-07-14,Southwest,West,SMB,True,1676.87
OPP-002875,2026-07-14,Southwest,West,SMB,True,1053.55
OPP-002876,2026-07-14,Southwest,West,Mid-Market,False,0.0
OPP-002877,2026-07-14,Southwest,West,Mid-Market,False,0.0
OPP-002878,2026-07-14,Southwest,West,SMB,True,1130.83
OPP-002879,2026-07-14,Southwest,West,Mid-Market,False,0.0
OPP-002880,2026-07-14,Southwest,West,SMB,False,0.0
OPP-002881,2026-07-14,Southwest,West,Mid-Market,False,0.0
OPP-002882,2026-07-14,Southwest,West,SMB,False,0.0
OPP-002883,2026-07-14,Southwest,West,SMB,False,0.0
OPP-002884,2026-07-14,Southwest,West,Enterprise,True,14689.77
OPP-002885,2026-07-14,Southwest,West,SMB,False,0.0
OPP-002886,2026-07-14,Southwest,West,SMB,False,0.0
OPP-002887,2026-07-14,Southwest,West,SMB,False,0.0
OPP-002888,2026-07-14,Southwest,West,SMB,True,623.96
OPP-002889,2026-07-14,Southwest,West,SMB,True,811.78
OPP-002890,2026-07-14,Southwest,West,Mid-Market,False,0.0
OPP-002891,2026-07-14,Southwest,West,SMB,False,0.0
OPP-002892,2026-07-15,Northeast,East,SMB,False,0.0
OPP-002893,2026-07-15,Northeast,East,SMB,False,0.0
OPP-002894,2026-07-15,Northeast,East,Enterprise,False,0.0
OPP-002895,2026-07-15,Northeast,East,SMB,False,0.0
OPP-002896,2026-07-15,Northeast,East,Mid-Market,False,0.0
OPP-002897,2026-07-15,Northeast,East,SMB,False,0.0
OPP-002898,2026-07-15,Northeast,East,SMB,False,0.0
OPP-002899,2026-07-15,Northeast,East,SMB,False,0.0
OPP-002900,2026-07-15,Northeast,East,Enterprise,False,0.0
OPP-002901,2026-07-15,Northeast,East,SMB,False,0.0
OPP-002902,2026-07-15,Northeast,East,SMB,True,1063.18
OPP-002903,2026-07-15,Northeast,East,Mid-Market,False,0.0
OPP-002904,2026-07-15,Northeast,East,Mid-Market,True,2690.22
OPP-002905,2026-07-15,Northeast,East,Mid-Market,False,0.0
OPP-002906,2026-07-15,Northeast,East,Mid-Market,False,0.0
OPP-002907,2026-07-15,Northeast,East,SMB,True,475.86
OPP-002908,2026-07-15,Northeast,East,Mid-Market,False,0.0
OPP-002909,2026-07-15,Southeast,East,Mid-Market,False,0.0
OPP-002910,2026-07-15,Southeast,East,Enterprise,False,0.0
OPP-002911,2026-07-15,Southeast,East,SMB,False,0.0
OPP-002912,2026-07-15,Southeast,East,SMB,False,0.0
OPP-002913,2026-07-15,Southeast,East,SMB,False,0.0
OPP-002914,2026-07-15,Southeast,East,SMB,True,813.53
OPP-002915,2026-07-15,Southeast,East,Mid-Market,False,0.0
OPP-002916,2026-07-15,Southeast,East,SMB,False,0.0
OPP-002917,2026-07-15,Southeast,East,Enterprise,False,0.0
OPP-002918,2026-07-15,Southeast,East,Mid-Market,True,1529.81
OPP-002919,2026-07-15,Southeast,East,SMB,False,0.0
OPP-002920,2026-07-15,Southeast,East,SMB,False,0.0
OPP-002921,2026-07-15,Southeast,East,Mid-Market,False,0.0
OPP-002922,2026-07-15,Southeast,East,Mid-Market,True,1558.84
OPP-002923,2026-07-15,Southeast,East,SMB,True,628.91
OPP-002924,2026-07-15,Southeast,East,SMB,True,1533.78
OPP-002925,2026-07-15,Northwest,West,Enterprise,False,0.0
OPP-002926,2026-07-15,Northwest,West,Mid-Market,False,0.0
OPP-002927,2026-07-15,Northwest,West,Mid-Market,False,0.0
OPP-002928,2026-07-15,Northwest,West,SMB,False,0.0
OPP-002929,2026-07-15,Northwest,West,SMB,False,0.0
OPP-002930,2026-07-15,Northwest,West,SMB,False,0.0
OPP-002931,2026-07-15,Northwest,West,SMB,False,0.0
OPP-002932,2026-07-15,Northwest,West,SMB,True,2934.66
OPP-002933,2026-07-15,Northwest,West,SMB,False,0.0
OPP-002934,2026-07-15,Northwest,West,Mid-Market,False,0.0
OPP-002935,2026-07-15,Northwest,West,SMB,True,1020.77
OPP-002936,2026-07-15,Northwest,West,Mid-Market,False,0.0
OPP-002937,2026-07-15,Northwest,West,Enterprise,False,0.0
OPP-002938,2026-07-15,Northwest,West,Mid-Market,True,1653.18
OPP-002939,2026-07-15,Northwest,West,Enterprise,True,8891.5
OPP-002940,2026-07-15,Northwest,West,SMB,False,0.0
OPP-002941,2026-07-15,Northwest,West,SMB,False,0.0
OPP-002942,2026-07-15,Northwest,West,SMB,False,0.0
OPP-002943,2026-07-15,Northwest,West,SMB,True,674.53
OPP-002944,2026-07-15,Northwest,West,SMB,True,649.3
OPP-002945,2026-07-15,Northwest,West,SMB,False,0.0
OPP-002946,2026-07-15,Northwest,West,Enterprise,True,3811.41
OPP-002947,2026-07-15,Northwest,West,SMB,False,0.0
OPP-002948,2026-07-15,Northwest,West,Enterprise,False,0.0
OPP-002949,2026-07-15,Southwest,West,SMB,False,0.0
OPP-002950,2026-07-15,Southwest,West,SMB,False,0.0
OPP-002951,2026-07-15,Southwest,West,SMB,False,0.0
OPP-002952,2026-07-15,Southwest,West,SMB,False,0.0
OPP-002953,2026-07-15,Southwest,West,Mid-Market,True,3522.38
OPP-002954,2026-07-15,Southwest,West,Mid-Market,False,0.0
OPP-002955,2026-07-15,Southwest,West,Mid-Market,False,0.0
OPP-002956,2026-07-15,Southwest,West,SMB,True,1254.15
OPP-002957,2026-07-15,Southwest,West,SMB,False,0.0
OPP-002958,2026-07-15,Southwest,West,Enterprise,True,12782.11
OPP-002959,2026-07-15,Southwest,West,SMB,False,0.0
OPP-002960,2026-07-15,Southwest,West,SMB,True,1671.83
OPP-002961,2026-07-15,Southwest,West,SMB,False,0.0
OPP-002962,2026-07-15,Southwest,West,SMB,False,0.0
OPP-002963,2026-07-15,Southwest,West,Mid-Market,False,0.0
OPP-002964,2026-07-15,Southwest,West,Mid-Market,False,0.0
OPP-002965,2026-07-15,Southwest,West,Mid-Market,False,0.0
OPP-002966,2026-07-16,Northeast,East,Mid-Market,False,0.0
OPP-002967,2026-07-16,Northeast,East,Mid-Market,False,0.0
OPP-002968,2026-07-16,Northeast,East,SMB,False,0.0
OPP-002969,2026-07-16,Northeast,East,SMB,False,0.0
OPP-002970,2026-07-16,Northeast,East,SMB,False,0.0
OPP-002971,2026-07-16,Northeast,East,SMB,False,0.0
OPP-002972,2026-07-16,Northeast,East,Mid-Market,False,0.0
OPP-002973,2026-07-16,Northeast,East,Enterprise,False,0.0
OPP-002974,2026-07-16,Northeast,East,SMB,False,0.0
OPP-002975,2026-07-16,Northeast,East,SMB,False,0.0
OPP-002976,2026-07-16,Northeast,East,SMB,True,1584.49
OPP-002977,2026-07-16,Northeast,East,SMB,True,379.49
OPP-002978,2026-07-16,Northeast,East,SMB,False,0.0
OPP-002979,2026-07-16,Northeast,East,SMB,False,0.0
OPP-002980,2026-07-16,Northeast,East,SMB,True,597.04
OPP-002981,2026-07-16,Northeast,East,SMB,False,0.0
OPP-002982,2026-07-16,Northeast,East,Mid-Market,True,3181.41
OPP-002983,2026-07-16,Northeast,East,Mid-Market,True,1863.16
OPP-002984,2026-07-16,Northeast,East,SMB,False,0.0
OPP-002985,2026-07-16,Northeast,East,SMB,False,0.0
OPP-002986,2026-07-16,Northeast,East,SMB,True,508.04
OPP-002987,2026-07-16,Northeast,East,SMB,False,0.0
OPP-002988,2026-07-16,Southeast,East,SMB,True,921.53
OPP-002989,2026-07-16,Southeast,East,Mid-Market,False,0.0
OPP-002990,2026-07-16,Southeast,East,SMB,True,817.11
OPP-002991,2026-07-16,Southeast,East,Mid-Market,False,0.0
OPP-002992,2026-07-16,Southeast,East,Mid-Market,True,3491.81
OPP-002993,2026-07-16,Southeast,East,SMB,False,0.0
OPP-002994,2026-07-16,Southeast,East,SMB,False,0.0
OPP-002995,2026-07-16,Southeast,East,SMB,True,718.33
OPP-002996,2026-07-16,Southeast,East,Mid-Market,False,0.0
OPP-002997,2026-07-16,Southeast,East,SMB,False,0.0
OPP-002998,2026-07-16,Southeast,East,Mid-Market,True,5646.56
OPP-002999,2026-07-16,Southeast,East,SMB,False,0.0
OPP-003000,2026-07-16,Southeast,East,SMB,False,0.0
OPP-003001,2026-07-16,Southeast,East,SMB,True,1246.4
OPP-003002,2026-07-16,Northwest,West,SMB,False,0.0
OPP-003003,2026-07-16,Northwest,West,SMB,False,0.0
OPP-003004,2026-07-16,Northwest,West,Mid-Market,False,0.0
OPP-003005,2026-07-16,Northwest,West,Enterprise,False,0.0
OPP-003006,2026-07-16,Northwest,West,SMB,False,0.0
OPP-003007,2026-07-16,Northwest,West,SMB,False,0.0
OPP-003008,2026-07-16,Northwest,West,SMB,True,534.81
OPP-003009,2026-07-16,Northwest,West,SMB,False,0.0
OPP-003010,2026-07-16,Northwest,West,Enterprise,False,0.0
OPP-003011,2026-07-16,Southwest,West,SMB,False,0.0
OPP-003012,2026-07-16,Southwest,West,SMB,False,0.0
OPP-003013,2026-07-16,Southwest,West,SMB,False,0.0
OPP-003014,2026-07-16,Southwest,West,Enterprise,False,0.0
OPP-003015,2026-07-16,Southwest,West,SMB,True,1094.12
OPP-003016,2026-07-16,Southwest,West,Mid-Market,False,0.0
OPP-003017,2026-07-16,Southwest,West,Mid-Market,False,0.0
OPP-003018,2026-07-16,Southwest,West,SMB,True,931.39
OPP-003019,2026-07-16,Southwest,West,SMB,False,0.0
OPP-003020,2026-07-16,Southwest,West,Mid-Market,True,2714.64
OPP-003021,2026-07-16,Southwest,West,Mid-Market,True,2701.11
OPP-003022,2026-07-16,Southwest,West,SMB,False,0.0
OPP-003023,2026-07-16,Southwest,West,Mid-Market,True,1147.77
OPP-003024,2026-07-16,Southwest,West,SMB,True,1044.66
OPP-003025,2026-07-16,Southwest,West,SMB,True,761.5
OPP-003026,2026-07-16,Southwest,West,SMB,True,1660.4
OPP-003027,2026-07-16,Southwest,West,SMB,False,0.0
OPP-003028,2026-07-16,Southwest,West,SMB,True,443.0
OPP-003029,2026-07-16,Southwest,West,SMB,False,0.0
OPP-003030,2026-07-16,Southwest,West,Mid-Market,False,0.0
OPP-003031,2026-07-16,Southwest,West,SMB,True,501.43
OPP-003032,2026-07-16,Southwest,West,SMB,True,644.03
OPP-003033,2026-07-16,Southwest,West,SMB,False,0.0
OPP-003034,2026-07-16,Southwest,West,Mid-Market,False,0.0
OPP-003035,2026-07-16,Southwest,West,Enterprise,False,0.0
OPP-003036,2026-07-17,Northeast,East,SMB,True,829.9
OPP-003037,2026-07-17,Northeast,East,Mid-Market,False,0.0
OPP-003038,2026-07-17,Northeast,East,SMB,True,1181.3
OPP-003039,2026-07-17,Northeast,East,Mid-Market,False,0.0
OPP-003040,2026-07-17,Northeast,East,Mid-Market,True,3010.17
OPP-003041,2026-07-17,Northeast,East,SMB,False,0.0
OPP-003042,2026-07-17,Northeast,East,Mid-Market,False,0.0
OPP-003043,2026-07-17,Northeast,East,Mid-Market,False,0.0
OPP-003044,2026-07-17,Northeast,East,Mid-Market,False,0.0
OPP-003045,2026-07-17,Northeast,East,Mid-Market,False,0.0
OPP-003046,2026-07-17,Northeast,East,SMB,False,0.0
OPP-003047,2026-07-17,Northeast,East,SMB,True,949.58
OPP-003048,2026-07-17,Southeast,East,SMB,False,0.0
OPP-003049,2026-07-17,Southeast,East,Mid-Market,True,2452.76
OPP-003050,2026-07-17,Southeast,East,Mid-Market,False,0.0
OPP-003051,2026-07-17,Southeast,East,SMB,False,0.0
OPP-003052,2026-07-17,Southeast,East,SMB,True,568.08
OPP-003053,2026-07-17,Southeast,East,Mid-Market,False,0.0
OPP-003054,2026-07-17,Southeast,East,SMB,False,0.0
OPP-003055,2026-07-17,Southeast,East,Mid-Market,False,0.0
OPP-003056,2026-07-17,Southeast,East,SMB,False,0.0
OPP-003057,2026-07-17,Southeast,East,SMB,False,0.0
OPP-003058,2026-07-17,Southeast,East,SMB,False,0.0
OPP-003059,2026-07-17,Southeast,East,SMB,False,0.0
OPP-003060,2026-07-17,Southeast,East,Mid-Market,False,0.0
OPP-003061,2026-07-17,Southeast,East,Mid-Market,False,0.0
OPP-003062,2026-07-17,Southeast,East,Mid-Market,False,0.0
OPP-003063,2026-07-17,Southeast,East,Mid-Market,False,0.0
OPP-003064,2026-07-17,Southeast,East,SMB,False,0.0
OPP-003065,2026-07-17,Northwest,West,SMB,True,797.57
OPP-003066,2026-07-17,Northwest,West,SMB,False,0.0
OPP-003067,2026-07-17,Northwest,West,Mid-Market,True,2287.71
OPP-003068,2026-07-17,Northwest,West,Mid-Market,True,2024.45
OPP-003069,2026-07-17,Northwest,West,Mid-Market,False,0.0
OPP-003070,2026-07-17,Northwest,West,SMB,False,0.0
OPP-003071,2026-07-17,Northwest,West,Enterprise,False,0.0
OPP-003072,2026-07-17,Northwest,West,Mid-Market,False,0.0
OPP-003073,2026-07-17,Northwest,West,Mid-Market,False,0.0
OPP-003074,2026-07-17,Northwest,West,SMB,False,0.0
OPP-003075,2026-07-17,Northwest,West,Mid-Market,False,0.0
OPP-003076,2026-07-17,Northwest,West,Mid-Market,False,0.0
OPP-003077,2026-07-17,Northwest,West,Mid-Market,False,0.0
OPP-003078,2026-07-17,Northwest,West,SMB,False,0.0
OPP-003079,2026-07-17,Northwest,West,SMB,False,0.0
OPP-003080,2026-07-17,Northwest,West,SMB,False,0.0
OPP-003081,2026-07-17,Northwest,West,SMB,False,0.0
OPP-003082,2026-07-17,Northwest,West,Mid-Market,True,5098.42
OPP-003083,2026-07-17,Southwest,West,SMB,True,937.06
OPP-003084,2026-07-17,Southwest,West,Mid-Market,False,0.0
OPP-003085,2026-07-17,Southwest,West,Mid-Market,False,0.0
OPP-003086,2026-07-17,Southwest,West,Mid-Market,False,0.0
OPP-003087,2026-07-17,Southwest,West,SMB,False,0.0
OPP-003088,2026-07-17,Southwest,West,SMB,True,1091.73
OPP-003089,2026-07-17,Southwest,West,SMB,False,0.0
OPP-003090,2026-07-17,Southwest,West,Enterprise,False,0.0
OPP-003091,2026-07-17,Southwest,West,SMB,False,0.0
OPP-003092,2026-07-17,Southwest,West,SMB,False,0.0
OPP-003093,2026-07-17,Southwest,West,SMB,False,0.0
OPP-003094,2026-07-17,Southwest,West,SMB,True,720.23
OPP-003095,2026-07-17,Southwest,West,SMB,False,0.0
OPP-003096,2026-07-18,Northeast,East,SMB,False,0.0
OPP-003097,2026-07-18,Northeast,East,SMB,False,0.0
OPP-003098,2026-07-18,Northeast,East,Mid-Market,False,0.0
OPP-003099,2026-07-18,Northeast,East,SMB,False,0.0
OPP-003100,2026-07-18,Northeast,East,Mid-Market,False,0.0
OPP-003101,2026-07-18,Northeast,East,Mid-Market,False,0.0
OPP-003102,2026-07-18,Northeast,East,SMB,True,1137.47
OPP-003103,2026-07-18,Northeast,East,SMB,True,938.98
OPP-003104,2026-07-18,Northeast,East,Mid-Market,True,4874.48
OPP-003105,2026-07-18,Northeast,East,SMB,False,0.0
OPP-003106,2026-07-18,Northeast,East,SMB,False,0.0
OPP-003107,2026-07-18,Southeast,East,SMB,False,0.0
OPP-003108,2026-07-18,Southeast,East,Enterprise,True,5885.12
OPP-003109,2026-07-18,Southeast,East,Enterprise,False,0.0
OPP-003110,2026-07-18,Southeast,East,SMB,True,1460.27
OPP-003111,2026-07-18,Southeast,East,SMB,False,0.0
OPP-003112,2026-07-18,Southeast,East,SMB,False,0.0
OPP-003113,2026-07-18,Southeast,East,SMB,False,0.0
OPP-003114,2026-07-18,Northwest,West,SMB,False,0.0
OPP-003115,2026-07-18,Northwest,West,Mid-Market,False,0.0
OPP-003116,2026-07-18,Northwest,West,Mid-Market,False,0.0
OPP-003117,2026-07-18,Northwest,West,SMB,True,1482.52
OPP-003118,2026-07-18,Northwest,West,Mid-Market,False,0.0
OPP-003119,2026-07-18,Northwest,West,SMB,False,0.0
OPP-003120,2026-07-18,Northwest,West,SMB,False,0.0
OPP-003121,2026-07-18,Northwest,West,SMB,False,0.0
OPP-003122,2026-07-18,Northwest,West,Mid-Market,False,0.0
OPP-003123,2026-07-18,Southwest,West,SMB,True,1147.21
OPP-003124,2026-07-18,Southwest,West,SMB,True,964.58
OPP-003125,2026-07-18,Southwest,West,Mid-Market,False,0.0
OPP-003126,2026-07-18,Southwest,West,SMB,False,0.0
OPP-003127,2026-07-18,Southwest,West,SMB,False,0.0
OPP-003128,2026-07-18,Southwest,West,SMB,True,853.1
OPP-003129,2026-07-18,Southwest,West,Enterprise,False,0.0
OPP-003130,2026-07-18,Southwest,West,SMB,False,0.0
OPP-003131,2026-07-18,Southwest,West,Mid-Market,False,0.0
OPP-003132,2026-07-18,Southwest,West,SMB,True,374.09
OPP-003133,2026-07-18,Southwest,West,Mid-Market,False,0.0
OPP-003134,2026-07-18,Southwest,West,SMB,False,0.0
OPP-003135,2026-07-18,Southwest,West,SMB,True,1468.28
OPP-003136,2026-07-18,Southwest,West,SMB,False,0.0
OPP-003137,2026-07-18,Southwest,West,SMB,False,0.0
OPP-003138,2026-07-18,Southwest,West,SMB,False,0.0
OPP-003139,2026-07-18,Southwest,West,SMB,False,0.0
OPP-003140,2026-07-18,Southwest,West,Enterprise,True,5735.17
OPP-003141,2026-07-19,Northeast,East,Mid-Market,False,0.0
OPP-003142,2026-07-19,Northeast,East,SMB,False,0.0
OPP-003143,2026-07-19,Northeast,East,SMB,False,0.0
OPP-003144,2026-07-19,Northeast,East,SMB,False,0.0
OPP-003145,2026-07-19,Northeast,East,Mid-Market,False,0.0
OPP-003146,2026-07-19,Northeast,East,SMB,True,251.1
OPP-003147,2026-07-19,Northeast,East,Enterprise,False,0.0
OPP-003148,2026-07-19,Northeast,East,SMB,False,0.0
OPP-003149,2026-07-19,Northeast,East,Mid-Market,False,0.0
OPP-003150,2026-07-19,Northeast,East,SMB,False,0.0
OPP-003151,2026-07-19,Northeast,East,SMB,False,0.0
OPP-003152,2026-07-19,Southeast,East,SMB,False,0.0
OPP-003153,2026-07-19,Southeast,East,Mid-Market,False,0.0
OPP-003154,2026-07-19,Southeast,East,SMB,False,0.0
OPP-003155,2026-07-19,Southeast,East,Mid-Market,False,0.0
OPP-003156,2026-07-19,Southeast,East,SMB,False,0.0
OPP-003157,2026-07-19,Northwest,West,SMB,False,0.0
OPP-003158,2026-07-19,Northwest,West,Mid-Market,False,0.0
OPP-003159,2026-07-19,Northwest,West,SMB,True,1190.07
OPP-003160,2026-07-19,Northwest,West,SMB,False,0.0
OPP-003161,2026-07-19,Northwest,West,SMB,False,0.0
OPP-003162,2026-07-19,Northwest,West,Enterprise,False,0.0
OPP-003163,2026-07-19,Northwest,West,SMB,False,0.0
OPP-003164,2026-07-19,Northwest,West,SMB,True,806.19
OPP-003165,2026-07-19,Northwest,West,SMB,False,0.0
OPP-003166,2026-07-19,Northwest,West,SMB,False,0.0
OPP-003167,2026-07-19,Northwest,West,SMB,False,0.0
OPP-003168,2026-07-19,Northwest,West,SMB,False,0.0
OPP-003169,2026-07-19,Northwest,West,SMB,True,656.15
OPP-003170,2026-07-19,Northwest,West,Mid-Market,False,0.0
OPP-003171,2026-07-19,Northwest,West,Mid-Market,False,0.0
OPP-003172,2026-07-19,Southwest,West,SMB,False,0.0
OPP-003173,2026-07-19,Southwest,West,SMB,False,0.0
OPP-003174,2026-07-19,Southwest,West,Mid-Market,False,0.0
OPP-003175,2026-07-19,Southwest,West,SMB,False,0.0
OPP-003176,2026-07-19,Southwest,West,Mid-Market,False,0.0
OPP-003177,2026-07-19,Southwest,West,Mid-Market,False,0.0
OPP-003178,2026-07-19,Southwest,West,Mid-Market,True,3887.03
OPP-003179,2026-07-19,Southwest,West,SMB,True,1629.58
OPP-003180,2026-07-19,Southwest,West,SMB,False,0.0
OPP-003181,2026-07-19,Southwest,West,SMB,False,0.0
OPP-003182,2026-07-19,Southwest,West,SMB,True,463.09
OPP-003183,2026-07-19,Southwest,West,SMB,False,0.0
OPP-003184,2026-07-19,Southwest,West,SMB,False,0.0
OPP-003185,2026-07-19,Southwest,West,SMB,True,1725.32
OPP-003186,2026-07-19,Southwest,West,SMB,False,0.0
OPP-003187,2026-07-20,Northeast,East,SMB,False,0.0
OPP-003188,2026-07-20,Northeast,East,SMB,False,0.0
OPP-003189,2026-07-20,Northeast,East,Mid-Market,False,0.0
OPP-003190,2026-07-20,Northeast,East,SMB,False,0.0
OPP-003191,2026-07-20,Northeast,East,Mid-Market,False,0.0
OPP-003192,2026-07-20,Northeast,East,Enterprise,False,0.0
OPP-003193,2026-07-20,Northeast,East,SMB,False,0.0
OPP-003194,2026-07-20,Northeast,East,SMB,False,0.0
OPP-003195,2026-07-20,Northeast,East,SMB,False,0.0
OPP-003196,2026-07-20,Northeast,East,SMB,False,0.0
OPP-003197,2026-07-20,Northeast,East,SMB,False,0.0
OPP-003198,2026-07-20,Northeast,East,Mid-Market,False,0.0
OPP-003199,2026-07-20,Northeast,East,Mid-Market,False,0.0
OPP-003200,2026-07-20,Northeast,East,SMB,False,0.0
OPP-003201,2026-07-20,Northeast,East,SMB,False,0.0
OPP-003202,2026-07-20,Northeast,East,SMB,False,0.0
OPP-003203,2026-07-20,Southeast,East,SMB,False,0.0
OPP-003204,2026-07-20,Southeast,East,SMB,False,0.0
OPP-003205,2026-07-20,Southeast,East,SMB,False,0.0
OPP-003206,2026-07-20,Southeast,East,SMB,True,1268.03
OPP-003207,2026-07-20,Southeast,East,Mid-Market,False,0.0
OPP-003208,2026-07-20,Southeast,East,Mid-Market,True,4178.44
OPP-003209,2026-07-20,Southeast,East,SMB,False,0.0
OPP-003210,2026-07-20,Southeast,East,SMB,True,273.3
OPP-003211,2026-07-20,Southeast,East,Enterprise,False,0.0
OPP-003212,2026-07-20,Southeast,East,Enterprise,False,0.0
OPP-003213,2026-07-20,Southeast,East,SMB,False,0.0
OPP-003214,2026-07-20,Southeast,East,SMB,False,0.0
OPP-003215,2026-07-20,Southeast,East,Mid-Market,False,0.0
OPP-003216,2026-07-20,Southeast,East,SMB,False,0.0
OPP-003217,2026-07-20,Southeast,East,SMB,False,0.0
OPP-003218,2026-07-20,Southeast,East,SMB,False,0.0
OPP-003219,2026-07-20,Southeast,East,SMB,True,783.83
OPP-003220,2026-07-20,Southeast,East,SMB,False,0.0
OPP-003221,2026-07-20,Southeast,East,Enterprise,True,3581.16
OPP-003222,2026-07-20,Southeast,East,SMB,False,0.0
OPP-003223,2026-07-20,Southeast,East,SMB,False,0.0
OPP-003224,2026-07-20,Northwest,West,Enterprise,False,0.0
OPP-003225,2026-07-20,Northwest,West,Enterprise,False,0.0
OPP-003226,2026-07-20,Northwest,West,SMB,False,0.0
OPP-003227,2026-07-20,Northwest,West,Mid-Market,False,0.0
OPP-003228,2026-07-20,Northwest,West,SMB,False,0.0
OPP-003229,2026-07-20,Northwest,West,SMB,False,0.0
OPP-003230,2026-07-20,Northwest,West,SMB,False,0.0
OPP-003231,2026-07-20,Northwest,West,SMB,False,0.0
OPP-003232,2026-07-20,Northwest,West,SMB,False,0.0
OPP-003233,2026-07-20,Northwest,West,Enterprise,True,10030.19
OPP-003234,2026-07-20,Northwest,West,SMB,False,0.0
OPP-003235,2026-07-20,Northwest,West,Mid-Market,False,0.0
OPP-003236,2026-07-20,Northwest,West,SMB,False,0.0
OPP-003237,2026-07-20,Northwest,West,Enterprise,False,0.0
OPP-003238,2026-07-20,Northwest,West,SMB,False,0.0
OPP-003239,2026-07-20,Northwest,West,SMB,True,507.53
OPP-003240,2026-07-20,Northwest,West,Enterprise,False,0.0
OPP-003241,2026-07-20,Southwest,West,SMB,False,0.0
OPP-003242,2026-07-20,Southwest,West,Mid-Market,False,0.0
OPP-003243,2026-07-20,Southwest,West,Mid-Market,True,5065.95
OPP-003244,2026-07-20,Southwest,West,Mid-Market,False,0.0
OPP-003245,2026-07-20,Southwest,West,SMB,False,0.0
OPP-003246,2026-07-20,Southwest,West,SMB,False,0.0
OPP-003247,2026-07-20,Southwest,West,SMB,False,0.0
OPP-003248,2026-07-20,Southwest,West,SMB,False,0.0
OPP-003249,2026-07-20,Southwest,West,Mid-Market,False,0.0
OPP-003250,2026-07-20,Southwest,West,SMB,False,0.0
OPP-003251,2026-07-20,Southwest,West,SMB,False,0.0
OPP-003252,2026-07-20,Southwest,West,SMB,False,0.0
OPP-003253,2026-07-20,Southwest,West,SMB,False,0.0
OPP-003254,2026-07-20,Southwest,West,Mid-Market,False,0.0
OPP-003255,2026-07-20,Southwest,West,SMB,False,0.0
OPP-003256,2026-07-20,Southwest,West,Mid-Market,False,0.0
OPP-003257,2026-07-20,Southwest,West,Mid-Market,False,0.0
OPP-003258,2026-07-20,Southwest,West,SMB,True,888.14
OPP-003259,2026-07-20,Southwest,West,SMB,False,0.0
OPP-003260,2026-07-20,Southwest,West,SMB,False,0.0
OPP-003261,2026-07-20,Southwest,West,Mid-Market,False,0.0
OPP-003262,2026-07-20,Southwest,West,Mid-Market,True,3208.84
OPP-003263,2026-07-21,Northeast,East,Enterprise,False,0.0
OPP-003264,2026-07-21,Northeast,East,SMB,False,0.0
OPP-003265,2026-07-21,Northeast,East,Mid-Market,True,1927.48
OPP-003266,2026-07-21,Northeast,East,Enterprise,False,0.0
OPP-003267,2026-07-21,Northeast,East,Enterprise,False,0.0
OPP-003268,2026-07-21,Northeast,East,SMB,False,0.0
OPP-003269,2026-07-21,Northeast,East,SMB,False,0.0
OPP-003270,2026-07-21,Northeast,East,SMB,False,0.0
OPP-003271,2026-07-21,Northeast,East,SMB,False,0.0
OPP-003272,2026-07-21,Northeast,East,Mid-Market,False,0.0
OPP-003273,2026-07-21,Northeast,East,SMB,False,0.0
OPP-003274,2026-07-21,Northeast,East,SMB,True,1975.54
OPP-003275,2026-07-21,Northeast,East,Mid-Market,False,0.0
OPP-003276,2026-07-21,Northeast,East,Mid-Market,True,1207.49
OPP-003277,2026-07-21,Northeast,East,SMB,True,923.25
OPP-003278,2026-07-21,Northeast,East,Mid-Market,False,0.0
OPP-003279,2026-07-21,Northeast,East,SMB,False,0.0
OPP-003280,2026-07-21,Northeast,East,SMB,False,0.0
OPP-003281,2026-07-21,Northeast,East,SMB,False,0.0
OPP-003282,2026-07-21,Northeast,East,SMB,False,0.0
OPP-003283,2026-07-21,Northeast,East,Mid-Market,False,0.0
OPP-003284,2026-07-21,Northeast,East,Mid-Market,False,0.0
OPP-003285,2026-07-21,Northeast,East,Mid-Market,True,2813.22
OPP-003286,2026-07-21,Northeast,East,Mid-Market,True,3779.6
OPP-003287,2026-07-21,Southeast,East,SMB,True,469.19
OPP-003288,2026-07-21,Southeast,East,SMB,False,0.0
OPP-003289,2026-07-21,Southeast,East,SMB,False,0.0
OPP-003290,2026-07-21,Southeast,East,Mid-Market,False,0.0
OPP-003291,2026-07-21,Southeast,East,SMB,False,0.0
OPP-003292,2026-07-21,Southeast,East,SMB,False,0.0
OPP-003293,2026-07-21,Southeast,East,SMB,True,1111.05
OPP-003294,2026-07-21,Southeast,East,Mid-Market,True,1802.56
OPP-003295,2026-07-21,Southeast,East,Mid-Market,False,0.0
OPP-003296,2026-07-21,Southeast,East,SMB,False,0.0
OPP-003297,2026-07-21,Southeast,East,SMB,False,0.0
OPP-003298,2026-07-21,Southeast,East,Mid-Market,False,0.0
OPP-003299,2026-07-21,Southeast,East,SMB,False,0.0
OPP-003300,2026-07-21,Southeast,East,Mid-Market,False,0.0
OPP-003301,2026-07-21,Southeast,East,SMB,False,0.0
OPP-003302,2026-07-21,Southeast,East,SMB,False,0.0
OPP-003303,2026-07-21,Southeast,East,SMB,False,0.0
OPP-003304,2026-07-21,Southeast,East,SMB,False,0.0
OPP-003305,2026-07-21,Northwest,West,Enterprise,False,0.0
OPP-003306,2026-07-21,Northwest,West,SMB,False,0.0
OPP-003307,2026-07-21,Northwest,West,SMB,False,0.0
OPP-003308,2026-07-21,Northwest,West,SMB,False,0.0
OPP-003309,2026-07-21,Northwest,West,SMB,False,0.0
OPP-003310,2026-07-21,Northwest,West,Enterprise,False,0.0
OPP-003311,2026-07-21,Northwest,West,SMB,False,0.0
OPP-003312,2026-07-21,Northwest,West,Mid-Market,False,0.0
OPP-003313,2026-07-21,Northwest,West,SMB,True,826.68
OPP-003314,2026-07-21,Northwest,West,SMB,False,0.0
OPP-003315,2026-07-21,Northwest,West,Mid-Market,True,2119.9
OPP-003316,2026-07-21,Northwest,West,Mid-Market,False,0.0
OPP-003317,2026-07-21,Northwest,West,Mid-Market,False,0.0
OPP-003318,2026-07-21,Northwest,West,Mid-Market,False,0.0
OPP-003319,2026-07-21,Northwest,West,SMB,False,0.0
OPP-003320,2026-07-21,Northwest,West,SMB,False,0.0
OPP-003321,2026-07-21,Northwest,West,SMB,False,0.0
OPP-003322,2026-07-21,Northwest,West,Mid-Market,False,0.0
OPP-003323,2026-07-21,Northwest,West,SMB,False,0.0
OPP-003324,2026-07-21,Northwest,West,Enterprise,True,4428.53
OPP-003325,2026-07-21,Northwest,West,SMB,False,0.0
OPP-003326,2026-07-21,Northwest,West,SMB,False,0.0
OPP-003327,2026-07-21,Northwest,West,SMB,False,0.0
OPP-003328,2026-07-21,Northwest,West,SMB,True,1423.71
OPP-003329,2026-07-21,Southwest,West,SMB,True,1253.67
OPP-003330,2026-07-21,Southwest,West,SMB,False,0.0
OPP-003331,2026-07-21,Southwest,West,SMB,False,0.0
OPP-003332,2026-07-21,Southwest,West,Mid-Market,False,0.0
OPP-003333,2026-07-21,Southwest,West,SMB,False,0.0
OPP-003334,2026-07-21,Southwest,West,SMB,False,0.0
OPP-003335,2026-07-21,Southwest,West,SMB,True,600.9
OPP-003336,2026-07-21,Southwest,West,SMB,False,0.0
OPP-003337,2026-07-21,Southwest,West,SMB,False,0.0
OPP-003338,2026-07-21,Southwest,West,SMB,False,0.0
OPP-003339,2026-07-21,Southwest,West,SMB,False,0.0
OPP-003340,2026-07-21,Southwest,West,SMB,False,0.0
OPP-003341,2026-07-21,Southwest,West,Mid-Market,False,0.0
OPP-003342,2026-07-21,Southwest,West,SMB,False,0.0
OPP-003343,2026-07-21,Southwest,West,SMB,False,0.0
OPP-003344,2026-07-21,Southwest,West,Enterprise,False,0.0
OPP-003345,2026-07-21,Southwest,West,SMB,False,0.0
OPP-003346,2026-07-21,Southwest,West,SMB,False,0.0
OPP-003347,2026-07-21,Southwest,West,SMB,False,0.0
OPP-003348,2026-07-22,Northeast,East,SMB,False,0.0
OPP-003349,2026-07-22,Northeast,East,SMB,False,0.0
OPP-003350,2026-07-22,Northeast,East,SMB,True,411.55
OPP-003351,2026-07-22,Northeast,East,SMB,False,0.0
OPP-003352,2026-07-22,Northeast,East,SMB,False,0.0
OPP-003353,2026-07-22,Northeast,East,Enterprise,False,0.0
OPP-003354,2026-07-22,Northeast,East,Enterprise,False,0.0
OPP-003355,2026-07-22,Northeast,East,Mid-Market,False,0.0
OPP-003356,2026-07-22,Northeast,East,Mid-Market,True,2380.74
OPP-003357,2026-07-22,Northeast,East,Enterprise,False,0.0
OPP-003358,2026-07-22,Northeast,East,Enterprise,False,0.0
OPP-003359,2026-07-22,Northeast,East,SMB,False,0.0
OPP-003360,2026-07-22,Northeast,East,SMB,True,480.15
OPP-003361,2026-07-22,Northeast,East,Enterprise,True,3235.33
OPP-003362,2026-07-22,Southeast,East,SMB,False,0.0
OPP-003363,2026-07-22,Southeast,East,Mid-Market,False,0.0
OPP-003364,2026-07-22,Southeast,East,SMB,False,0.0
OPP-003365,2026-07-22,Southeast,East,SMB,False,0.0
OPP-003366,2026-07-22,Southeast,East,SMB,False,0.0
OPP-003367,2026-07-22,Southeast,East,Mid-Market,True,1718.61
OPP-003368,2026-07-22,Southeast,East,Mid-Market,False,0.0
OPP-003369,2026-07-22,Southeast,East,SMB,False,0.0
OPP-003370,2026-07-22,Southeast,East,Enterprise,True,7337.37
OPP-003371,2026-07-22,Southeast,East,SMB,True,705.97
OPP-003372,2026-07-22,Southeast,East,SMB,False,0.0
OPP-003373,2026-07-22,Southeast,East,Mid-Market,True,2333.1
OPP-003374,2026-07-22,Southeast,East,Mid-Market,False,0.0
OPP-003375,2026-07-22,Southeast,East,SMB,False,0.0
OPP-003376,2026-07-22,Southeast,East,SMB,False,0.0
OPP-003377,2026-07-22,Southeast,East,SMB,False,0.0
OPP-003378,2026-07-22,Southeast,East,SMB,False,0.0
OPP-003379,2026-07-22,Southeast,East,Enterprise,False,0.0
OPP-003380,2026-07-22,Southeast,East,SMB,False,0.0
OPP-003381,2026-07-22,Southeast,East,SMB,False,0.0
OPP-003382,2026-07-22,Northwest,West,SMB,False,0.0
OPP-003383,2026-07-22,Northwest,West,SMB,False,0.0
OPP-003384,2026-07-22,Northwest,West,SMB,False,0.0
OPP-003385,2026-07-22,Northwest,West,SMB,True,514.12
OPP-003386,2026-07-22,Northwest,West,SMB,False,0.0
OPP-003387,2026-07-22,Northwest,West,Mid-Market,False,0.0
OPP-003388,2026-07-22,Northwest,West,SMB,True,852.72
OPP-003389,2026-07-22,Northwest,West,SMB,False,0.0
OPP-003390,2026-07-22,Northwest,West,Mid-Market,False,0.0
OPP-003391,2026-07-22,Northwest,West,Mid-Market,True,1637.94
OPP-003392,2026-07-22,Northwest,West,SMB,False,0.0
OPP-003393,2026-07-22,Northwest,West,SMB,False,0.0
OPP-003394,2026-07-22,Northwest,West,SMB,False,0.0
OPP-003395,2026-07-22,Northwest,West,SMB,False,0.0
OPP-003396,2026-07-22,Northwest,West,Mid-Market,True,1265.59
OPP-003397,2026-07-22,Northwest,West,Mid-Market,True,1913.06
OPP-003398,2026-07-22,Northwest,West,SMB,False,0.0
OPP-003399,2026-07-22,Northwest,West,Mid-Market,False,0.0
OPP-003400,2026-07-22,Northwest,West,Mid-Market,True,3108.98
OPP-003401,2026-07-22,Northwest,West,Mid-Market,False,0.0
OPP-003402,2026-07-22,Southwest,West,SMB,True,1083.75
OPP-003403,2026-07-22,Southwest,West,SMB,False,0.0
OPP-003404,2026-07-22,Southwest,West,Mid-Market,True,2927.84
OPP-003405,2026-07-22,Southwest,West,Enterprise,True,6986.13
OPP-003406,2026-07-22,Southwest,West,Enterprise,False,0.0
OPP-003407,2026-07-22,Southwest,West,Enterprise,False,0.0
OPP-003408,2026-07-22,Southwest,West,Mid-Market,False,0.0
OPP-003409,2026-07-22,Southwest,West,SMB,True,613.69
OPP-003410,2026-07-22,Southwest,West,SMB,True,580.56
OPP-003411,2026-07-22,Southwest,West,SMB,False,0.0
OPP-003412,2026-07-22,Southwest,West,Enterprise,False,0.0
OPP-003413,2026-07-22,Southwest,West,Mid-Market,False,0.0
OPP-003414,2026-07-22,Southwest,West,SMB,False,0.0
OPP-003415,2026-07-22,Southwest,West,Enterprise,False,0.0
OPP-003416,2026-07-22,Southwest,West,Mid-Market,False,0.0
OPP-003417,2026-07-22,Southwest,West,SMB,False,0.0
OPP-003418,2026-07-22,Southwest,West,Mid-Market,False,0.0
OPP-003419,2026-07-22,Southwest,West,SMB,True,1370.11
OPP-003420,2026-07-23,Northeast,East,SMB,False,0.0
OPP-003421,2026-07-23,Northeast,East,SMB,False,0.0
OPP-003422,2026-07-23,Northeast,East,SMB,False,0.0
OPP-003423,2026-07-23,Northeast,East,SMB,False,0.0
OPP-003424,2026-07-23,Northeast,East,SMB,True,573.49
OPP-003425,2026-07-23,Northeast,East,SMB,False,0.0
OPP-003426,2026-07-23,Northeast,East,Mid-Market,False,0.0
OPP-003427,2026-07-23,Northeast,East,SMB,False,0.0
OPP-003428,2026-07-23,Northeast,East,Enterprise,True,6033.0
OPP-003429,2026-07-23,Northeast,East,Mid-Market,False,0.0
OPP-003430,2026-07-23,Northeast,East,Mid-Market,True,1554.72
OPP-003431,2026-07-23,Northeast,East,Enterprise,False,0.0
OPP-003432,2026-07-23,Northeast,East,Enterprise,False,0.0
OPP-003433,2026-07-23,Northeast,East,SMB,False,0.0
OPP-003434,2026-07-23,Northeast,East,Enterprise,False,0.0
OPP-003435,2026-07-23,Northeast,East,SMB,False,0.0
OPP-003436,2026-07-23,Northeast,East,SMB,True,1532.27
OPP-003437,2026-07-23,Northeast,East,SMB,False,0.0
OPP-003438,2026-07-23,Northeast,East,SMB,False,0.0
OPP-003439,2026-07-23,Southeast,East,SMB,True,1860.05
OPP-003440,2026-07-23,Southeast,East,SMB,False,0.0
OPP-003441,2026-07-23,Southeast,East,SMB,True,605.92
OPP-003442,2026-07-23,Southeast,East,SMB,False,0.0
OPP-003443,2026-07-23,Southeast,East,SMB,False,0.0
OPP-003444,2026-07-23,Southeast,East,SMB,False,0.0
OPP-003445,2026-07-23,Southeast,East,SMB,True,713.71
OPP-003446,2026-07-23,Southeast,East,Enterprise,True,6391.39
OPP-003447,2026-07-23,Southeast,East,SMB,False,0.0
OPP-003448,2026-07-23,Southeast,East,Enterprise,False,0.0
OPP-003449,2026-07-23,Southeast,East,SMB,False,0.0
OPP-003450,2026-07-23,Southeast,East,SMB,False,0.0
OPP-003451,2026-07-23,Southeast,East,Mid-Market,False,0.0
OPP-003452,2026-07-23,Southeast,East,SMB,True,892.93
OPP-003453,2026-07-23,Southeast,East,Mid-Market,True,2324.7
OPP-003454,2026-07-23,Southeast,East,Enterprise,False,0.0
OPP-003455,2026-07-23,Southeast,East,SMB,False,0.0
OPP-003456,2026-07-23,Southeast,East,Mid-Market,False,0.0
OPP-003457,2026-07-23,Southeast,East,SMB,True,1293.72
OPP-003458,2026-07-23,Southeast,East,SMB,False,0.0
OPP-003459,2026-07-23,Southeast,East,Enterprise,False,0.0
OPP-003460,2026-07-23,Southeast,East,SMB,True,1764.05
OPP-003461,2026-07-23,Southeast,East,SMB,True,237.93
OPP-003462,2026-07-23,Southeast,East,SMB,False,0.0
OPP-003463,2026-07-23,Southeast,East,SMB,False,0.0
OPP-003464,2026-07-23,Southeast,East,Mid-Market,False,0.0
OPP-003465,2026-07-23,Southeast,East,Mid-Market,False,0.0
OPP-003466,2026-07-23,Southeast,East,Mid-Market,False,0.0
OPP-003467,2026-07-23,Northwest,West,SMB,True,535.26
OPP-003468,2026-07-23,Northwest,West,SMB,False,0.0
OPP-003469,2026-07-23,Northwest,West,SMB,True,806.38
OPP-003470,2026-07-23,Northwest,West,Mid-Market,True,3118.45
OPP-003471,2026-07-23,Northwest,West,SMB,False,0.0
OPP-003472,2026-07-23,Northwest,West,Mid-Market,True,2022.58
OPP-003473,2026-07-23,Northwest,West,SMB,True,405.1
OPP-003474,2026-07-23,Northwest,West,SMB,False,0.0
OPP-003475,2026-07-23,Northwest,West,SMB,False,0.0
OPP-003476,2026-07-23,Northwest,West,Mid-Market,True,2156.39
OPP-003477,2026-07-23,Northwest,West,SMB,False,0.0
OPP-003478,2026-07-23,Northwest,West,Mid-Market,False,0.0
OPP-003479,2026-07-23,Northwest,West,SMB,True,783.03
OPP-003480,2026-07-23,Northwest,West,SMB,True,483.28
OPP-003481,2026-07-23,Northwest,West,SMB,False,0.0
OPP-003482,2026-07-23,Northwest,West,SMB,True,760.47
OPP-003483,2026-07-23,Northwest,West,SMB,True,762.14
OPP-003484,2026-07-23,Northwest,West,SMB,False,0.0
OPP-003485,2026-07-23,Northwest,West,SMB,False,0.0
OPP-003486,2026-07-23,Northwest,West,Mid-Market,False,0.0
OPP-003487,2026-07-23,Northwest,West,SMB,False,0.0
OPP-003488,2026-07-23,Northwest,West,Mid-Market,False,0.0
OPP-003489,2026-07-23,Northwest,West,SMB,True,889.65
OPP-003490,2026-07-23,Northwest,West,SMB,False,0.0
OPP-003491,2026-07-23,Southwest,West,SMB,False,0.0
OPP-003492,2026-07-23,Southwest,West,SMB,True,707.65
OPP-003493,2026-07-23,Southwest,West,Mid-Market,False,0.0
OPP-003494,2026-07-23,Southwest,West,SMB,False,0.0
OPP-003495,2026-07-23,Southwest,West,SMB,False,0.0
OPP-003496,2026-07-23,Southwest,West,Enterprise,True,7559.3
OPP-003497,2026-07-23,Southwest,West,SMB,False,0.0
OPP-003498,2026-07-23,Southwest,West,Mid-Market,False,0.0
OPP-003499,2026-07-23,Southwest,West,SMB,False,0.0
OPP-003500,2026-07-23,Southwest,West,SMB,True,1207.71
OPP-003501,2026-07-23,Southwest,West,SMB,False,0.0
OPP-003502,2026-07-23,Southwest,West,SMB,True,942.18
OPP-003503,2026-07-23,Southwest,West,SMB,True,662.89
OPP-003504,2026-07-23,Southwest,West,SMB,False,0.0
OPP-003505,2026-07-23,Southwest,West,SMB,True,1294.65
OPP-003506,2026-07-23,Southwest,West,SMB,False,0.0
OPP-003507,2026-07-23,Southwest,West,SMB,True,1181.59
OPP-003508,2026-07-23,Southwest,West,SMB,False,0.0
OPP-003509,2026-07-23,Southwest,West,SMB,False,0.0
OPP-003510,2026-07-23,Southwest,West,SMB,False,0.0
OPP-003511,2026-07-24,Northeast,East,SMB,False,0.0
OPP-003512,2026-07-24,Northeast,East,SMB,False,0.0
OPP-003513,2026-07-24,Northeast,East,SMB,False,0.0
OPP-003514,2026-07-24,Northeast,East,Mid-Market,False,0.0
OPP-003515,2026-07-24,Northeast,East,SMB,True,476.17
OPP-003516,2026-07-24,Northeast,East,Mid-Market,False,0.0
OPP-003517,2026-07-24,Northeast,East,SMB,True,1761.45
OPP-003518,2026-07-24,Northeast,East,Mid-Market,True,3623.91
OPP-003519,2026-07-24,Northeast,East,Mid-Market,True,909.4
OPP-003520,2026-07-24,Northeast,East,SMB,False,0.0
OPP-003521,2026-07-24,Northeast,East,SMB,False,0.0
OPP-003522,2026-07-24,Northeast,East,SMB,False,0.0
OPP-003523,2026-07-24,Northeast,East,SMB,False,0.0
OPP-003524,2026-07-24,Northeast,East,Mid-Market,False,0.0
OPP-003525,2026-07-24,Northeast,East,Mid-Market,False,0.0
OPP-003526,2026-07-24,Northeast,East,SMB,False,0.0
OPP-003527,2026-07-24,Northeast,East,Mid-Market,True,2595.11
OPP-003528,2026-07-24,Northeast,East,Mid-Market,False,0.0
OPP-003529,2026-07-24,Northeast,East,Mid-Market,False,0.0
OPP-003530,2026-07-24,Northeast,East,Mid-Market,False,0.0
OPP-003531,2026-07-24,Northeast,East,Mid-Market,True,2496.04
OPP-003532,2026-07-24,Northeast,East,SMB,True,605.11
OPP-003533,2026-07-24,Northeast,East,SMB,False,0.0
OPP-003534,2026-07-24,Northeast,East,Mid-Market,True,4435.34
OPP-003535,2026-07-24,Northeast,East,SMB,False,0.0
OPP-003536,2026-07-24,Northeast,East,SMB,True,652.32
OPP-003537,2026-07-24,Southeast,East,SMB,False,0.0
OPP-003538,2026-07-24,Southeast,East,Mid-Market,True,4897.47
OPP-003539,2026-07-24,Southeast,East,Mid-Market,True,3318.82
OPP-003540,2026-07-24,Southeast,East,SMB,False,0.0
OPP-003541,2026-07-24,Southeast,East,Mid-Market,False,0.0
OPP-003542,2026-07-24,Southeast,East,SMB,False,0.0
OPP-003543,2026-07-24,Southeast,East,SMB,False,0.0
OPP-003544,2026-07-24,Southeast,East,SMB,False,0.0
OPP-003545,2026-07-24,Southeast,East,SMB,False,0.0
OPP-003546,2026-07-24,Southeast,East,SMB,False,0.0
OPP-003547,2026-07-24,Southeast,East,Enterprise,True,4974.22
OPP-003548,2026-07-24,Southeast,East,Mid-Market,False,0.0
OPP-003549,2026-07-24,Southeast,East,Mid-Market,False,0.0
OPP-003550,2026-07-24,Southeast,East,SMB,True,481.44
OPP-003551,2026-07-24,Southeast,East,SMB,False,0.0
OPP-003552,2026-07-24,Southeast,East,Enterprise,True,7336.09
OPP-003553,2026-07-24,Southeast,East,SMB,True,3031.64
OPP-003554,2026-07-24,Southeast,East,SMB,True,1314.62
OPP-003555,2026-07-24,Southeast,East,Enterprise,True,4193.56
OPP-003556,2026-07-24,Southeast,East,SMB,False,0.0
OPP-003557,2026-07-24,Northwest,West,SMB,False,0.0
OPP-003558,2026-07-24,Northwest,West,SMB,False,0.0
OPP-003559,2026-07-24,Northwest,West,Enterprise,False,0.0
OPP-003560,2026-07-24,Northwest,West,Mid-Market,False,0.0
OPP-003561,2026-07-24,Northwest,West,SMB,False,0.0
OPP-003562,2026-07-24,Northwest,West,SMB,False,0.0
OPP-003563,2026-07-24,Northwest,West,SMB,False,0.0
OPP-003564,2026-07-24,Northwest,West,SMB,False,0.0
OPP-003565,2026-07-24,Northwest,West,SMB,False,0.0
OPP-003566,2026-07-24,Northwest,West,SMB,False,0.0
OPP-003567,2026-07-24,Northwest,West,Mid-Market,False,0.0
OPP-003568,2026-07-24,Northwest,West,SMB,True,1074.71
OPP-003569,2026-07-24,Southwest,West,SMB,False,0.0
OPP-003570,2026-07-24,Southwest,West,Mid-Market,False,0.0
OPP-003571,2026-07-24,Southwest,West,SMB,False,0.0
OPP-003572,2026-07-24,Southwest,West,Enterprise,True,16821.24
OPP-003573,2026-07-24,Southwest,West,Mid-Market,False,0.0
OPP-003574,2026-07-24,Southwest,West,Mid-Market,False,0.0
OPP-003575,2026-07-24,Southwest,West,SMB,True,1183.73
OPP-003576,2026-07-24,Southwest,West,SMB,False,0.0
OPP-003577,2026-07-24,Southwest,West,Enterprise,True,9346.44
OPP-003578,2026-07-24,Southwest,West,Mid-Market,False,0.0
OPP-003579,2026-07-24,Southwest,West,Mid-Market,False,0.0
OPP-003580,2026-07-24,Southwest,West,SMB,False,0.0
OPP-003581,2026-07-24,Southwest,West,Enterprise,False,0.0
OPP-003582,2026-07-25,Northeast,East,SMB,False,0.0
OPP-003583,2026-07-25,Northeast,East,SMB,True,432.51
OPP-003584,2026-07-25,Northeast,East,Mid-Market,False,0.0
OPP-003585,2026-07-25,Northeast,East,Enterprise,False,0.0
OPP-003586,2026-07-25,Northeast,East,SMB,False,0.0
OPP-003587,2026-07-25,Northeast,East,Mid-Market,True,2132.89
OPP-003588,2026-07-25,Northeast,East,SMB,False,0.0
OPP-003589,2026-07-25,Northeast,East,SMB,True,3375.72
OPP-003590,2026-07-25,Northeast,East,Mid-Market,False,0.0
OPP-003591,2026-07-25,Northeast,East,Mid-Market,False,0.0
OPP-003592,2026-07-25,Northeast,East,SMB,True,694.29
OPP-003593,2026-07-25,Northeast,East,Enterprise,False,0.0
OPP-003594,2026-07-25,Northeast,East,SMB,True,715.77
OPP-003595,2026-07-25,Northeast,East,SMB,False,0.0
OPP-003596,2026-07-25,Northeast,East,SMB,False,0.0
OPP-003597,2026-07-25,Southeast,East,Mid-Market,True,4701.63
OPP-003598,2026-07-25,Southeast,East,SMB,False,0.0
OPP-003599,2026-07-25,Southeast,East,Enterprise,True,6246.97
OPP-003600,2026-07-25,Southeast,East,Mid-Market,False,0.0
OPP-003601,2026-07-25,Southeast,East,SMB,False,0.0
OPP-003602,2026-07-25,Southeast,East,Mid-Market,False,0.0
OPP-003603,2026-07-25,Southeast,East,SMB,True,909.83
OPP-003604,2026-07-25,Southeast,East,Mid-Market,False,0.0
OPP-003605,2026-07-25,Southeast,East,Enterprise,True,7590.49
OPP-003606,2026-07-25,Southeast,East,Enterprise,True,8662.83
OPP-003607,2026-07-25,Southeast,East,Mid-Market,False,0.0
OPP-003608,2026-07-25,Southeast,East,SMB,False,0.0
OPP-003609,2026-07-25,Northwest,West,SMB,False,0.0
OPP-003610,2026-07-25,Northwest,West,Mid-Market,False,0.0
OPP-003611,2026-07-25,Northwest,West,SMB,True,769.31
OPP-003612,2026-07-25,Northwest,West,SMB,False,0.0
OPP-003613,2026-07-25,Northwest,West,SMB,False,0.0
OPP-003614,2026-07-25,Northwest,West,SMB,False,0.0
OPP-003615,2026-07-25,Northwest,West,SMB,True,641.61
OPP-003616,2026-07-25,Northwest,West,Enterprise,True,17404.6
OPP-003617,2026-07-25,Northwest,West,Mid-Market,False,0.0
OPP-003618,2026-07-25,Northwest,West,SMB,True,468.38
OPP-003619,2026-07-25,Northwest,West,SMB,False,0.0
OPP-003620,2026-07-25,Northwest,West,Mid-Market,False,0.0
OPP-003621,2026-07-25,Northwest,West,SMB,False,0.0
OPP-003622,2026-07-25,Northwest,West,Mid-Market,True,1492.06
OPP-003623,2026-07-25,Southwest,West,SMB,False,0.0
OPP-003624,2026-07-25,Southwest,West,SMB,True,547.67
OPP-003625,2026-07-25,Southwest,West,Mid-Market,False,0.0
OPP-003626,2026-07-25,Southwest,West,SMB,True,1984.78
OPP-003627,2026-07-25,Southwest,West,SMB,False,0.0
OPP-003628,2026-07-25,Southwest,West,SMB,False,0.0
OPP-003629,2026-07-26,Northeast,East,SMB,False,0.0
OPP-003630,2026-07-26,Northeast,East,SMB,False,0.0
OPP-003631,2026-07-26,Northeast,East,Enterprise,False,0.0
OPP-003632,2026-07-26,Northeast,East,Mid-Market,False,0.0
OPP-003633,2026-07-26,Northeast,East,SMB,True,1211.01
OPP-003634,2026-07-26,Northeast,East,SMB,False,0.0
OPP-003635,2026-07-26,Northeast,East,Mid-Market,True,1432.75
OPP-003636,2026-07-26,Northeast,East,SMB,False,0.0
OPP-003637,2026-07-26,Northeast,East,Mid-Market,False,0.0
OPP-003638,2026-07-26,Northeast,East,SMB,False,0.0
OPP-003639,2026-07-26,Northeast,East,SMB,True,1359.11
OPP-003640,2026-07-26,Northeast,East,SMB,False,0.0
OPP-003641,2026-07-26,Southeast,East,SMB,False,0.0
OPP-003642,2026-07-26,Southeast,East,SMB,False,0.0
OPP-003643,2026-07-26,Southeast,East,Enterprise,True,9662.28
OPP-003644,2026-07-26,Southeast,East,Mid-Market,False,0.0
OPP-003645,2026-07-26,Southeast,East,Mid-Market,False,0.0
OPP-003646,2026-07-26,Southeast,East,SMB,False,0.0
OPP-003647,2026-07-26,Southeast,East,Mid-Market,False,0.0
OPP-003648,2026-07-26,Northwest,West,SMB,True,604.35
OPP-003649,2026-07-26,Northwest,West,SMB,True,842.1
OPP-003650,2026-07-26,Northwest,West,Mid-Market,False,0.0
OPP-003651,2026-07-26,Northwest,West,Mid-Market,False,0.0
OPP-003652,2026-07-26,Northwest,West,SMB,True,1282.64
OPP-003653,2026-07-26,Northwest,West,Mid-Market,False,0.0
OPP-003654,2026-07-26,Northwest,West,Mid-Market,False,0.0
OPP-003655,2026-07-26,Northwest,West,Mid-Market,False,0.0
OPP-003656,2026-07-26,Northwest,West,SMB,False,0.0
OPP-003657,2026-07-26,Northwest,West,SMB,True,826.17
OPP-003658,2026-07-26,Northwest,West,SMB,False,0.0
OPP-003659,2026-07-26,Southwest,West,Mid-Market,False,0.0
OPP-003660,2026-07-26,Southwest,West,SMB,True,747.59
OPP-003661,2026-07-26,Southwest,West,SMB,False,0.0
OPP-003662,2026-07-26,Southwest,West,SMB,False,0.0
OPP-003663,2026-07-26,Southwest,West,Mid-Market,False,0.0
OPP-003664,2026-07-26,Southwest,West,SMB,True,1017.82
OPP-003665,2026-07-26,Southwest,West,Mid-Market,False,0.0
OPP-003666,2026-07-26,Southwest,West,Enterprise,False,0.0
OPP-003667,2026-07-27,Northeast,East,Mid-Market,False,0.0
OPP-003668,2026-07-27,Northeast,East,SMB,False,0.0
OPP-003669,2026-07-27,Northeast,East,Mid-Market,False,0.0
OPP-003670,2026-07-27,Northeast,East,SMB,False,0.0
OPP-003671,2026-07-27,Northeast,East,SMB,True,1072.2
OPP-003672,2026-07-27,Northeast,East,SMB,False,0.0
OPP-003673,2026-07-27,Northeast,East,SMB,False,0.0
OPP-003674,2026-07-27,Northeast,East,Mid-Market,False,0.0
OPP-003675,2026-07-27,Northeast,East,SMB,False,0.0
OPP-003676,2026-07-27,Northeast,East,SMB,True,1493.58
OPP-003677,2026-07-27,Northeast,East,SMB,False,0.0
OPP-003678,2026-07-27,Northeast,East,Mid-Market,False,0.0
OPP-003679,2026-07-27,Northeast,East,SMB,False,0.0
OPP-003680,2026-07-27,Northeast,East,SMB,False,0.0
OPP-003681,2026-07-27,Northeast,East,Mid-Market,True,2385.92
OPP-003682,2026-07-27,Northeast,East,SMB,False,0.0
OPP-003683,2026-07-27,Southeast,East,SMB,False,0.0
OPP-003684,2026-07-27,Southeast,East,Mid-Market,True,3034.76
OPP-003685,2026-07-27,Southeast,East,Enterprise,False,0.0
OPP-003686,2026-07-27,Southeast,East,SMB,True,567.52
OPP-003687,2026-07-27,Southeast,East,Mid-Market,False,0.0
OPP-003688,2026-07-27,Southeast,East,SMB,False,0.0
OPP-003689,2026-07-27,Southeast,East,Mid-Market,True,2764.36
OPP-003690,2026-07-27,Southeast,East,SMB,True,512.95
OPP-003691,2026-07-27,Southeast,East,Mid-Market,False,0.0
OPP-003692,2026-07-27,Southeast,East,SMB,False,0.0
OPP-003693,2026-07-27,Southeast,East,Enterprise,False,0.0
OPP-003694,2026-07-27,Southeast,East,Mid-Market,False,0.0
OPP-003695,2026-07-27,Southeast,East,SMB,False,0.0
OPP-003696,2026-07-27,Southeast,East,SMB,False,0.0
OPP-003697,2026-07-27,Southeast,East,SMB,True,560.77
OPP-003698,2026-07-27,Northwest,West,Mid-Market,False,0.0
OPP-003699,2026-07-27,Northwest,West,SMB,False,0.0
OPP-003700,2026-07-27,Northwest,West,Enterprise,True,28345.76
OPP-003701,2026-07-27,Northwest,West,SMB,False,0.0
OPP-003702,2026-07-27,Northwest,West,Mid-Market,False,0.0
OPP-003703,2026-07-27,Northwest,West,SMB,False,0.0
OPP-003704,2026-07-27,Northwest,West,SMB,False,0.0
OPP-003705,2026-07-27,Northwest,West,SMB,False,0.0
OPP-003706,2026-07-27,Northwest,West,SMB,False,0.0
OPP-003707,2026-07-27,Northwest,West,SMB,False,0.0
OPP-003708,2026-07-27,Northwest,West,SMB,False,0.0
OPP-003709,2026-07-27,Northwest,West,SMB,False,0.0
OPP-003710,2026-07-27,Northwest,West,SMB,False,0.0
OPP-003711,2026-07-27,Northwest,West,Mid-Market,False,0.0
OPP-003712,2026-07-27,Northwest,West,Mid-Market,False,0.0
OPP-003713,2026-07-27,Northwest,West,SMB,False,0.0
OPP-003714,2026-07-27,Southwest,West,Mid-Market,True,3535.44
OPP-003715,2026-07-27,Southwest,West,Enterprise,False,0.0
OPP-003716,2026-07-27,Southwest,West,SMB,False,0.0
OPP-003717,2026-07-27,Southwest,West,SMB,True,370.61
OPP-003718,2026-07-27,Southwest,West,SMB,False,0.0
OPP-003719,2026-07-27,Southwest,West,SMB,False,0.0
OPP-003720,2026-07-27,Southwest,West,Mid-Market,True,3780.84
OPP-003721,2026-07-27,Southwest,West,Mid-Market,True,2729.19
OPP-003722,2026-07-27,Southwest,West,Mid-Market,False,0.0
OPP-003723,2026-07-27,Southwest,West,SMB,False,0.0
OPP-003724,2026-07-27,Southwest,West,Mid-Market,True,4114.61
OPP-003725,2026-07-27,Southwest,West,SMB,False,0.0
OPP-003726,2026-07-27,Southwest,West,SMB,False,0.0
OPP-003727,2026-07-27,Southwest,West,SMB,True,807.27
OPP-003728,2026-07-27,Southwest,West,Enterprise,False,0.0
OPP-003729,2026-07-27,Southwest,West,SMB,True,388.24
OPP-003730,2026-07-27,Southwest,West,SMB,True,679.88
OPP-003731,2026-07-27,Southwest,West,Mid-Market,False,0.0
OPP-003732,2026-07-27,Southwest,West,SMB,False,0.0
OPP-003733,2026-07-27,Southwest,West,SMB,True,827.5
OPP-003734,2026-07-28,Northeast,East,Mid-Market,True,3139.2
OPP-003735,2026-07-28,Northeast,East,SMB,True,811.74
OPP-003736,2026-07-28,Northeast,East,SMB,False,0.0
OPP-003737,2026-07-28,Northeast,East,Mid-Market,True,3873.79
OPP-003738,2026-07-28,Northeast,East,SMB,False,0.0
OPP-003739,2026-07-28,Northeast,East,SMB,False,0.0
OPP-003740,2026-07-28,Northeast,East,SMB,False,0.0
OPP-003741,2026-07-28,Northeast,East,SMB,False,0.0
OPP-003742,2026-07-28,Northeast,East,Enterprise,False,0.0
OPP-003743,2026-07-28,Northeast,East,SMB,False,0.0
OPP-003744,2026-07-28,Northeast,East,Enterprise,False,0.0
OPP-003745,2026-07-28,Northeast,East,SMB,False,0.0
OPP-003746,2026-07-28,Northeast,East,Mid-Market,True,5754.15
OPP-003747,2026-07-28,Northeast,East,SMB,True,1778.71
OPP-003748,2026-07-28,Northeast,East,Mid-Market,False,0.0
OPP-003749,2026-07-28,Northeast,East,SMB,True,788.68
OPP-003750,2026-07-28,Northeast,East,SMB,False,0.0
OPP-003751,2026-07-28,Northeast,East,Mid-Market,False,0.0
OPP-003752,2026-07-28,Southeast,East,SMB,False,0.0
OPP-003753,2026-07-28,Southeast,East,SMB,False,0.0
OPP-003754,2026-07-28,Southeast,East,SMB,True,956.75
OPP-003755,2026-07-28,Southeast,East,SMB,False,0.0
OPP-003756,2026-07-28,Southeast,East,SMB,True,958.43
OPP-003757,2026-07-28,Southeast,East,Mid-Market,True,4475.84
OPP-003758,2026-07-28,Southeast,East,Mid-Market,True,2111.43
OPP-003759,2026-07-28,Southeast,East,Mid-Market,True,2540.62
OPP-003760,2026-07-28,Southeast,East,Enterprise,True,7299.63
OPP-003761,2026-07-28,Southeast,East,SMB,True,1150.02
OPP-003762,2026-07-28,Southeast,East,Enterprise,False,0.0
OPP-003763,2026-07-28,Southeast,East,SMB,False,0.0
OPP-003764,2026-07-28,Southeast,East,Mid-Market,False,0.0
OPP-003765,2026-07-28,Southeast,East,SMB,False,0.0
OPP-003766,2026-07-28,Southeast,East,SMB,True,452.68
OPP-003767,2026-07-28,Northwest,West,Mid-Market,True,3171.79
OPP-003768,2026-07-28,Northwest,West,SMB,False,0.0
OPP-003769,2026-07-28,Northwest,West,Enterprise,False,0.0
OPP-003770,2026-07-28,Northwest,West,SMB,True,749.18
OPP-003771,2026-07-28,Northwest,West,Enterprise,False,0.0
OPP-003772,2026-07-28,Northwest,West,Mid-Market,False,0.0
OPP-003773,2026-07-28,Northwest,West,SMB,True,728.76
OPP-003774,2026-07-28,Northwest,West,Enterprise,False,0.0
OPP-003775,2026-07-28,Northwest,West,SMB,False,0.0
OPP-003776,2026-07-28,Northwest,West,Mid-Market,False,0.0
OPP-003777,2026-07-28,Northwest,West,SMB,True,713.07
OPP-003778,2026-07-28,Northwest,West,SMB,True,1331.14
OPP-003779,2026-07-28,Northwest,West,SMB,False,0.0
OPP-003780,2026-07-28,Northwest,West,Enterprise,False,0.0
OPP-003781,2026-07-28,Northwest,West,SMB,False,0.0
OPP-003782,2026-07-28,Northwest,West,SMB,False,0.0
OPP-003783,2026-07-28,Northwest,West,SMB,False,0.0
OPP-003784,2026-07-28,Northwest,West,SMB,False,0.0
OPP-003785,2026-07-28,Northwest,West,Enterprise,False,0.0
OPP-003786,2026-07-28,Southwest,West,Mid-Market,True,1780.27
OPP-003787,2026-07-28,Southwest,West,SMB,False,0.0
OPP-003788,2026-07-28,Southwest,West,SMB,False,0.0
OPP-003789,2026-07-28,Southwest,West,SMB,False,0.0
OPP-003790,2026-07-28,Southwest,West,Mid-Market,True,4235.05
OPP-003791,2026-07-28,Southwest,West,SMB,False,0.0
OPP-003792,2026-07-28,Southwest,West,SMB,False,0.0
OPP-003793,2026-07-28,Southwest,West,Mid-Market,False,0.0
OPP-003794,2026-07-28,Southwest,West,Mid-Market,False,0.0
OPP-003795,2026-07-28,Southwest,West,SMB,False,0.0
OPP-003796,2026-07-28,Southwest,West,Mid-Market,True,3127.13
OPP-003797,2026-07-28,Southwest,West,SMB,False,0.0
OPP-003798,2026-07-28,Southwest,West,Mid-Market,False,0.0
OPP-003799,2026-07-28,Southwest,West,Enterprise,False,0.0
OPP-003800,2026-07-28,Southwest,West,SMB,True,548.01
OPP-003801,2026-07-28,Southwest,West,SMB,False,0.0
OPP-003802,2026-07-28,Southwest,West,Mid-Market,False,0.0
OPP-003803,2026-07-28,Southwest,West,SMB,False,0.0
OPP-003804,2026-07-28,Southwest,West,SMB,False,0.0
OPP-003805,2026-07-28,Southwest,West,Mid-Market,False,0.0
OPP-003806,2026-07-28,Southwest,West,Mid-Market,False,0.0
OPP-003807,2026-07-28,Southwest,West,SMB,False,0.0
OPP-003808,2026-07-28,Southwest,West,SMB,True,592.65
OPP-003809,2026-07-28,Southwest,West,Mid-Market,False,0.0
OPP-003810,2026-07-28,Southwest,West,SMB,True,866.81
OPP-003811,2026-07-29,Northeast,East,SMB,False,0.0
OPP-003812,2026-07-29,Northeast,East,Enterprise,False,0.0
OPP-003813,2026-07-29,Northeast,East,SMB,False,0.0
OPP-003814,2026-07-29,Northeast,East,Enterprise,False,0.0
OPP-003815,2026-07-29,Northeast,East,SMB,False,0.0
OPP-003816,2026-07-29,Northeast,East,SMB,False,0.0
OPP-003817,2026-07-29,Northeast,East,Mid-Market,True,6107.78
OPP-003818,2026-07-29,Northeast,East,SMB,True,406.29
OPP-003819,2026-07-29,Northeast,East,Mid-Market,False,0.0
OPP-003820,2026-07-29,Northeast,East,Enterprise,True,6587.94
OPP-003821,2026-07-29,Northeast,East,SMB,False,0.0
OPP-003822,2026-07-29,Northeast,East,Mid-Market,False,0.0
OPP-003823,2026-07-29,Northeast,East,Enterprise,False,0.0
OPP-003824,2026-07-29,Southeast,East,Mid-Market,False,0.0
OPP-003825,2026-07-29,Southeast,East,SMB,True,707.79
OPP-003826,2026-07-29,Southeast,East,Mid-Market,False,0.0
OPP-003827,2026-07-29,Southeast,East,SMB,True,973.59
OPP-003828,2026-07-29,Southeast,East,Mid-Market,False,0.0
OPP-003829,2026-07-29,Southeast,East,SMB,False,0.0
OPP-003830,2026-07-29,Southeast,East,Mid-Market,True,1200.21
OPP-003831,2026-07-29,Southeast,East,SMB,False,0.0
OPP-003832,2026-07-29,Southeast,East,SMB,False,0.0
OPP-003833,2026-07-29,Southeast,East,SMB,True,1350.04
OPP-003834,2026-07-29,Southeast,East,Mid-Market,True,1841.97
OPP-003835,2026-07-29,Southeast,East,Enterprise,False,0.0
OPP-003836,2026-07-29,Southeast,East,SMB,False,0.0
OPP-003837,2026-07-29,Southeast,East,SMB,False,0.0
OPP-003838,2026-07-29,Southeast,East,SMB,False,0.0
OPP-003839,2026-07-29,Southeast,East,Mid-Market,False,0.0
OPP-003840,2026-07-29,Southeast,East,Mid-Market,False,0.0
OPP-003841,2026-07-29,Southeast,East,Mid-Market,False,0.0
OPP-003842,2026-07-29,Southeast,East,SMB,False,0.0
OPP-003843,2026-07-29,Southeast,East,Mid-Market,False,0.0
OPP-003844,2026-07-29,Northwest,West,Mid-Market,True,1876.98
OPP-003845,2026-07-29,Northwest,West,SMB,False,0.0
OPP-003846,2026-07-29,Northwest,West,Mid-Market,False,0.0
OPP-003847,2026-07-29,Northwest,West,SMB,False,0.0
OPP-003848,2026-07-29,Northwest,West,Mid-Market,True,3942.26
OPP-003849,2026-07-29,Northwest,West,Enterprise,False,0.0
OPP-003850,2026-07-29,Northwest,West,Mid-Market,False,0.0
OPP-003851,2026-07-29,Northwest,West,Mid-Market,False,0.0
OPP-003852,2026-07-29,Northwest,West,SMB,False,0.0
OPP-003853,2026-07-29,Northwest,West,SMB,True,968.67
OPP-003854,2026-07-29,Northwest,West,Mid-Market,False,0.0
OPP-003855,2026-07-29,Northwest,West,SMB,True,1428.97
OPP-003856,2026-07-29,Northwest,West,SMB,False,0.0
OPP-003857,2026-07-29,Northwest,West,Enterprise,True,15205.04
OPP-003858,2026-07-29,Northwest,West,SMB,False,0.0
OPP-003859,2026-07-29,Northwest,West,Mid-Market,False,0.0
OPP-003860,2026-07-29,Northwest,West,SMB,False,0.0
OPP-003861,2026-07-29,Northwest,West,Enterprise,False,0.0
OPP-003862,2026-07-29,Southwest,West,SMB,False,0.0
OPP-003863,2026-07-29,Southwest,West,SMB,False,0.0
OPP-003864,2026-07-29,Southwest,West,Mid-Market,False,0.0
OPP-003865,2026-07-29,Southwest,West,Mid-Market,True,2246.41
OPP-003866,2026-07-29,Southwest,West,SMB,False,0.0
OPP-003867,2026-07-29,Southwest,West,SMB,False,0.0
OPP-003868,2026-07-29,Southwest,West,SMB,True,750.09
OPP-003869,2026-07-29,Southwest,West,SMB,False,0.0
OPP-003870,2026-07-29,Southwest,West,SMB,False,0.0
OPP-003871,2026-07-29,Southwest,West,SMB,False,0.0
OPP-003872,2026-07-29,Southwest,West,Enterprise,False,0.0
OPP-003873,2026-07-29,Southwest,West,Mid-Market,True,1283.08
OPP-003874,2026-07-29,Southwest,West,Mid-Market,False,0.0
OPP-003875,2026-07-29,Southwest,West,SMB,False,0.0
OPP-003876,2026-07-29,Southwest,West,Mid-Market,False,0.0
OPP-003877,2026-07-30,Northeast,East,SMB,True,1149.16
OPP-003878,2026-07-30,Northeast,East,SMB,True,889.24
OPP-003879,2026-07-30,Northeast,East,Mid-Market,False,0.0
OPP-003880,2026-07-30,Northeast,East,SMB,False,0.0
OPP-003881,2026-07-30,Northeast,East,SMB,False,0.0
OPP-003882,2026-07-30,Northeast,East,Enterprise,True,13698.79
OPP-003883,2026-07-30,Northeast,East,SMB,False,0.0
OPP-003884,2026-07-30,Northeast,East,SMB,True,948.91
OPP-003885,2026-07-30,Northeast,East,SMB,False,0.0
OPP-003886,2026-07-30,Northeast,East,SMB,False,0.0
OPP-003887,2026-07-30,Northeast,East,SMB,False,0.0
OPP-003888,2026-07-30,Northeast,East,Enterprise,True,4021.81
OPP-003889,2026-07-30,Northeast,East,SMB,True,468.01
OPP-003890,2026-07-30,Northeast,East,SMB,True,1212.9
OPP-003891,2026-07-30,Northeast,East,SMB,True,1285.26
OPP-003892,2026-07-30,Northeast,East,SMB,False,0.0
OPP-003893,2026-07-30,Northeast,East,SMB,False,0.0
OPP-003894,2026-07-30,Northeast,East,SMB,False,0.0
OPP-003895,2026-07-30,Northeast,East,Mid-Market,True,2021.39
OPP-003896,2026-07-30,Northeast,East,SMB,True,502.28
OPP-003897,2026-07-30,Northeast,East,SMB,True,614.35
OPP-003898,2026-07-30,Northeast,East,Mid-Market,True,1334.88
OPP-003899,2026-07-30,Southeast,East,Mid-Market,False,0.0
OPP-003900,2026-07-30,Southeast,East,SMB,True,1203.3
OPP-003901,2026-07-30,Southeast,East,SMB,False,0.0
OPP-003902,2026-07-30,Southeast,East,Mid-Market,False,0.0
OPP-003903,2026-07-30,Southeast,East,Mid-Market,True,2244.63
OPP-003904,2026-07-30,Southeast,East,SMB,False,0.0
OPP-003905,2026-07-30,Southeast,East,SMB,False,0.0
OPP-003906,2026-07-30,Southeast,East,Mid-Market,False,0.0
OPP-003907,2026-07-30,Southeast,East,Mid-Market,True,2426.68
OPP-003908,2026-07-30,Southeast,East,SMB,False,0.0
OPP-003909,2026-07-30,Southeast,East,Mid-Market,False,0.0
OPP-003910,2026-07-30,Southeast,East,SMB,False,0.0
OPP-003911,2026-07-30,Southeast,East,Mid-Market,False,0.0
OPP-003912,2026-07-30,Southeast,East,SMB,False,0.0
OPP-003913,2026-07-30,Southeast,East,Mid-Market,False,0.0
OPP-003914,2026-07-30,Southeast,East,SMB,False,0.0
OPP-003915,2026-07-30,Southeast,East,SMB,False,0.0
OPP-003916,2026-07-30,Southeast,East,SMB,True,485.34
OPP-003917,2026-07-30,Northwest,West,Enterprise,False,0.0
OPP-003918,2026-07-30,Northwest,West,SMB,False,0.0
OPP-003919,2026-07-30,Northwest,West,SMB,False,0.0
OPP-003920,2026-07-30,Northwest,West,SMB,False,0.0
OPP-003921,2026-07-30,Northwest,West,Mid-Market,False,0.0
OPP-003922,2026-07-30,Northwest,West,Mid-Market,False,0.0
OPP-003923,2026-07-30,Northwest,West,SMB,True,3470.36
OPP-003924,2026-07-30,Northwest,West,SMB,False,0.0
OPP-003925,2026-07-30,Northwest,West,SMB,False,0.0
OPP-003926,2026-07-30,Northwest,West,SMB,False,0.0
OPP-003927,2026-07-30,Northwest,West,Enterprise,False,0.0
OPP-003928,2026-07-30,Northwest,West,Mid-Market,False,0.0
OPP-003929,2026-07-30,Northwest,West,SMB,True,981.14
OPP-003930,2026-07-30,Southwest,West,SMB,False,0.0
OPP-003931,2026-07-30,Southwest,West,Mid-Market,True,2311.45
OPP-003932,2026-07-30,Southwest,West,Enterprise,False,0.0
OPP-003933,2026-07-30,Southwest,West,SMB,False,0.0
OPP-003934,2026-07-30,Southwest,West,Mid-Market,False,0.0
OPP-003935,2026-07-30,Southwest,West,Enterprise,False,0.0
OPP-003936,2026-07-30,Southwest,West,SMB,False,0.0
OPP-003937,2026-07-30,Southwest,West,SMB,False,0.0
OPP-003938,2026-07-30,Southwest,West,Mid-Market,False,0.0
OPP-003939,2026-07-30,Southwest,West,SMB,False,0.0
OPP-003940,2026-07-30,Southwest,West,SMB,False,0.0
OPP-003941,2026-07-30,Southwest,West,Enterprise,False,0.0
OPP-003942,2026-07-30,Southwest,West,SMB,False,0.0
OPP-003943,2026-07-30,Southwest,West,Mid-Market,False,0.0
OPP-003944,2026-07-30,Southwest,West,SMB,False,0.0
OPP-003945,2026-07-31,Northeast,East,SMB,False,0.0
OPP-003946,2026-07-31,Northeast,East,Enterprise,False,0.0
OPP-003947,2026-07-31,Northeast,East,Enterprise,False,0.0
OPP-003948,2026-07-31,Northeast,East,SMB,False,0.0
OPP-003949,2026-07-31,Northeast,East,Enterprise,False,0.0
OPP-003950,2026-07-31,Northeast,East,Mid-Market,False,0.0
OPP-003951,2026-07-31,Northeast,East,SMB,False,0.0
OPP-003952,2026-07-31,Northeast,East,Enterprise,False,0.0
OPP-003953,2026-07-31,Northeast,East,Mid-Market,False,0.0
OPP-003954,2026-07-31,Northeast,East,Enterprise,False,0.0
OPP-003955,2026-07-31,Northeast,East,SMB,False,0.0
OPP-003956,2026-07-31,Northeast,East,Enterprise,False,0.0
OPP-003957,2026-07-31,Northeast,East,SMB,True,325.07
OPP-003958,2026-07-31,Northeast,East,SMB,False,0.0
OPP-003959,2026-07-31,Northeast,East,SMB,True,671.65
OPP-003960,2026-07-31,Northeast,East,SMB,False,0.0
OPP-003961,2026-07-31,Northeast,East,Mid-Market,False,0.0
OPP-003962,2026-07-31,Southeast,East,SMB,False,0.0
OPP-003963,2026-07-31,Southeast,East,SMB,False,0.0
OPP-003964,2026-07-31,Southeast,East,SMB,False,0.0
OPP-003965,2026-07-31,Southeast,East,SMB,False,0.0
OPP-003966,2026-07-31,Southeast,East,SMB,True,512.63
OPP-003967,2026-07-31,Southeast,East,SMB,True,208.82
OPP-003968,2026-07-31,Southeast,East,SMB,False,0.0
OPP-003969,2026-07-31,Southeast,East,SMB,False,0.0
OPP-003970,2026-07-31,Southeast,East,Mid-Market,True,1440.6
OPP-003971,2026-07-31,Southeast,East,Mid-Market,False,0.0
OPP-003972,2026-07-31,Southeast,East,Enterprise,False,0.0
OPP-003973,2026-07-31,Southeast,East,SMB,False,0.0
OPP-003974,2026-07-31,Southeast,East,Enterprise,False,0.0
OPP-003975,2026-07-31,Southeast,East,SMB,False,0.0
OPP-003976,2026-07-31,Southeast,East,Mid-Market,False,0.0
OPP-003977,2026-07-31,Southeast,East,Mid-Market,False,0.0
OPP-003978,2026-07-31,Southeast,East,Mid-Market,False,0.0
OPP-003979,2026-07-31,Southeast,East,SMB,False,0.0
OPP-003980,2026-07-31,Southeast,East,SMB,False,0.0
OPP-003981,2026-07-31,Southeast,East,SMB,False,0.0
OPP-003982,2026-07-31,Southeast,East,Mid-Market,True,1429.29
OPP-003983,2026-07-31,Southeast,East,Enterprise,False,0.0
OPP-003984,2026-07-31,Southeast,East,SMB,False,0.0
OPP-003985,2026-07-31,Southeast,East,SMB,False,0.0
OPP-003986,2026-07-31,Southeast,East,SMB,False,0.0
OPP-003987,2026-07-31,Northwest,West,Enterprise,False,0.0
OPP-003988,2026-07-31,Northwest,West,Mid-Market,False,0.0
OPP-003989,2026-07-31,Northwest,West,SMB,False,0.0
OPP-003990,2026-07-31,Northwest,West,SMB,False,0.0
OPP-003991,2026-07-31,Northwest,West,Enterprise,False,0.0
OPP-003992,2026-07-31,Northwest,West,Mid-Market,False,0.0
OPP-003993,2026-07-31,Northwest,West,SMB,False,0.0
OPP-003994,2026-07-31,Northwest,West,Mid-Market,False,0.0
OPP-003995,2026-07-31,Northwest,West,SMB,False,0.0
OPP-003996,2026-07-31,Northwest,West,SMB,False,0.0
OPP-003997,2026-07-31,Northwest,West,Mid-Market,False,0.0
OPP-003998,2026-07-31,Northwest,West,SMB,False,0.0
OPP-003999,2026-07-31,Northwest,West,SMB,False,0.0
OPP-004000,2026-07-31,Northwest,West,Enterprise,False,0.0
OPP-004001,2026-07-31,Northwest,West,SMB,True,686.79
OPP-004002,2026-07-31,Northwest,West,SMB,False,0.0
OPP-004003,2026-07-31,Northwest,West,SMB,True,911.42
OPP-004004,2026-07-31,Northwest,West,SMB,False,0.0
OPP-004005,2026-07-31,Northwest,West,Enterprise,False,0.0
OPP-004006,2026-07-31,Northwest,West,Mid-Market,True,1722.9
OPP-004007,2026-07-31,Northwest,West,SMB,False,0.0
OPP-004008,2026-07-31,Northwest,West,SMB,True,2087.81
OPP-004009,2026-07-31,Northwest,West,Mid-Market,False,0.0
OPP-004010,2026-07-31,Northwest,West,SMB,False,0.0
OPP-004011,2026-07-31,Northwest,West,SMB,False,0.0
OPP-004012,2026-07-31,Northwest,West,Mid-Market,False,0.0
OPP-004013,2026-07-31,Southwest,West,SMB,False,0.0
OPP-004014,2026-07-31,Southwest,West,Mid-Market,False,0.0
OPP-004015,2026-07-31,Southwest,West,SMB,False,0.0
OPP-004016,2026-07-31,Southwest,West,SMB,False,0.0
OPP-004017,2026-07-31,Southwest,West,SMB,False,0.0
OPP-004018,2026-07-31,Southwest,West,Mid-Market,False,0.0
OPP-004019,2026-07-31,Southwest,West,Mid-Market,True,1564.63
OPP-004020,2026-07-31,Southwest,West,SMB,False,0.0
OPP-004021,2026-07-31,Southwest,West,SMB,False,0.0
OPP-004022,2026-07-31,Southwest,West,SMB,False,0.0
OPP-004023,2026-07-31,Southwest,West,SMB,False,0.0
OPP-004024,2026-07-31,Southwest,West,SMB,True,896.57
OPP-004025,2026-07-31,Southwest,West,SMB,False,0.0
OPP-004026,2026-07-31,Southwest,West,SMB,False,0.0
OPP-004027,2026-07-31,Southwest,West,Enterprise,False,0.0
OPP-004028,2026-07-31,Southwest,West,Mid-Market,False,0.0
OPP-004029,2026-07-31,Southwest,West,Enterprise,True,9957.05
OPP-004030,2026-07-31,Southwest,West,SMB,False,0.0
OPP-004031,2026-07-31,Southwest,West,Mid-Market,True,1440.01
OPP-004032,2026-08-01,Northeast,East,Mid-Market,False,0.0
OPP-004033,2026-08-01,Northeast,East,Mid-Market,False,0.0
OPP-004034,2026-08-01,Northeast,East,SMB,False,0.0
OPP-004035,2026-08-01,Northeast,East,SMB,True,1172.27
OPP-004036,2026-08-01,Northeast,East,SMB,False,0.0
OPP-004037,2026-08-01,Northeast,East,Mid-Market,True,1204.32
OPP-004038,2026-08-01,Northeast,East,SMB,True,716.03
OPP-004039,2026-08-01,Northeast,East,SMB,True,2306.3
OPP-004040,2026-08-01,Southeast,East,Enterprise,True,7240.79
OPP-004041,2026-08-01,Southeast,East,SMB,True,1267.57
OPP-004042,2026-08-01,Southeast,East,SMB,False,0.0
OPP-004043,2026-08-01,Southeast,East,Mid-Market,False,0.0
OPP-004044,2026-08-01,Southeast,East,SMB,False,0.0
OPP-004045,2026-08-01,Southeast,East,Mid-Market,False,0.0
OPP-004046,2026-08-01,Southeast,East,SMB,False,0.0
OPP-004047,2026-08-01,Southeast,East,Mid-Market,False,0.0
OPP-004048,2026-08-01,Southeast,East,SMB,False,0.0
OPP-004049,2026-08-01,Southeast,East,SMB,False,0.0
OPP-004050,2026-08-01,Southeast,East,Enterprise,False,0.0
OPP-004051,2026-08-01,Southeast,East,SMB,False,0.0
OPP-004052,2026-08-01,Northwest,West,Enterprise,False,0.0
OPP-004053,2026-08-01,Northwest,West,SMB,False,0.0
OPP-004054,2026-08-01,Northwest,West,SMB,False,0.0
OPP-004055,2026-08-01,Northwest,West,Mid-Market,True,1343.86
OPP-004056,2026-08-01,Northwest,West,SMB,False,0.0
OPP-004057,2026-08-01,Northwest,West,SMB,True,1060.53
OPP-004058,2026-08-01,Northwest,West,Mid-Market,True,7234.74
OPP-004059,2026-08-01,Northwest,West,SMB,False,0.0
OPP-004060,2026-08-01,Northwest,West,SMB,True,866.01
OPP-004061,2026-08-01,Northwest,West,Mid-Market,False,0.0
OPP-004062,2026-08-01,Northwest,West,SMB,True,764.26
OPP-004063,2026-08-01,Northwest,West,SMB,False,0.0
OPP-004064,2026-08-01,Northwest,West,SMB,True,867.5
OPP-004065,2026-08-01,Northwest,West,SMB,False,0.0
OPP-004066,2026-08-01,Southwest,West,SMB,False,0.0
OPP-004067,2026-08-01,Southwest,West,SMB,False,0.0
OPP-004068,2026-08-01,Southwest,West,SMB,False,0.0
OPP-004069,2026-08-01,Southwest,West,Mid-Market,False,0.0
OPP-004070,2026-08-01,Southwest,West,SMB,False,0.0
OPP-004071,2026-08-01,Southwest,West,SMB,False,0.0
OPP-004072,2026-08-01,Southwest,West,Mid-Market,False,0.0
OPP-004073,2026-08-01,Southwest,West,SMB,False,0.0
OPP-004074,2026-08-01,Southwest,West,Mid-Market,False,0.0
OPP-004075,2026-08-01,Southwest,West,Mid-Market,True,2446.45
OPP-004076,2026-08-01,Southwest,West,Mid-Market,False,0.0
OPP-004077,2026-08-01,Southwest,West,SMB,False,0.0
OPP-004078,2026-08-01,Southwest,West,SMB,False,0.0
OPP-004079,2026-08-02,Northeast,East,SMB,False,0.0
OPP-004080,2026-08-02,Northeast,East,SMB,True,1083.33
OPP-004081,2026-08-02,Northeast,East,SMB,True,2124.82
OPP-004082,2026-08-02,Northeast,East,SMB,True,882.84
OPP-004083,2026-08-02,Northeast,East,SMB,False,0.0
OPP-004084,2026-08-02,Northeast,East,SMB,True,571.75
OPP-004085,2026-08-02,Northeast,East,SMB,False,0.0
OPP-004086,2026-08-02,Northeast,East,SMB,True,1025.96
OPP-004087,2026-08-02,Northeast,East,SMB,False,0.0
OPP-004088,2026-08-02,Northeast,East,SMB,True,789.35
OPP-004089,2026-08-02,Southeast,East,SMB,False,0.0
OPP-004090,2026-08-02,Southeast,East,SMB,False,0.0
OPP-004091,2026-08-02,Southeast,East,Mid-Market,True,3822.29
OPP-004092,2026-08-02,Southeast,East,Enterprise,False,0.0
OPP-004093,2026-08-02,Southeast,East,SMB,False,0.0
OPP-004094,2026-08-02,Southeast,East,SMB,False,0.0
OPP-004095,2026-08-02,Northwest,West,Mid-Market,False,0.0
OPP-004096,2026-08-02,Northwest,West,Mid-Market,False,0.0
OPP-004097,2026-08-02,Northwest,West,Mid-Market,False,0.0
OPP-004098,2026-08-02,Northwest,West,Enterprise,False,0.0
OPP-004099,2026-08-02,Northwest,West,Mid-Market,False,0.0
OPP-004100,2026-08-02,Northwest,West,SMB,False,0.0
OPP-004101,2026-08-02,Southwest,West,SMB,False,0.0
OPP-004102,2026-08-02,Southwest,West,SMB,True,1889.08
OPP-004103,2026-08-02,Southwest,West,Mid-Market,True,1351.21
OPP-004104,2026-08-02,Southwest,West,SMB,False,0.0
OPP-004105,2026-08-02,Southwest,West,Mid-Market,False,0.0
OPP-004106,2026-08-02,Southwest,West,SMB,True,1021.21
OPP-004107,2026-08-02,Southwest,West,Mid-Market,True,6698.77
OPP-004108,2026-08-02,Southwest,West,Enterprise,False,0.0
OPP-004109,2026-08-02,Southwest,West,SMB,False,0.0
OPP-004110,2026-08-03,Northeast,East,SMB,True,922.99
OPP-004111,2026-08-03,Northeast,East,SMB,True,1048.03
OPP-004112,2026-08-03,Northeast,East,SMB,False,0.0
OPP-004113,2026-08-03,Northeast,East,SMB,False,0.0
OPP-004114,2026-08-03,Northeast,East,SMB,False,0.0
OPP-004115,2026-08-03,Northeast,East,Enterprise,False,0.0
OPP-004116,2026-08-03,Northeast,East,SMB,True,718.61
OPP-004117,2026-08-03,Northeast,East,SMB,True,666.83
OPP-004118,2026-08-03,Northeast,East,Enterprise,False,0.0
OPP-004119,2026-08-03,Northeast,East,SMB,True,1678.83
OPP-004120,2026-08-03,Northeast,East,Mid-Market,False,0.0
OPP-004121,2026-08-03,Northeast,East,Mid-Market,False,0.0
OPP-004122,2026-08-03,Southeast,East,Mid-Market,False,0.0
OPP-004123,2026-08-03,Southeast,East,SMB,False,0.0
OPP-004124,2026-08-03,Southeast,East,SMB,False,0.0
OPP-004125,2026-08-03,Southeast,East,SMB,False,0.0
OPP-004126,2026-08-03,Southeast,East,Mid-Market,True,3285.19
OPP-004127,2026-08-03,Southeast,East,SMB,False,0.0
OPP-004128,2026-08-03,Southeast,East,SMB,False,0.0
OPP-004129,2026-08-03,Southeast,East,SMB,False,0.0
OPP-004130,2026-08-03,Southeast,East,SMB,False,0.0
OPP-004131,2026-08-03,Southeast,East,Mid-Market,True,2331.09
OPP-004132,2026-08-03,Southeast,East,SMB,False,0.0
OPP-004133,2026-08-03,Southeast,East,Mid-Market,False,0.0
OPP-004134,2026-08-03,Southeast,East,Mid-Market,False,0.0
OPP-004135,2026-08-03,Southeast,East,Mid-Market,False,0.0
OPP-004136,2026-08-03,Southeast,East,SMB,False,0.0
OPP-004137,2026-08-03,Southeast,East,Mid-Market,False,0.0
OPP-004138,2026-08-03,Southeast,East,SMB,False,0.0
OPP-004139,2026-08-03,Southeast,East,SMB,True,669.38
OPP-004140,2026-08-03,Southeast,East,SMB,False,0.0
OPP-004141,2026-08-03,Southeast,East,SMB,False,0.0
OPP-004142,2026-08-03,Southeast,East,SMB,True,1378.28
OPP-004143,2026-08-03,Southeast,East,Enterprise,False,0.0
OPP-004144,2026-08-03,Southeast,East,Mid-Market,False,0.0
OPP-004145,2026-08-03,Southeast,East,Mid-Market,False,0.0
OPP-004146,2026-08-03,Southeast,East,Mid-Market,False,0.0
OPP-004147,2026-08-03,Northwest,West,SMB,True,1435.95
OPP-004148,2026-08-03,Northwest,West,SMB,False,0.0
OPP-004149,2026-08-03,Northwest,West,Mid-Market,True,2666.32
OPP-004150,2026-08-03,Northwest,West,Mid-Market,True,2014.39
OPP-004151,2026-08-03,Northwest,West,SMB,False,0.0
OPP-004152,2026-08-03,Northwest,West,SMB,False,0.0
OPP-004153,2026-08-03,Northwest,West,Mid-Market,False,0.0
OPP-004154,2026-08-03,Northwest,West,SMB,False,0.0
OPP-004155,2026-08-03,Northwest,West,SMB,False,0.0
OPP-004156,2026-08-03,Northwest,West,SMB,False,0.0
OPP-004157,2026-08-03,Northwest,West,SMB,False,0.0
OPP-004158,2026-08-03,Northwest,West,SMB,False,0.0
OPP-004159,2026-08-03,Southwest,West,SMB,False,0.0
OPP-004160,2026-08-03,Southwest,West,SMB,False,0.0
OPP-004161,2026-08-03,Southwest,West,SMB,False,0.0
OPP-004162,2026-08-03,Southwest,West,SMB,False,0.0
OPP-004163,2026-08-03,Southwest,West,SMB,False,0.0
OPP-004164,2026-08-03,Southwest,West,Mid-Market,False,0.0
OPP-004165,2026-08-03,Southwest,West,SMB,False,0.0
OPP-004166,2026-08-03,Southwest,West,Mid-Market,False,0.0
OPP-004167,2026-08-03,Southwest,West,SMB,False,0.0
OPP-004168,2026-08-03,Southwest,West,SMB,True,1317.97
OPP-004169,2026-08-03,Southwest,West,SMB,True,2272.19
OPP-004170,2026-08-03,Southwest,West,Mid-Market,False,0.0
OPP-004171,2026-08-03,Southwest,West,Mid-Market,False,0.0
OPP-004172,2026-08-03,Southwest,West,Mid-Market,True,1874.27
OPP-004173,2026-08-03,Southwest,West,Enterprise,False,0.0
OPP-004174,2026-08-03,Southwest,West,SMB,False,0.0
OPP-004175,2026-08-04,Northeast,East,SMB,True,1048.21
OPP-004176,2026-08-04,Northeast,East,SMB,False,0.0
OPP-004177,2026-08-04,Northeast,East,Enterprise,True,6283.63
OPP-004178,2026-08-04,Northeast,East,SMB,False,0.0
OPP-004179,2026-08-04,Northeast,East,SMB,False,0.0
OPP-004180,2026-08-04,Northeast,East,Mid-Market,False,0.0
OPP-004181,2026-08-04,Northeast,East,SMB,False,0.0
OPP-004182,2026-08-04,Northeast,East,Mid-Market,True,3294.27
OPP-004183,2026-08-04,Northeast,East,Enterprise,False,0.0
OPP-004184,2026-08-04,Northeast,East,SMB,False,0.0
OPP-004185,2026-08-04,Northeast,East,SMB,False,0.0
OPP-004186,2026-08-04,Northeast,East,SMB,False,0.0
OPP-004187,2026-08-04,Northeast,East,SMB,True,986.25
OPP-004188,2026-08-04,Northeast,East,Mid-Market,True,2253.82
OPP-004189,2026-08-04,Northeast,East,Mid-Market,False,0.0
OPP-004190,2026-08-04,Northeast,East,Mid-Market,True,2878.02
OPP-004191,2026-08-04,Northeast,East,SMB,False,0.0
OPP-004192,2026-08-04,Northeast,East,SMB,True,394.67
OPP-004193,2026-08-04,Northeast,East,SMB,True,1210.67
OPP-004194,2026-08-04,Northeast,East,Mid-Market,False,0.0
OPP-004195,2026-08-04,Northeast,East,SMB,False,0.0
OPP-004196,2026-08-04,Southeast,East,Mid-Market,False,0.0
OPP-004197,2026-08-04,Southeast,East,SMB,False,0.0
OPP-004198,2026-08-04,Southeast,East,Mid-Market,True,2453.34
OPP-004199,2026-08-04,Southeast,East,SMB,False,0.0
OPP-004200,2026-08-04,Southeast,East,Mid-Market,True,3320.68
OPP-004201,2026-08-04,Southeast,East,Enterprise,True,16942.83
OPP-004202,2026-08-04,Southeast,East,Mid-Market,False,0.0
OPP-004203,2026-08-04,Southeast,East,SMB,False,0.0
OPP-004204,2026-08-04,Southeast,East,SMB,True,595.0
OPP-004205,2026-08-04,Southeast,East,Mid-Market,False,0.0
OPP-004206,2026-08-04,Southeast,East,SMB,False,0.0
OPP-004207,2026-08-04,Southeast,East,Enterprise,False,0.0
OPP-004208,2026-08-04,Southeast,East,Enterprise,False,0.0
OPP-004209,2026-08-04,Southeast,East,SMB,False,0.0
OPP-004210,2026-08-04,Southeast,East,SMB,False,0.0
OPP-004211,2026-08-04,Southeast,East,SMB,False,0.0
OPP-004212,2026-08-04,Southeast,East,Mid-Market,False,0.0
OPP-004213,2026-08-04,Northwest,West,Enterprise,False,0.0
OPP-004214,2026-08-04,Northwest,West,SMB,False,0.0
OPP-004215,2026-08-04,Northwest,West,SMB,True,937.1
OPP-004216,2026-08-04,Northwest,West,Enterprise,True,9875.38
OPP-004217,2026-08-04,Northwest,West,SMB,False,0.0
OPP-004218,2026-08-04,Northwest,West,SMB,False,0.0
OPP-004219,2026-08-04,Northwest,West,SMB,False,0.0
OPP-004220,2026-08-04,Northwest,West,SMB,False,0.0
OPP-004221,2026-08-04,Northwest,West,Enterprise,False,0.0
OPP-004222,2026-08-04,Northwest,West,SMB,True,773.84
OPP-004223,2026-08-04,Northwest,West,SMB,False,0.0
OPP-004224,2026-08-04,Northwest,West,SMB,True,889.08
OPP-004225,2026-08-04,Northwest,West,Mid-Market,True,1731.34
OPP-004226,2026-08-04,Northwest,West,SMB,True,772.85
OPP-004227,2026-08-04,Northwest,West,SMB,False,0.0
OPP-004228,2026-08-04,Northwest,West,SMB,False,0.0
OPP-004229,2026-08-04,Southwest,West,SMB,False,0.0
OPP-004230,2026-08-04,Southwest,West,Enterprise,True,5459.08
OPP-004231,2026-08-04,Southwest,West,Mid-Market,False,0.0
OPP-004232,2026-08-04,Southwest,West,SMB,False,0.0
OPP-004233,2026-08-04,Southwest,West,SMB,True,820.69
OPP-004234,2026-08-04,Southwest,West,Mid-Market,False,0.0
OPP-004235,2026-08-04,Southwest,West,Enterprise,False,0.0
OPP-004236,2026-08-04,Southwest,West,SMB,False,0.0
OPP-004237,2026-08-04,Southwest,West,SMB,False,0.0
OPP-004238,2026-08-04,Southwest,West,SMB,False,0.0
OPP-004239,2026-08-04,Southwest,West,SMB,False,0.0
OPP-004240,2026-08-04,Southwest,West,Mid-Market,False,0.0
OPP-004241,2026-08-04,Southwest,West,SMB,False,0.0
OPP-004242,2026-08-04,Southwest,West,SMB,False,0.0
OPP-004243,2026-08-04,Southwest,West,SMB,True,1318.55
OPP-004244,2026-08-04,Southwest,West,SMB,False,0.0
OPP-004245,2026-08-04,Southwest,West,Mid-Market,False,0.0
OPP-004246,2026-08-04,Southwest,West,SMB,False,0.0
OPP-004247,2026-08-05,Northeast,East,Mid-Market,False,0.0
OPP-004248,2026-08-05,Northeast,East,SMB,False,0.0
OPP-004249,2026-08-05,Northeast,East,SMB,False,0.0
OPP-004250,2026-08-05,Northeast,East,SMB,False,0.0
OPP-004251,2026-08-05,Northeast,East,SMB,False,0.0
OPP-004252,2026-08-05,Northeast,East,SMB,True,1368.14
OPP-004253,2026-08-05,Northeast,East,SMB,False,0.0
OPP-004254,2026-08-05,Northeast,East,SMB,False,0.0
OPP-004255,2026-08-05,Northeast,East,Enterprise,False,0.0
OPP-004256,2026-08-05,Northeast,East,Mid-Market,False,0.0
OPP-004257,2026-08-05,Northeast,East,SMB,True,1729.35
OPP-004258,2026-08-05,Northeast,East,SMB,False,0.0
OPP-004259,2026-08-05,Northeast,East,SMB,False,0.0
OPP-004260,2026-08-05,Northeast,East,SMB,True,571.77
OPP-004261,2026-08-05,Northeast,East,SMB,False,0.0
OPP-004262,2026-08-05,Northeast,East,Mid-Market,False,0.0
OPP-004263,2026-08-05,Southeast,East,SMB,True,1491.28
OPP-004264,2026-08-05,Southeast,East,SMB,False,0.0
OPP-004265,2026-08-05,Southeast,East,SMB,True,1051.1
OPP-004266,2026-08-05,Southeast,East,SMB,False,0.0
OPP-004267,2026-08-05,Southeast,East,SMB,True,1264.39
OPP-004268,2026-08-05,Southeast,East,SMB,False,0.0
OPP-004269,2026-08-05,Southeast,East,SMB,False,0.0
OPP-004270,2026-08-05,Southeast,East,SMB,False,0.0
OPP-004271,2026-08-05,Southeast,East,SMB,False,0.0
OPP-004272,2026-08-05,Southeast,East,SMB,False,0.0
OPP-004273,2026-08-05,Southeast,East,SMB,True,1103.24
OPP-004274,2026-08-05,Southeast,East,SMB,False,0.0
OPP-004275,2026-08-05,Southeast,East,SMB,False,0.0
OPP-004276,2026-08-05,Southeast,East,SMB,False,0.0
OPP-004277,2026-08-05,Southeast,East,Enterprise,False,0.0
OPP-004278,2026-08-05,Southeast,East,Mid-Market,False,0.0
OPP-004279,2026-08-05,Southeast,East,Mid-Market,False,0.0
OPP-004280,2026-08-05,Northwest,West,SMB,False,0.0
OPP-004281,2026-08-05,Northwest,West,Enterprise,False,0.0
OPP-004282,2026-08-05,Northwest,West,SMB,False,0.0
OPP-004283,2026-08-05,Northwest,West,Mid-Market,False,0.0
OPP-004284,2026-08-05,Northwest,West,SMB,False,0.0
OPP-004285,2026-08-05,Northwest,West,SMB,False,0.0
OPP-004286,2026-08-05,Northwest,West,Mid-Market,False,0.0
OPP-004287,2026-08-05,Northwest,West,SMB,False,0.0
OPP-004288,2026-08-05,Northwest,West,SMB,False,0.0
OPP-004289,2026-08-05,Northwest,West,SMB,False,0.0
OPP-004290,2026-08-05,Northwest,West,SMB,True,677.61
OPP-004291,2026-08-05,Northwest,West,SMB,True,826.2
OPP-004292,2026-08-05,Northwest,West,SMB,True,842.22
OPP-004293,2026-08-05,Northwest,West,SMB,False,0.0
OPP-004294,2026-08-05,Northwest,West,SMB,False,0.0
OPP-004295,2026-08-05,Northwest,West,SMB,True,1947.4
OPP-004296,2026-08-05,Northwest,West,Enterprise,False,0.0
OPP-004297,2026-08-05,Northwest,West,SMB,True,1532.23
OPP-004298,2026-08-05,Northwest,West,Mid-Market,False,0.0
OPP-004299,2026-08-05,Southwest,West,Mid-Market,True,2588.3
OPP-004300,2026-08-05,Southwest,West,SMB,False,0.0
OPP-004301,2026-08-05,Southwest,West,Mid-Market,False,0.0
OPP-004302,2026-08-05,Southwest,West,SMB,False,0.0
OPP-004303,2026-08-05,Southwest,West,SMB,True,892.81
OPP-004304,2026-08-05,Southwest,West,Mid-Market,False,0.0
OPP-004305,2026-08-05,Southwest,West,Mid-Market,False,0.0
OPP-004306,2026-08-05,Southwest,West,SMB,False,0.0
OPP-004307,2026-08-05,Southwest,West,SMB,False,0.0
OPP-004308,2026-08-05,Southwest,West,Enterprise,False,0.0
OPP-004309,2026-08-05,Southwest,West,Enterprise,False,0.0
OPP-004310,2026-08-05,Southwest,West,SMB,False,0.0
OPP-004311,2026-08-05,Southwest,West,Mid-Market,False,0.0
OPP-004312,2026-08-05,Southwest,West,SMB,True,608.82
OPP-004313,2026-08-05,Southwest,West,SMB,False,0.0
OPP-004314,2026-08-05,Southwest,West,Mid-Market,False,0.0
OPP-004315,2026-08-06,Northeast,East,SMB,False,0.0
OPP-004316,2026-08-06,Northeast,East,SMB,True,857.09
OPP-004317,2026-08-06,Northeast,East,SMB,True,1247.84
OPP-004318,2026-08-06,Northeast,East,Mid-Market,True,2224.19
OPP-004319,2026-08-06,Northeast,East,Mid-Market,False,0.0
OPP-004320,2026-08-06,Northeast,East,Enterprise,True,10130.39
OPP-004321,2026-08-06,Northeast,East,SMB,False,0.0
OPP-004322,2026-08-06,Northeast,East,SMB,False,0.0
OPP-004323,2026-08-06,Northeast,East,SMB,False,0.0
OPP-004324,2026-08-06,Northeast,East,SMB,True,853.0
OPP-004325,2026-08-06,Northeast,East,SMB,True,1035.46
OPP-004326,2026-08-06,Northeast,East,SMB,True,1214.48
OPP-004327,2026-08-06,Northeast,East,SMB,False,0.0
OPP-004328,2026-08-06,Northeast,East,Enterprise,False,0.0
OPP-004329,2026-08-06,Northeast,East,Mid-Market,False,0.0
OPP-004330,2026-08-06,Northeast,East,SMB,False,0.0
OPP-004331,2026-08-06,Northeast,East,SMB,False,0.0
OPP-004332,2026-08-06,Northeast,East,SMB,False,0.0
OPP-004333,2026-08-06,Northeast,East,SMB,True,479.21
OPP-004334,2026-08-06,Northeast,East,SMB,False,0.0
OPP-004335,2026-08-06,Northeast,East,SMB,False,0.0
OPP-004336,2026-08-06,Southeast,East,Mid-Market,True,2072.21
OPP-004337,2026-08-06,Southeast,East,SMB,False,0.0
OPP-004338,2026-08-06,Southeast,East,SMB,False,0.0
OPP-004339,2026-08-06,Southeast,East,Enterprise,False,0.0
OPP-004340,2026-08-06,Southeast,East,Mid-Market,True,2726.44
OPP-004341,2026-08-06,Southeast,East,SMB,False,0.0
OPP-004342,2026-08-06,Southeast,East,Mid-Market,False,0.0
OPP-004343,2026-08-06,Southeast,East,SMB,True,421.55
OPP-004344,2026-08-06,Southeast,East,SMB,True,469.48
OPP-004345,2026-08-06,Southeast,East,SMB,True,531.31
OPP-004346,2026-08-06,Southeast,East,SMB,False,0.0
OPP-004347,2026-08-06,Southeast,East,SMB,False,0.0
OPP-004348,2026-08-06,Southeast,East,SMB,False,0.0
OPP-004349,2026-08-06,Southeast,East,Mid-Market,False,0.0
OPP-004350,2026-08-06,Southeast,East,Enterprise,False,0.0
OPP-004351,2026-08-06,Southeast,East,Enterprise,True,9935.83
OPP-004352,2026-08-06,Southeast,East,Mid-Market,False,0.0
OPP-004353,2026-08-06,Southeast,East,SMB,False,0.0
OPP-004354,2026-08-06,Southeast,East,Mid-Market,False,0.0
OPP-004355,2026-08-06,Southeast,East,Mid-Market,False,0.0
OPP-004356,2026-08-06,Southeast,East,SMB,True,724.63
OPP-004357,2026-08-06,Southeast,East,Mid-Market,False,0.0
OPP-004358,2026-08-06,Northwest,West,Mid-Market,False,0.0
OPP-004359,2026-08-06,Northwest,West,Mid-Market,False,0.0
OPP-004360,2026-08-06,Northwest,West,SMB,False,0.0
OPP-004361,2026-08-06,Northwest,West,SMB,False,0.0
OPP-004362,2026-08-06,Northwest,West,SMB,False,0.0
OPP-004363,2026-08-06,Northwest,West,SMB,True,888.43
OPP-004364,2026-08-06,Northwest,West,SMB,True,739.82
OPP-004365,2026-08-06,Northwest,West,Mid-Market,False,0.0
OPP-004366,2026-08-06,Northwest,West,SMB,False,0.0
OPP-004367,2026-08-06,Northwest,West,Mid-Market,False,0.0
OPP-004368,2026-08-06,Northwest,West,Mid-Market,False,0.0
OPP-004369,2026-08-06,Northwest,West,Mid-Market,True,1775.72
OPP-004370,2026-08-06,Northwest,West,SMB,False,0.0
OPP-004371,2026-08-06,Northwest,West,SMB,False,0.0
OPP-004372,2026-08-06,Northwest,West,SMB,True,654.25
OPP-004373,2026-08-06,Northwest,West,SMB,False,0.0
OPP-004374,2026-08-06,Northwest,West,Mid-Market,False,0.0
OPP-004375,2026-08-06,Northwest,West,Enterprise,True,11945.51
OPP-004376,2026-08-06,Northwest,West,SMB,True,593.8
OPP-004377,2026-08-06,Southwest,West,SMB,False,0.0
OPP-004378,2026-08-06,Southwest,West,SMB,False,0.0
OPP-004379,2026-08-06,Southwest,West,SMB,True,1076.14
OPP-004380,2026-08-06,Southwest,West,SMB,True,630.82
OPP-004381,2026-08-06,Southwest,West,Enterprise,False,0.0
OPP-004382,2026-08-06,Southwest,West,Mid-Market,False,0.0
OPP-004383,2026-08-06,Southwest,West,SMB,False,0.0
OPP-004384,2026-08-06,Southwest,West,SMB,False,0.0
OPP-004385,2026-08-06,Southwest,West,Mid-Market,False,0.0
OPP-004386,2026-08-06,Southwest,West,SMB,False,0.0
OPP-004387,2026-08-06,Southwest,West,SMB,False,0.0
OPP-004388,2026-08-06,Southwest,West,SMB,False,0.0
OPP-004389,2026-08-06,Southwest,West,SMB,False,0.0
OPP-004390,2026-08-06,Southwest,West,Mid-Market,False,0.0
OPP-004391,2026-08-06,Southwest,West,Enterprise,False,0.0
OPP-004392,2026-08-06,Southwest,West,Mid-Market,True,1991.75
OPP-004393,2026-08-06,Southwest,West,SMB,False,0.0
OPP-004394,2026-08-06,Southwest,West,Enterprise,False,0.0
OPP-004395,2026-08-07,Northeast,East,SMB,True,1214.17
OPP-004396,2026-08-07,Northeast,East,Mid-Market,True,1145.54
OPP-004397,2026-08-07,Northeast,East,SMB,False,0.0
OPP-004398,2026-08-07,Northeast,East,SMB,False,0.0
OPP-004399,2026-08-07,Northeast,East,Mid-Market,True,2767.12
OPP-004400,2026-08-07,Northeast,East,SMB,True,1273.65
OPP-004401,2026-08-07,Northeast,East,SMB,False,0.0
OPP-004402,2026-08-07,Northeast,East,SMB,False,0.0
OPP-004403,2026-08-07,Northeast,East,Mid-Market,True,1816.17
OPP-004404,2026-08-07,Northeast,East,SMB,True,632.61
OPP-004405,2026-08-07,Northeast,East,SMB,False,0.0
OPP-004406,2026-08-07,Northeast,East,Mid-Market,False,0.0
OPP-004407,2026-08-07,Northeast,East,SMB,False,0.0
OPP-004408,2026-08-07,Northeast,East,SMB,True,656.15
OPP-004409,2026-08-07,Northeast,East,SMB,False,0.0
OPP-004410,2026-08-07,Northeast,East,SMB,False,0.0
OPP-004411,2026-08-07,Northeast,East,SMB,False,0.0
OPP-004412,2026-08-07,Northeast,East,Mid-Market,False,0.0
OPP-004413,2026-08-07,Northeast,East,SMB,False,0.0
OPP-004414,2026-08-07,Southeast,East,SMB,False,0.0
OPP-004415,2026-08-07,Southeast,East,Mid-Market,False,0.0
OPP-004416,2026-08-07,Southeast,East,SMB,True,738.01
OPP-004417,2026-08-07,Southeast,East,Enterprise,False,0.0
OPP-004418,2026-08-07,Southeast,East,Enterprise,False,0.0
OPP-004419,2026-08-07,Southeast,East,SMB,True,1033.78
OPP-004420,2026-08-07,Southeast,East,SMB,False,0.0
OPP-004421,2026-08-07,Southeast,East,Mid-Market,False,0.0
OPP-004422,2026-08-07,Southeast,East,Mid-Market,False,0.0
OPP-004423,2026-08-07,Southeast,East,SMB,True,1146.63
OPP-004424,2026-08-07,Southeast,East,SMB,False,0.0
OPP-004425,2026-08-07,Southeast,East,SMB,False,0.0
OPP-004426,2026-08-07,Southeast,East,SMB,False,0.0
OPP-004427,2026-08-07,Southeast,East,SMB,False,0.0
OPP-004428,2026-08-07,Southeast,East,SMB,False,0.0
OPP-004429,2026-08-07,Southeast,East,SMB,True,780.58
OPP-004430,2026-08-07,Southeast,East,SMB,False,0.0
OPP-004431,2026-08-07,Northwest,West,SMB,True,988.13
OPP-004432,2026-08-07,Northwest,West,SMB,False,0.0
OPP-004433,2026-08-07,Northwest,West,SMB,False,0.0
OPP-004434,2026-08-07,Northwest,West,SMB,False,0.0
OPP-004435,2026-08-07,Northwest,West,Mid-Market,False,0.0
OPP-004436,2026-08-07,Northwest,West,SMB,True,747.41
OPP-004437,2026-08-07,Northwest,West,SMB,False,0.0
OPP-004438,2026-08-07,Northwest,West,Enterprise,False,0.0
OPP-004439,2026-08-07,Northwest,West,SMB,False,0.0
OPP-004440,2026-08-07,Northwest,West,SMB,False,0.0
OPP-004441,2026-08-07,Northwest,West,SMB,False,0.0
OPP-004442,2026-08-07,Northwest,West,SMB,True,626.06
OPP-004443,2026-08-07,Northwest,West,SMB,False,0.0
OPP-004444,2026-08-07,Northwest,West,Mid-Market,False,0.0
OPP-004445,2026-08-07,Northwest,West,Mid-Market,False,0.0
OPP-004446,2026-08-07,Northwest,West,Mid-Market,False,0.0
OPP-004447,2026-08-07,Northwest,West,SMB,False,0.0
OPP-004448,2026-08-07,Northwest,West,SMB,False,0.0
OPP-004449,2026-08-07,Northwest,West,Mid-Market,False,0.0
OPP-004450,2026-08-07,Northwest,West,SMB,True,950.0
OPP-004451,2026-08-07,Southwest,West,Mid-Market,False,0.0
OPP-004452,2026-08-07,Southwest,West,Mid-Market,True,5202.27
OPP-004453,2026-08-07,Southwest,West,Enterprise,True,6230.02
OPP-004454,2026-08-07,Southwest,West,SMB,False,0.0
OPP-004455,2026-08-07,Southwest,West,SMB,False,0.0
OPP-004456,2026-08-07,Southwest,West,SMB,True,1385.37
OPP-004457,2026-08-07,Southwest,West,SMB,False,0.0
OPP-004458,2026-08-07,Southwest,West,Mid-Market,False,0.0
OPP-004459,2026-08-07,Southwest,West,SMB,False,0.0
OPP-004460,2026-08-07,Southwest,West,SMB,False,0.0
OPP-004461,2026-08-07,Southwest,West,Mid-Market,False,0.0
OPP-004462,2026-08-07,Southwest,West,SMB,False,0.0
OPP-004463,2026-08-07,Southwest,West,Mid-Market,False,0.0
OPP-004464,2026-08-07,Southwest,West,Mid-Market,False,0.0
OPP-004465,2026-08-07,Southwest,West,SMB,False,0.0
OPP-004466,2026-08-07,Southwest,West,SMB,True,730.35
OPP-004467,2026-08-07,Southwest,West,Mid-Market,True,2316.78
OPP-004468,2026-08-07,Southwest,West,SMB,True,335.3
OPP-004469,2026-08-07,Southwest,West,SMB,True,887.92
OPP-004470,2026-08-07,Southwest,West,Mid-Market,False,0.0
OPP-004471,2026-08-07,Southwest,West,Mid-Market,False,0.0
OPP-004472,2026-08-07,Southwest,West,Enterprise,False,0.0
OPP-004473,2026-08-07,Southwest,West,Mid-Market,False,0.0
OPP-004474,2026-08-07,Southwest,West,SMB,False,0.0
OPP-004475,2026-08-08,Northeast,East,SMB,False,0.0
OPP-004476,2026-08-08,Northeast,East,Mid-Market,False,0.0
OPP-004477,2026-08-08,Northeast,East,SMB,False,0.0
OPP-004478,2026-08-08,Northeast,East,SMB,False,0.0
OPP-004479,2026-08-08,Northeast,East,Mid-Market,False,0.0
OPP-004480,2026-08-08,Northeast,East,SMB,False,0.0
OPP-004481,2026-08-08,Northeast,East,Mid-Market,False,0.0
OPP-004482,2026-08-08,Northeast,East,SMB,True,813.64
OPP-004483,2026-08-08,Southeast,East,SMB,False,0.0
OPP-004484,2026-08-08,Southeast,East,SMB,False,0.0
OPP-004485,2026-08-08,Southeast,East,Enterprise,True,8673.82
OPP-004486,2026-08-08,Southeast,East,SMB,False,0.0
OPP-004487,2026-08-08,Southeast,East,Mid-Market,False,0.0
OPP-004488,2026-08-08,Southeast,East,SMB,False,0.0
OPP-004489,2026-08-08,Southeast,East,Mid-Market,False,0.0
OPP-004490,2026-08-08,Southeast,East,SMB,False,0.0
OPP-004491,2026-08-08,Southeast,East,Mid-Market,False,0.0
OPP-004492,2026-08-08,Southeast,East,SMB,False,0.0
OPP-004493,2026-08-08,Northwest,West,SMB,False,0.0
OPP-004494,2026-08-08,Northwest,West,Enterprise,True,11782.14
OPP-004495,2026-08-08,Northwest,West,SMB,True,796.56
OPP-004496,2026-08-08,Northwest,West,SMB,False,0.0
OPP-004497,2026-08-08,Northwest,West,SMB,False,0.0
OPP-004498,2026-08-08,Southwest,West,SMB,False,0.0
OPP-004499,2026-08-08,Southwest,West,SMB,True,475.06
OPP-004500,2026-08-08,Southwest,West,SMB,True,796.17
OPP-004501,2026-08-08,Southwest,West,SMB,False,0.0
OPP-004502,2026-08-08,Southwest,West,Mid-Market,False,0.0
OPP-004503,2026-08-08,Southwest,West,Mid-Market,False,0.0
OPP-004504,2026-08-08,Southwest,West,Enterprise,True,3839.17
OPP-004505,2026-08-08,Southwest,West,Mid-Market,False,0.0
OPP-004506,2026-08-08,Southwest,West,SMB,True,922.67
OPP-004507,2026-08-08,Southwest,West,SMB,False,0.0
OPP-004508,2026-08-08,Southwest,West,Mid-Market,False,0.0
OPP-004509,2026-08-08,Southwest,West,Mid-Market,False,0.0
OPP-004510,2026-08-09,Northeast,East,SMB,False,0.0
OPP-004511,2026-08-09,Northeast,East,SMB,True,1001.61
OPP-004512,2026-08-09,Northeast,East,Mid-Market,False,0.0
OPP-004513,2026-08-09,Northeast,East,Mid-Market,False,0.0
OPP-004514,2026-08-09,Northeast,East,SMB,False,0.0
OPP-004515,2026-08-09,Northeast,East,Mid-Market,False,0.0
OPP-004516,2026-08-09,Northeast,East,Enterprise,False,0.0
OPP-004517,2026-08-09,Northeast,East,SMB,False,0.0
OPP-004518,2026-08-09,Northeast,East,Mid-Market,False,0.0
OPP-004519,2026-08-09,Northeast,East,Mid-Market,False,0.0
OPP-004520,2026-08-09,Northeast,East,SMB,False,0.0
OPP-004521,2026-08-09,Southeast,East,SMB,False,0.0
OPP-004522,2026-08-09,Southeast,East,SMB,False,0.0
OPP-004523,2026-08-09,Southeast,East,SMB,True,980.36
OPP-004524,2026-08-09,Southeast,East,SMB,True,828.49
OPP-004525,2026-08-09,Southeast,East,Mid-Market,False,0.0
OPP-004526,2026-08-09,Southeast,East,SMB,False,0.0
OPP-004527,2026-08-09,Southeast,East,SMB,False,0.0
OPP-004528,2026-08-09,Southeast,East,Mid-Market,False,0.0
OPP-004529,2026-08-09,Southeast,East,SMB,False,0.0
OPP-004530,2026-08-09,Southeast,East,SMB,False,0.0
OPP-004531,2026-08-09,Southeast,East,Mid-Market,False,0.0
OPP-004532,2026-08-09,Southeast,East,SMB,False,0.0
OPP-004533,2026-08-09,Southeast,East,Enterprise,True,4294.22
OPP-004534,2026-08-09,Southeast,East,SMB,False,0.0
OPP-004535,2026-08-09,Northwest,West,SMB,True,657.2
OPP-004536,2026-08-09,Northwest,West,Enterprise,True,2730.12
OPP-004537,2026-08-09,Northwest,West,SMB,True,1209.64
OPP-004538,2026-08-09,Northwest,West,Enterprise,False,0.0
OPP-004539,2026-08-09,Northwest,West,Enterprise,False,0.0
OPP-004540,2026-08-09,Northwest,West,SMB,True,632.11
OPP-004541,2026-08-09,Northwest,West,SMB,False,0.0
OPP-004542,2026-08-09,Northwest,West,SMB,True,1180.9
OPP-004543,2026-08-09,Northwest,West,SMB,True,413.04
OPP-004544,2026-08-09,Northwest,West,SMB,False,0.0
OPP-004545,2026-08-09,Southwest,West,SMB,False,0.0
OPP-004546,2026-08-09,Southwest,West,SMB,False,0.0
OPP-004547,2026-08-09,Southwest,West,SMB,True,844.04
OPP-004548,2026-08-09,Southwest,West,SMB,False,0.0
OPP-004549,2026-08-09,Southwest,West,Mid-Market,False,0.0
OPP-004550,2026-08-09,Southwest,West,SMB,True,853.82
OPP-004551,2026-08-09,Southwest,West,SMB,True,1002.0
OPP-004552,2026-08-09,Southwest,West,Mid-Market,False,0.0
OPP-004553,2026-08-09,Southwest,West,Mid-Market,False,0.0
OPP-004554,2026-08-09,Southwest,West,Enterprise,False,0.0
OPP-004555,2026-08-09,Southwest,West,SMB,False,0.0
OPP-004556,2026-08-09,Southwest,West,Mid-Market,True,3116.9
OPP-004557,2026-08-09,Southwest,West,Mid-Market,False,0.0
OPP-004558,2026-08-10,Northeast,East,SMB,False,0.0
OPP-004559,2026-08-10,Northeast,East,SMB,True,677.0
OPP-004560,2026-08-10,Northeast,East,SMB,True,892.34
OPP-004561,2026-08-10,Northeast,East,Mid-Market,False,0.0
OPP-004562,2026-08-10,Northeast,East,SMB,False,0.0
OPP-004563,2026-08-10,Northeast,East,Mid-Market,True,3682.1
OPP-004564,2026-08-10,Northeast,East,Mid-Market,False,0.0
OPP-004565,2026-08-10,Northeast,East,SMB,False,0.0
OPP-004566,2026-08-10,Northeast,East,SMB,True,661.6
OPP-004567,2026-08-10,Northeast,East,Mid-Market,False,0.0
OPP-004568,2026-08-10,Northeast,East,SMB,False,0.0
OPP-004569,2026-08-10,Northeast,East,SMB,False,0.0
OPP-004570,2026-08-10,Northeast,East,SMB,False,0.0
OPP-004571,2026-08-10,Northeast,East,SMB,False,0.0
OPP-004572,2026-08-10,Northeast,East,Mid-Market,True,2052.53
OPP-004573,2026-08-10,Northeast,East,SMB,False,0.0
OPP-004574,2026-08-10,Northeast,East,SMB,False,0.0
OPP-004575,2026-08-10,Northeast,East,Mid-Market,False,0.0
OPP-004576,2026-08-10,Northeast,East,Mid-Market,True,1230.39
OPP-004577,2026-08-10,Northeast,East,SMB,True,529.29
OPP-004578,2026-08-10,Northeast,East,SMB,False,0.0
OPP-004579,2026-08-10,Northeast,East,SMB,True,1285.98
OPP-004580,2026-08-10,Northeast,East,SMB,False,0.0
OPP-004581,2026-08-10,Northeast,East,SMB,True,1669.86
OPP-004582,2026-08-10,Northeast,East,Mid-Market,False,0.0
OPP-004583,2026-08-10,Southeast,East,SMB,False,0.0
OPP-004584,2026-08-10,Southeast,East,SMB,False,0.0
OPP-004585,2026-08-10,Southeast,East,SMB,False,0.0
OPP-004586,2026-08-10,Southeast,East,Mid-Market,False,0.0
OPP-004587,2026-08-10,Southeast,East,SMB,True,866.83
OPP-004588,2026-08-10,Southeast,East,Mid-Market,False,0.0
OPP-004589,2026-08-10,Southeast,East,Enterprise,False,0.0
OPP-004590,2026-08-10,Southeast,East,SMB,False,0.0
OPP-004591,2026-08-10,Southeast,East,SMB,True,373.76
OPP-004592,2026-08-10,Southeast,East,SMB,True,896.37
OPP-004593,2026-08-10,Southeast,East,SMB,False,0.0
OPP-004594,2026-08-10,Southeast,East,SMB,False,0.0
OPP-004595,2026-08-10,Southeast,East,Mid-Market,False,0.0
OPP-004596,2026-08-10,Southeast,East,SMB,True,900.59
OPP-004597,2026-08-10,Southeast,East,SMB,False,0.0
OPP-004598,2026-08-10,Southeast,East,SMB,False,0.0
OPP-004599,2026-08-10,Southeast,East,SMB,False,0.0
OPP-004600,2026-08-10,Southeast,East,SMB,True,1328.55
OPP-004601,2026-08-10,Northwest,West,SMB,False,0.0
OPP-004602,2026-08-10,Northwest,West,SMB,False,0.0
OPP-004603,2026-08-10,Northwest,West,SMB,False,0.0
OPP-004604,2026-08-10,Northwest,West,SMB,True,849.33
OPP-004605,2026-08-10,Northwest,West,SMB,False,0.0
OPP-004606,2026-08-10,Northwest,West,SMB,False,0.0
OPP-004607,2026-08-10,Northwest,West,Mid-Market,False,0.0
OPP-004608,2026-08-10,Northwest,West,SMB,False,0.0
OPP-004609,2026-08-10,Northwest,West,SMB,False,0.0
OPP-004610,2026-08-10,Northwest,West,SMB,False,0.0
OPP-004611,2026-08-10,Northwest,West,Mid-Market,False,0.0
OPP-004612,2026-08-10,Northwest,West,SMB,True,719.4
OPP-004613,2026-08-10,Northwest,West,SMB,False,0.0
OPP-004614,2026-08-10,Northwest,West,SMB,False,0.0
OPP-004615,2026-08-10,Northwest,West,SMB,False,0.0
OPP-004616,2026-08-10,Northwest,West,SMB,True,1341.59
OPP-004617,2026-08-10,Northwest,West,SMB,True,1553.49
OPP-004618,2026-08-10,Northwest,West,Enterprise,False,0.0
OPP-004619,2026-08-10,Northwest,West,SMB,False,0.0
OPP-004620,2026-08-10,Northwest,West,SMB,False,0.0
OPP-004621,2026-08-10,Northwest,West,SMB,False,0.0
OPP-004622,2026-08-10,Northwest,West,Enterprise,False,0.0
OPP-004623,2026-08-10,Northwest,West,SMB,False,0.0
OPP-004624,2026-08-10,Northwest,West,SMB,False,0.0
OPP-004625,2026-08-10,Northwest,West,Enterprise,False,0.0
OPP-004626,2026-08-10,Northwest,West,SMB,False,0.0
OPP-004627,2026-08-10,Southwest,West,Mid-Market,False,0.0
OPP-004628,2026-08-10,Southwest,West,SMB,False,0.0
OPP-004629,2026-08-10,Southwest,West,SMB,True,873.53
OPP-004630,2026-08-10,Southwest,West,Mid-Market,False,0.0
OPP-004631,2026-08-10,Southwest,West,Mid-Market,False,0.0
OPP-004632,2026-08-10,Southwest,West,Mid-Market,False,0.0
OPP-004633,2026-08-10,Southwest,West,Enterprise,False,0.0
OPP-004634,2026-08-10,Southwest,West,Mid-Market,False,0.0
OPP-004635,2026-08-10,Southwest,West,Mid-Market,False,0.0
OPP-004636,2026-08-10,Southwest,West,Enterprise,False,0.0
OPP-004637,2026-08-10,Southwest,West,SMB,True,856.18
OPP-004638,2026-08-10,Southwest,West,Enterprise,False,0.0
OPP-004639,2026-08-10,Southwest,West,Mid-Market,False,0.0
OPP-004640,2026-08-11,Northeast,East,Mid-Market,True,3341.7
OPP-004641,2026-08-11,Northeast,East,SMB,False,0.0
OPP-004642,2026-08-11,Northeast,East,SMB,False,0.0
OPP-004643,2026-08-11,Northeast,East,Mid-Market,False,0.0
OPP-004644,2026-08-11,Northeast,East,Mid-Market,False,0.0
OPP-004645,2026-08-11,Northeast,East,Enterprise,False,0.0
OPP-004646,2026-08-11,Northeast,East,SMB,False,0.0
OPP-004647,2026-08-11,Northeast,East,SMB,True,1522.97
OPP-004648,2026-08-11,Northeast,East,Mid-Market,False,0.0
OPP-004649,2026-08-11,Northeast,East,SMB,False,0.0
OPP-004650,2026-08-11,Northeast,East,Mid-Market,True,2792.5
OPP-004651,2026-08-11,Northeast,East,SMB,False,0.0
OPP-004652,2026-08-11,Northeast,East,SMB,False,0.0
OPP-004653,2026-08-11,Northeast,East,SMB,False,0.0
OPP-004654,2026-08-11,Northeast,East,SMB,True,923.81
OPP-004655,2026-08-11,Northeast,East,SMB,True,1064.23
OPP-004656,2026-08-11,Northeast,East,SMB,False,0.0
OPP-004657,2026-08-11,Northeast,East,SMB,False,0.0
OPP-004658,2026-08-11,Northeast,East,SMB,False,0.0
OPP-004659,2026-08-11,Northeast,East,SMB,False,0.0
OPP-004660,2026-08-11,Southeast,East,SMB,False,0.0
OPP-004661,2026-08-11,Southeast,East,SMB,False,0.0
OPP-004662,2026-08-11,Southeast,East,SMB,False,0.0
OPP-004663,2026-08-11,Southeast,East,SMB,False,0.0
OPP-004664,2026-08-11,Southeast,East,SMB,False,0.0
OPP-004665,2026-08-11,Southeast,East,SMB,False,0.0
OPP-004666,2026-08-11,Southeast,East,SMB,True,1016.84
OPP-004667,2026-08-11,Southeast,East,SMB,True,371.72
OPP-004668,2026-08-11,Southeast,East,SMB,False,0.0
OPP-004669,2026-08-11,Southeast,East,SMB,True,567.13
OPP-004670,2026-08-11,Southeast,East,SMB,False,0.0
OPP-004671,2026-08-11,Southeast,East,Mid-Market,True,4542.09
OPP-004672,2026-08-11,Southeast,East,Enterprise,False,0.0
OPP-004673,2026-08-11,Southeast,East,SMB,False,0.0
OPP-004674,2026-08-11,Southeast,East,Mid-Market,False,0.0
OPP-004675,2026-08-11,Southeast,East,Mid-Market,False,0.0
OPP-004676,2026-08-11,Northwest,West,Mid-Market,False,0.0
OPP-004677,2026-08-11,Northwest,West,SMB,False,0.0
OPP-004678,2026-08-11,Northwest,West,SMB,False,0.0
OPP-004679,2026-08-11,Northwest,West,SMB,True,835.36
OPP-004680,2026-08-11,Northwest,West,SMB,False,0.0
OPP-004681,2026-08-11,Northwest,West,SMB,False,0.0
OPP-004682,2026-08-11,Northwest,West,SMB,True,917.63
OPP-004683,2026-08-11,Northwest,West,SMB,False,0.0
OPP-004684,2026-08-11,Northwest,West,SMB,True,575.26
OPP-004685,2026-08-11,Northwest,West,Enterprise,True,4146.39
OPP-004686,2026-08-11,Northwest,West,Mid-Market,True,3373.2
OPP-004687,2026-08-11,Northwest,West,Mid-Market,False,0.0
OPP-004688,2026-08-11,Northwest,West,SMB,False,0.0
OPP-004689,2026-08-11,Northwest,West,Mid-Market,True,3234.67
OPP-004690,2026-08-11,Northwest,West,SMB,False,0.0
OPP-004691,2026-08-11,Northwest,West,SMB,False,0.0
OPP-004692,2026-08-11,Northwest,West,Mid-Market,False,0.0
OPP-004693,2026-08-11,Northwest,West,SMB,True,573.92
OPP-004694,2026-08-11,Southwest,West,SMB,False,0.0
OPP-004695,2026-08-11,Southwest,West,SMB,False,0.0
OPP-004696,2026-08-11,Southwest,West,SMB,False,0.0
OPP-004697,2026-08-11,Southwest,West,SMB,False,0.0
OPP-004698,2026-08-11,Southwest,West,Mid-Market,False,0.0
OPP-004699,2026-08-11,Southwest,West,SMB,False,0.0
OPP-004700,2026-08-11,Southwest,West,SMB,False,0.0
OPP-004701,2026-08-11,Southwest,West,SMB,False,0.0
OPP-004702,2026-08-11,Southwest,West,Mid-Market,False,0.0
OPP-004703,2026-08-11,Southwest,West,SMB,False,0.0
OPP-004704,2026-08-11,Southwest,West,SMB,True,784.88
OPP-004705,2026-08-11,Southwest,West,SMB,False,0.0
OPP-004706,2026-08-11,Southwest,West,SMB,False,0.0
OPP-004707,2026-08-11,Southwest,West,SMB,False,0.0
OPP-004708,2026-08-11,Southwest,West,SMB,False,0.0
OPP-004709,2026-08-11,Southwest,West,Mid-Market,False,0.0
OPP-004710,2026-08-11,Southwest,West,Mid-Market,True,1605.74
OPP-004711,2026-08-11,Southwest,West,SMB,False,0.0
OPP-004712,2026-08-11,Southwest,West,Mid-Market,False,0.0
OPP-004713,2026-08-11,Southwest,West,Mid-Market,False,0.0
OPP-004714,2026-08-11,Southwest,West,Mid-Market,False,0.0
OPP-004715,2026-08-11,Southwest,West,SMB,True,840.7
OPP-004716,2026-08-11,Southwest,West,Mid-Market,False,0.0
OPP-004717,2026-08-12,Northeast,East,Mid-Market,False,0.0
OPP-004718,2026-08-12,Northeast,East,Mid-Market,False,0.0
OPP-004719,2026-08-12,Northeast,East,SMB,True,907.72
OPP-004720,2026-08-12,Northeast,East,Enterprise,True,4878.79
OPP-004721,2026-08-12,Northeast,East,SMB,False,0.0
OPP-004722,2026-08-12,Northeast,East,Mid-Market,False,0.0
OPP-004723,2026-08-12,Northeast,East,SMB,True,1173.66
OPP-004724,2026-08-12,Northeast,East,Enterprise,False,0.0
OPP-004725,2026-08-12,Northeast,East,SMB,False,0.0
OPP-004726,2026-08-12,Northeast,East,SMB,False,0.0
OPP-004727,2026-08-12,Northeast,East,SMB,False,0.0
OPP-004728,2026-08-12,Northeast,East,Mid-Market,False,0.0
OPP-004729,2026-08-12,Northeast,East,Mid-Market,False,0.0
OPP-004730,2026-08-12,Northeast,East,Mid-Market,True,2711.09
OPP-004731,2026-08-12,Northeast,East,SMB,False,0.0
OPP-004732,2026-08-12,Northeast,East,SMB,True,1065.99
OPP-004733,2026-08-12,Northeast,East,Enterprise,True,10628.02
OPP-004734,2026-08-12,Northeast,East,Enterprise,False,0.0
OPP-004735,2026-08-12,Northeast,East,SMB,False,0.0
OPP-004736,2026-08-12,Northeast,East,SMB,False,0.0
OPP-004737,2026-08-12,Northeast,East,SMB,True,610.08
OPP-004738,2026-08-12,Northeast,East,SMB,False,0.0
OPP-004739,2026-08-12,Northeast,East,Mid-Market,False,0.0
OPP-004740,2026-08-12,Northeast,East,SMB,False,0.0
OPP-004741,2026-08-12,Southeast,East,Mid-Market,True,3819.27
OPP-004742,2026-08-12,Southeast,East,Mid-Market,False,0.0
OPP-004743,2026-08-12,Southeast,East,SMB,True,444.36
OPP-004744,2026-08-12,Southeast,East,SMB,False,0.0
OPP-004745,2026-08-12,Southeast,East,SMB,False,0.0
OPP-004746,2026-08-12,Southeast,East,Enterprise,True,4192.9
OPP-004747,2026-08-12,Southeast,East,Mid-Market,True,5290.6
OPP-004748,2026-08-12,Southeast,East,Mid-Market,False,0.0
OPP-004749,2026-08-12,Southeast,East,Mid-Market,True,4359.23
OPP-004750,2026-08-12,Southeast,East,Mid-Market,True,3195.7
OPP-004751,2026-08-12,Southeast,East,Enterprise,False,0.0
OPP-004752,2026-08-12,Southeast,East,SMB,False,0.0
OPP-004753,2026-08-12,Southeast,East,Mid-Market,True,3801.99
OPP-004754,2026-08-12,Southeast,East,Mid-Market,False,0.0
OPP-004755,2026-08-12,Southeast,East,SMB,True,784.45
OPP-004756,2026-08-12,Southeast,East,Mid-Market,False,0.0
OPP-004757,2026-08-12,Southeast,East,SMB,False,0.0
OPP-004758,2026-08-12,Southeast,East,Mid-Market,False,0.0
OPP-004759,2026-08-12,Southeast,East,SMB,False,0.0
OPP-004760,2026-08-12,Southeast,East,Mid-Market,False,0.0
OPP-004761,2026-08-12,Northwest,West,SMB,True,617.93
OPP-004762,2026-08-12,Northwest,West,Enterprise,False,0.0
OPP-004763,2026-08-12,Northwest,West,Enterprise,True,6956.4
OPP-004764,2026-08-12,Northwest,West,SMB,False,0.0
OPP-004765,2026-08-12,Northwest,West,SMB,False,0.0
OPP-004766,2026-08-12,Northwest,West,SMB,False,0.0
OPP-004767,2026-08-12,Northwest,West,Enterprise,True,15580.92
OPP-004768,2026-08-12,Northwest,West,SMB,False,0.0
OPP-004769,2026-08-12,Northwest,West,SMB,True,612.0
OPP-004770,2026-08-12,Northwest,West,SMB,False,0.0
OPP-004771,2026-08-12,Northwest,West,Enterprise,False,0.0
OPP-004772,2026-08-12,Northwest,West,SMB,False,0.0
OPP-004773,2026-08-12,Northwest,West,Mid-Market,False,0.0
OPP-004774,2026-08-12,Northwest,West,Mid-Market,False,0.0
OPP-004775,2026-08-12,Northwest,West,SMB,False,0.0
OPP-004776,2026-08-12,Northwest,West,SMB,False,0.0
OPP-004777,2026-08-12,Northwest,West,SMB,False,0.0
OPP-004778,2026-08-12,Northwest,West,SMB,False,0.0
OPP-004779,2026-08-12,Northwest,West,SMB,False,0.0
OPP-004780,2026-08-12,Northwest,West,SMB,True,746.51
OPP-004781,2026-08-12,Northwest,West,SMB,False,0.0
OPP-004782,2026-08-12,Southwest,West,Mid-Market,False,0.0
OPP-004783,2026-08-12,Southwest,West,SMB,True,914.79
OPP-004784,2026-08-12,Southwest,West,SMB,False,0.0
OPP-004785,2026-08-12,Southwest,West,SMB,False,0.0
OPP-004786,2026-08-12,Southwest,West,SMB,False,0.0
OPP-004787,2026-08-12,Southwest,West,SMB,False,0.0
OPP-004788,2026-08-12,Southwest,West,Mid-Market,False,0.0
OPP-004789,2026-08-12,Southwest,West,SMB,False,0.0
OPP-004790,2026-08-12,Southwest,West,Mid-Market,True,2004.83
OPP-004791,2026-08-12,Southwest,West,SMB,False,0.0
OPP-004792,2026-08-12,Southwest,West,SMB,False,0.0
OPP-004793,2026-08-12,Southwest,West,Mid-Market,False,0.0
OPP-004794,2026-08-12,Southwest,West,SMB,False,0.0
OPP-004795,2026-08-12,Southwest,West,SMB,False,0.0
OPP-004796,2026-08-12,Southwest,West,SMB,False,0.0
OPP-004797,2026-08-13,Northeast,East,SMB,False,0.0
OPP-004798,2026-08-13,Northeast,East,SMB,False,0.0
OPP-004799,2026-08-13,Northeast,East,SMB,False,0.0
OPP-004800,2026-08-13,Northeast,East,Mid-Market,False,0.0
OPP-004801,2026-08-13,Northeast,East,SMB,False,0.0
OPP-004802,2026-08-13,Northeast,East,SMB,False,0.0
OPP-004803,2026-08-13,Northeast,East,SMB,False,0.0
OPP-004804,2026-08-13,Northeast,East,SMB,False,0.0
OPP-004805,2026-08-13,Northeast,East,SMB,False,0.0
OPP-004806,2026-08-13,Northeast,East,SMB,False,0.0
OPP-004807,2026-08-13,Northeast,East,SMB,True,484.08
OPP-004808,2026-08-13,Northeast,East,SMB,False,0.0
OPP-004809,2026-08-13,Northeast,East,Mid-Market,True,1765.91
OPP-004810,2026-08-13,Northeast,East,SMB,False,0.0
OPP-004811,2026-08-13,Northeast,East,SMB,True,365.45
OPP-004812,2026-08-13,Northeast,East,SMB,False,0.0
OPP-004813,2026-08-13,Northeast,East,SMB,False,0.0
OPP-004814,2026-08-13,Southeast,East,SMB,True,654.14
OPP-004815,2026-08-13,Southeast,East,Mid-Market,False,0.0
OPP-004816,2026-08-13,Southeast,East,Enterprise,True,11728.63
OPP-004817,2026-08-13,Southeast,East,SMB,False,0.0
OPP-004818,2026-08-13,Southeast,East,Enterprise,False,0.0
OPP-004819,2026-08-13,Southeast,East,Mid-Market,False,0.0
OPP-004820,2026-08-13,Southeast,East,Enterprise,False,0.0
OPP-004821,2026-08-13,Southeast,East,SMB,True,565.45
OPP-004822,2026-08-13,Southeast,East,SMB,True,725.68
OPP-004823,2026-08-13,Southeast,East,SMB,True,1166.57
OPP-004824,2026-08-13,Southeast,East,SMB,False,0.0
OPP-004825,2026-08-13,Southeast,East,Enterprise,False,0.0
OPP-004826,2026-08-13,Southeast,East,Enterprise,False,0.0
OPP-004827,2026-08-13,Southeast,East,SMB,False,0.0
OPP-004828,2026-08-13,Southeast,East,Mid-Market,False,0.0
OPP-004829,2026-08-13,Southeast,East,Mid-Market,True,2056.92
OPP-004830,2026-08-13,Northwest,West,SMB,False,0.0
OPP-004831,2026-08-13,Northwest,West,SMB,False,0.0
OPP-004832,2026-08-13,Northwest,West,Mid-Market,False,0.0
OPP-004833,2026-08-13,Northwest,West,SMB,False,0.0
OPP-004834,2026-08-13,Northwest,West,SMB,False,0.0
OPP-004835,2026-08-13,Northwest,West,SMB,False,0.0
OPP-004836,2026-08-13,Northwest,West,SMB,False,0.0
OPP-004837,2026-08-13,Northwest,West,Mid-Market,True,2206.16
OPP-004838,2026-08-13,Northwest,West,Mid-Market,False,0.0
OPP-004839,2026-08-13,Northwest,West,Mid-Market,False,0.0
OPP-004840,2026-08-13,Northwest,West,SMB,False,0.0
OPP-004841,2026-08-13,Northwest,West,SMB,True,1050.74
OPP-004842,2026-08-13,Northwest,West,SMB,False,0.0
OPP-004843,2026-08-13,Southwest,West,SMB,False,0.0
OPP-004844,2026-08-13,Southwest,West,Mid-Market,False,0.0
OPP-004845,2026-08-13,Southwest,West,Mid-Market,False,0.0
OPP-004846,2026-08-13,Southwest,West,SMB,True,470.97
OPP-004847,2026-08-13,Southwest,West,SMB,True,1240.87
OPP-004848,2026-08-13,Southwest,West,SMB,False,0.0
OPP-004849,2026-08-13,Southwest,West,SMB,False,0.0
OPP-004850,2026-08-13,Southwest,West,SMB,False,0.0
OPP-004851,2026-08-13,Southwest,West,SMB,False,0.0
OPP-004852,2026-08-13,Southwest,West,Enterprise,False,0.0
OPP-004853,2026-08-13,Southwest,West,Mid-Market,False,0.0
OPP-004854,2026-08-13,Southwest,West,SMB,False,0.0
OPP-004855,2026-08-13,Southwest,West,Mid-Market,True,3700.97
OPP-004856,2026-08-14,Northeast,East,Enterprise,True,3103.02
OPP-004857,2026-08-14,Northeast,East,SMB,True,1160.17
OPP-004858,2026-08-14,Northeast,East,SMB,False,0.0
OPP-004859,2026-08-14,Northeast,East,Mid-Market,True,2014.23
OPP-004860,2026-08-14,Northeast,East,Enterprise,True,8978.9
OPP-004861,2026-08-14,Northeast,East,SMB,False,0.0
OPP-004862,2026-08-14,Northeast,East,Mid-Market,False,0.0
OPP-004863,2026-08-14,Northeast,East,Mid-Market,False,0.0
OPP-004864,2026-08-14,Northeast,East,Mid-Market,False,0.0
OPP-004865,2026-08-14,Northeast,East,SMB,False,0.0
OPP-004866,2026-08-14,Northeast,East,SMB,False,0.0
OPP-004867,2026-08-14,Northeast,East,SMB,True,1176.0
OPP-004868,2026-08-14,Northeast,East,SMB,True,831.18
OPP-004869,2026-08-14,Northeast,East,SMB,True,326.23
OPP-004870,2026-08-14,Northeast,East,Enterprise,True,5358.35
OPP-004871,2026-08-14,Northeast,East,SMB,False,0.0
OPP-004872,2026-08-14,Southeast,East,SMB,False,0.0
OPP-004873,2026-08-14,Southeast,East,Enterprise,True,4293.83
OPP-004874,2026-08-14,Southeast,East,SMB,False,0.0
OPP-004875,2026-08-14,Southeast,East,SMB,True,928.33
OPP-004876,2026-08-14,Southeast,East,SMB,True,547.23
OPP-004877,2026-08-14,Southeast,East,SMB,False,0.0
OPP-004878,2026-08-14,Southeast,East,SMB,False,0.0
OPP-004879,2026-08-14,Southeast,East,SMB,False,0.0
OPP-004880,2026-08-14,Southeast,East,Mid-Market,False,0.0
OPP-004881,2026-08-14,Southeast,East,SMB,False,0.0
OPP-004882,2026-08-14,Southeast,East,Mid-Market,False,0.0
OPP-004883,2026-08-14,Southeast,East,SMB,True,813.68
OPP-004884,2026-08-14,Northwest,West,Mid-Market,False,0.0
OPP-004885,2026-08-14,Northwest,West,Enterprise,False,0.0
OPP-004886,2026-08-14,Northwest,West,SMB,False,0.0
OPP-004887,2026-08-14,Northwest,West,SMB,False,0.0
OPP-004888,2026-08-14,Northwest,West,SMB,False,0.0
OPP-004889,2026-08-14,Northwest,West,SMB,False,0.0
OPP-004890,2026-08-14,Northwest,West,SMB,False,0.0
OPP-004891,2026-08-14,Northwest,West,Mid-Market,False,0.0
OPP-004892,2026-08-14,Northwest,West,SMB,False,0.0
OPP-004893,2026-08-14,Northwest,West,SMB,False,0.0
OPP-004894,2026-08-14,Northwest,West,SMB,False,0.0
OPP-004895,2026-08-14,Northwest,West,Mid-Market,True,1649.05
OPP-004896,2026-08-14,Northwest,West,Mid-Market,False,0.0
OPP-004897,2026-08-14,Northwest,West,Mid-Market,False,0.0
OPP-004898,2026-08-14,Northwest,West,SMB,True,1122.17
OPP-004899,2026-08-14,Northwest,West,SMB,False,0.0
OPP-004900,2026-08-14,Northwest,West,SMB,True,344.94
OPP-004901,2026-08-14,Southwest,West,Enterprise,False,0.0
OPP-004902,2026-08-14,Southwest,West,Mid-Market,False,0.0
OPP-004903,2026-08-14,Southwest,West,Mid-Market,True,2363.66
OPP-004904,2026-08-14,Southwest,West,SMB,False,0.0
OPP-004905,2026-08-14,Southwest,West,SMB,False,0.0
OPP-004906,2026-08-14,Southwest,West,Mid-Market,False,0.0
OPP-004907,2026-08-14,Southwest,West,Mid-Market,True,1839.93
OPP-004908,2026-08-14,Southwest,West,SMB,False,0.0
OPP-004909,2026-08-14,Southwest,West,SMB,False,0.0
OPP-004910,2026-08-14,Southwest,West,Mid-Market,False,0.0
OPP-004911,2026-08-14,Southwest,West,SMB,False,0.0
OPP-004912,2026-08-14,Southwest,West,SMB,False,0.0
OPP-004913,2026-08-14,Southwest,West,Mid-Market,False,0.0
OPP-004914,2026-08-15,Northeast,East,SMB,False,0.0
OPP-004915,2026-08-15,Northeast,East,SMB,False,0.0
OPP-004916,2026-08-15,Northeast,East,SMB,False,0.0
OPP-004917,2026-08-15,Northeast,East,Enterprise,True,3599.18
OPP-004918,2026-08-15,Northeast,East,Mid-Market,False,0.0
OPP-004919,2026-08-15,Northeast,East,Enterprise,False,0.0
OPP-004920,2026-08-15,Northeast,East,Enterprise,False,0.0
OPP-004921,2026-08-15,Southeast,East,SMB,False,0.0
OPP-004922,2026-08-15,Southeast,East,SMB,True,455.05
OPP-004923,2026-08-15,Southeast,East,SMB,True,718.73
OPP-004924,2026-08-15,Southeast,East,Mid-Market,False,0.0
OPP-004925,2026-08-15,Southeast,East,Mid-Market,False,0.0
OPP-004926,2026-08-15,Southeast,East,SMB,False,0.0
OPP-004927,2026-08-15,Southeast,East,SMB,False,0.0
OPP-004928,2026-08-15,Southeast,East,SMB,True,1086.87
OPP-004929,2026-08-15,Southeast,East,SMB,False,0.0
OPP-004930,2026-08-15,Southeast,East,SMB,False,0.0
OPP-004931,2026-08-15,Southeast,East,SMB,False,0.0
OPP-004932,2026-08-15,Southeast,East,Mid-Market,False,0.0
OPP-004933,2026-08-15,Southeast,East,SMB,True,929.36
OPP-004934,2026-08-15,Northwest,West,SMB,False,0.0
OPP-004935,2026-08-15,Northwest,West,SMB,True,875.84
OPP-004936,2026-08-15,Northwest,West,SMB,False,0.0
OPP-004937,2026-08-15,Northwest,West,SMB,False,0.0
OPP-004938,2026-08-15,Northwest,West,SMB,False,0.0
OPP-004939,2026-08-15,Northwest,West,Mid-Market,False,0.0
OPP-004940,2026-08-15,Northwest,West,SMB,True,707.06
OPP-004941,2026-08-15,Northwest,West,SMB,True,705.02
OPP-004942,2026-08-15,Northwest,West,Mid-Market,False,0.0
OPP-004943,2026-08-15,Northwest,West,SMB,False,0.0
OPP-004944,2026-08-15,Northwest,West,Mid-Market,False,0.0
OPP-004945,2026-08-15,Northwest,West,Mid-Market,False,0.0
OPP-004946,2026-08-15,Southwest,West,SMB,False,0.0
OPP-004947,2026-08-15,Southwest,West,SMB,True,1663.96
OPP-004948,2026-08-15,Southwest,West,SMB,False,0.0
OPP-004949,2026-08-15,Southwest,West,Enterprise,False,0.0
OPP-004950,2026-08-15,Southwest,West,SMB,False,0.0
OPP-004951,2026-08-15,Southwest,West,SMB,False,0.0
OPP-004952,2026-08-15,Southwest,West,Mid-Market,False,0.0
OPP-004953,2026-08-15,Southwest,West,SMB,True,1004.3
OPP-004954,2026-08-15,Southwest,West,Enterprise,False,0.0
OPP-004955,2026-08-15,Southwest,West,SMB,False,0.0
OPP-004956,2026-08-15,Southwest,West,Mid-Market,False,0.0
OPP-004957,2026-08-15,Southwest,West,SMB,False,0.0
OPP-004958,2026-08-16,Northeast,East,Mid-Market,True,1979.74
OPP-004959,2026-08-16,Northeast,East,Mid-Market,True,4877.08
OPP-004960,2026-08-16,Northeast,East,Mid-Market,False,0.0
OPP-004961,2026-08-16,Northeast,East,Mid-Market,False,0.0
OPP-004962,2026-08-16,Northeast,East,SMB,True,993.49
OPP-004963,2026-08-16,Northeast,East,SMB,True,2003.3
OPP-004964,2026-08-16,Northeast,East,SMB,True,1575.24
OPP-004965,2026-08-16,Northeast,East,Mid-Market,False,0.0
OPP-004966,2026-08-16,Northeast,East,SMB,True,1111.99
OPP-004967,2026-08-16,Southeast,East,Mid-Market,True,4792.83
OPP-004968,2026-08-16,Southeast,East,SMB,False,0.0
OPP-004969,2026-08-16,Southeast,East,SMB,True,834.81
OPP-004970,2026-08-16,Southeast,East,SMB,False,0.0
OPP-004971,2026-08-16,Southeast,East,SMB,False,0.0
OPP-004972,2026-08-16,Southeast,East,Enterprise,False,0.0
OPP-004973,2026-08-16,Southeast,East,SMB,False,0.0
OPP-004974,2026-08-16,Southeast,East,Enterprise,False,0.0
OPP-004975,2026-08-16,Southeast,East,SMB,False,0.0
OPP-004976,2026-08-16,Southeast,East,Enterprise,False,0.0
OPP-004977,2026-08-16,Southeast,East,SMB,False,0.0
OPP-004978,2026-08-16,Northwest,West,SMB,False,0.0
OPP-004979,2026-08-16,Northwest,West,Mid-Market,True,3727.86
OPP-004980,2026-08-16,Northwest,West,Mid-Market,False,0.0
OPP-004981,2026-08-16,Northwest,West,SMB,False,0.0
OPP-004982,2026-08-16,Northwest,West,SMB,False,0.0
OPP-004983,2026-08-16,Northwest,West,SMB,False,0.0
OPP-004984,2026-08-16,Northwest,West,Mid-Market,False,0.0
OPP-004985,2026-08-16,Northwest,West,SMB,False,0.0
OPP-004986,2026-08-16,Northwest,West,SMB,True,899.74
OPP-004987,2026-08-16,Northwest,West,SMB,False,0.0
OPP-004988,2026-08-16,Southwest,West,SMB,False,0.0
OPP-004989,2026-08-16,Southwest,West,Mid-Market,False,0.0
OPP-004990,2026-08-16,Southwest,West,SMB,True,2351.6
OPP-004991,2026-08-16,Southwest,West,SMB,True,782.29
OPP-004992,2026-08-16,Southwest,West,SMB,False,0.0
OPP-004993,2026-08-16,Southwest,West,SMB,True,1145.01
OPP-004994,2026-08-16,Southwest,West,Mid-Market,False,0.0
OPP-004995,2026-08-16,Southwest,West,Enterprise,False,0.0
OPP-004996,2026-08-16,Southwest,West,SMB,False,0.0
OPP-004997,2026-08-16,Southwest,West,SMB,False,0.0
OPP-004998,2026-08-17,Northeast,East,SMB,False,0.0
OPP-004999,2026-08-17,Northeast,East,Enterprise,False,0.0
OPP-005000,2026-08-17,Northeast,East,Mid-Market,True,1844.29
OPP-005001,2026-08-17,Northeast,East,SMB,False,0.0
OPP-005002,2026-08-17,Northeast,East,SMB,False,0.0
OPP-005003,2026-08-17,Northeast,East,SMB,False,0.0
OPP-005004,2026-08-17,Northeast,East,Mid-Market,False,0.0
OPP-005005,2026-08-17,Northeast,East,SMB,True,1544.89
OPP-005006,2026-08-17,Northeast,East,Mid-Market,True,2728.2
OPP-005007,2026-08-17,Northeast,East,SMB,False,0.0
OPP-005008,2026-08-17,Northeast,East,SMB,False,0.0
OPP-005009,2026-08-17,Northeast,East,Mid-Market,False,0.0
OPP-005010,2026-08-17,Northeast,East,SMB,False,0.0
OPP-005011,2026-08-17,Northeast,East,SMB,False,0.0
OPP-005012,2026-08-17,Northeast,East,SMB,True,551.51
OPP-005013,2026-08-17,Northeast,East,Mid-Market,False,0.0
OPP-005014,2026-08-17,Northeast,East,SMB,False,0.0
OPP-005015,2026-08-17,Southeast,East,SMB,False,0.0
OPP-005016,2026-08-17,Southeast,East,SMB,False,0.0
OPP-005017,2026-08-17,Southeast,East,SMB,False,0.0
OPP-005018,2026-08-17,Southeast,East,Enterprise,True,14654.14
OPP-005019,2026-08-17,Southeast,East,Mid-Market,False,0.0
OPP-005020,2026-08-17,Southeast,East,SMB,False,0.0
OPP-005021,2026-08-17,Southeast,East,SMB,False,0.0
OPP-005022,2026-08-17,Southeast,East,SMB,False,0.0
OPP-005023,2026-08-17,Southeast,East,SMB,True,640.07
OPP-005024,2026-08-17,Southeast,East,SMB,False,0.0
OPP-005025,2026-08-17,Southeast,East,SMB,False,0.0
OPP-005026,2026-08-17,Southeast,East,Mid-Market,True,3808.72
OPP-005027,2026-08-17,Southeast,East,Enterprise,False,0.0
OPP-005028,2026-08-17,Southeast,East,SMB,True,431.7
OPP-005029,2026-08-17,Southeast,East,Mid-Market,False,0.0
OPP-005030,2026-08-17,Northwest,West,Mid-Market,False,0.0
OPP-005031,2026-08-17,Northwest,West,SMB,False,0.0
OPP-005032,2026-08-17,Northwest,West,Mid-Market,False,0.0
OPP-005033,2026-08-17,Northwest,West,SMB,False,0.0
OPP-005034,2026-08-17,Northwest,West,Mid-Market,False,0.0
OPP-005035,2026-08-17,Northwest,West,Mid-Market,False,0.0
OPP-005036,2026-08-17,Northwest,West,Enterprise,False,0.0
OPP-005037,2026-08-17,Northwest,West,SMB,False,0.0
OPP-005038,2026-08-17,Northwest,West,SMB,False,0.0
OPP-005039,2026-08-17,Northwest,West,Mid-Market,False,0.0
OPP-005040,2026-08-17,Northwest,West,Enterprise,False,0.0
OPP-005041,2026-08-17,Northwest,West,Mid-Market,False,0.0
OPP-005042,2026-08-17,Northwest,West,SMB,False,0.0
OPP-005043,2026-08-17,Northwest,West,Mid-Market,True,2824.43
OPP-005044,2026-08-17,Northwest,West,Mid-Market,True,8148.54
OPP-005045,2026-08-17,Northwest,West,Mid-Market,False,0.0
OPP-005046,2026-08-17,Northwest,West,Mid-Market,False,0.0
OPP-005047,2026-08-17,Northwest,West,SMB,False,0.0
OPP-005048,2026-08-17,Northwest,West,SMB,False,0.0
OPP-005049,2026-08-17,Northwest,West,Mid-Market,True,2497.54
OPP-005050,2026-08-17,Northwest,West,SMB,False,0.0
OPP-005051,2026-08-17,Northwest,West,Enterprise,False,0.0
OPP-005052,2026-08-17,Southwest,West,Mid-Market,False,0.0
OPP-005053,2026-08-17,Southwest,West,SMB,True,1981.23
OPP-005054,2026-08-17,Southwest,West,Mid-Market,True,1078.72
OPP-005055,2026-08-17,Southwest,West,Mid-Market,False,0.0
OPP-005056,2026-08-17,Southwest,West,SMB,False,0.0
OPP-005057,2026-08-17,Southwest,West,Mid-Market,False,0.0
OPP-005058,2026-08-17,Southwest,West,Mid-Market,False,0.0
OPP-005059,2026-08-17,Southwest,West,SMB,False,0.0
OPP-005060,2026-08-17,Southwest,West,Enterprise,False,0.0
OPP-005061,2026-08-17,Southwest,West,Mid-Market,True,1532.33
OPP-005062,2026-08-17,Southwest,West,SMB,True,365.41
OPP-005063,2026-08-17,Southwest,West,SMB,True,474.26
OPP-005064,2026-08-17,Southwest,West,SMB,False,0.0
OPP-005065,2026-08-17,Southwest,West,Mid-Market,False,0.0
OPP-005066,2026-08-17,Southwest,West,Mid-Market,False,0.0
OPP-005067,2026-08-17,Southwest,West,SMB,True,632.1
OPP-005068,2026-08-17,Southwest,West,SMB,False,0.0
OPP-005069,2026-08-17,Southwest,West,SMB,False,0.0
OPP-005070,2026-08-18,Northeast,East,SMB,True,1129.58
OPP-005071,2026-08-18,Northeast,East,SMB,False,0.0
OPP-005072,2026-08-18,Northeast,East,SMB,False,0.0
OPP-005073,2026-08-18,Northeast,East,Enterprise,False,0.0
OPP-005074,2026-08-18,Northeast,East,Mid-Market,False,0.0
OPP-005075,2026-08-18,Northeast,East,Enterprise,False,0.0
OPP-005076,2026-08-18,Northeast,East,SMB,True,610.37
OPP-005077,2026-08-18,Northeast,East,SMB,False,0.0
OPP-005078,2026-08-18,Northeast,East,SMB,False,0.0
OPP-005079,2026-08-18,Northeast,East,SMB,True,924.09
OPP-005080,2026-08-18,Northeast,East,Mid-Market,True,1207.45
OPP-005081,2026-08-18,Northeast,East,SMB,True,534.58
OPP-005082,2026-08-18,Northeast,East,SMB,False,0.0
OPP-005083,2026-08-18,Northeast,East,Mid-Market,True,975.85
OPP-005084,2026-08-18,Northeast,East,SMB,True,1281.32
OPP-005085,2026-08-18,Northeast,East,SMB,True,358.81
OPP-005086,2026-08-18,Northeast,East,Mid-Market,True,1933.04
OPP-005087,2026-08-18,Northeast,East,SMB,True,316.87
OPP-005088,2026-08-18,Southeast,East,Enterprise,False,0.0
OPP-005089,2026-08-18,Southeast,East,SMB,True,1297.23
OPP-005090,2026-08-18,Southeast,East,SMB,False,0.0
OPP-005091,2026-08-18,Southeast,East,SMB,False,0.0
OPP-005092,2026-08-18,Southeast,East,SMB,False,0.0
OPP-005093,2026-08-18,Southeast,East,SMB,False,0.0
OPP-005094,2026-08-18,Southeast,East,SMB,False,0.0
OPP-005095,2026-08-18,Southeast,East,Mid-Market,False,0.0
OPP-005096,2026-08-18,Southeast,East,Enterprise,False,0.0
OPP-005097,2026-08-18,Southeast,East,Mid-Market,False,0.0
OPP-005098,2026-08-18,Southeast,East,Enterprise,True,3982.56
OPP-005099,2026-08-18,Southeast,East,SMB,False,0.0
OPP-005100,2026-08-18,Southeast,East,Mid-Market,False,0.0
OPP-005101,2026-08-18,Southeast,East,SMB,False,0.0
OPP-005102,2026-08-18,Southeast,East,Enterprise,False,0.0
OPP-005103,2026-08-18,Southeast,East,SMB,False,0.0
OPP-005104,2026-08-18,Southeast,East,Mid-Market,False,0.0
OPP-005105,2026-08-18,Southeast,East,SMB,False,0.0
OPP-005106,2026-08-18,Southeast,East,Mid-Market,False,0.0
OPP-005107,2026-08-18,Southeast,East,SMB,False,0.0
OPP-005108,2026-08-18,Southeast,East,Mid-Market,False,0.0
OPP-005109,2026-08-18,Southeast,East,Mid-Market,False,0.0
OPP-005110,2026-08-18,Northwest,West,Enterprise,False,0.0
OPP-005111,2026-08-18,Northwest,West,SMB,False,0.0
OPP-005112,2026-08-18,Northwest,West,SMB,False,0.0
OPP-005113,2026-08-18,Northwest,West,SMB,False,0.0
OPP-005114,2026-08-18,Northwest,West,Mid-Market,False,0.0
OPP-005115,2026-08-18,Northwest,West,Mid-Market,False,0.0
OPP-005116,2026-08-18,Northwest,West,SMB,False,0.0
OPP-005117,2026-08-18,Northwest,West,Enterprise,False,0.0
OPP-005118,2026-08-18,Northwest,West,SMB,False,0.0
OPP-005119,2026-08-18,Northwest,West,Mid-Market,False,0.0
OPP-005120,2026-08-18,Northwest,West,SMB,False,0.0
OPP-005121,2026-08-18,Southwest,West,SMB,False,0.0
OPP-005122,2026-08-18,Southwest,West,Mid-Market,False,0.0
OPP-005123,2026-08-18,Southwest,West,Mid-Market,True,5040.3
OPP-005124,2026-08-18,Southwest,West,SMB,False,0.0
OPP-005125,2026-08-18,Southwest,West,Mid-Market,True,3568.39
OPP-005126,2026-08-18,Southwest,West,SMB,False,0.0
OPP-005127,2026-08-18,Southwest,West,SMB,False,0.0
OPP-005128,2026-08-18,Southwest,West,SMB,False,0.0
OPP-005129,2026-08-18,Southwest,West,SMB,False,0.0
OPP-005130,2026-08-18,Southwest,West,SMB,False,0.0
OPP-005131,2026-08-18,Southwest,West,SMB,False,0.0
OPP-005132,2026-08-18,Southwest,West,SMB,False,0.0
OPP-005133,2026-08-18,Southwest,West,SMB,True,981.85
OPP-005134,2026-08-18,Southwest,West,Enterprise,False,0.0
OPP-005135,2026-08-18,Southwest,West,Mid-Market,True,4510.29
OPP-005136,2026-08-18,Southwest,West,SMB,False,0.0
OPP-005137,2026-08-18,Southwest,West,SMB,False,0.0
OPP-005138,2026-08-18,Southwest,West,SMB,False,0.0
OPP-005139,2026-08-18,Southwest,West,Enterprise,False,0.0
OPP-005140,2026-08-18,Southwest,West,SMB,False,0.0
OPP-005141,2026-08-18,Southwest,West,SMB,False,0.0
OPP-005142,2026-08-18,Southwest,West,SMB,False,0.0
OPP-005143,2026-08-18,Southwest,West,SMB,False,0.0
OPP-005144,2026-08-19,Northeast,East,Mid-Market,False,0.0
OPP-005145,2026-08-19,Northeast,East,Mid-Market,False,0.0
OPP-005146,2026-08-19,Northeast,East,SMB,False,0.0
OPP-005147,2026-08-19,Northeast,East,SMB,False,0.0
OPP-005148,2026-08-19,Northeast,East,Mid-Market,False,0.0
OPP-005149,2026-08-19,Northeast,East,Mid-Market,False,0.0
OPP-005150,2026-08-19,Northeast,East,Mid-Market,True,4665.91
OPP-005151,2026-08-19,Northeast,East,SMB,False,0.0
OPP-005152,2026-08-19,Southeast,East,SMB,True,1081.36
OPP-005153,2026-08-19,Southeast,East,Enterprise,False,0.0
OPP-005154,2026-08-19,Southeast,East,SMB,False,0.0
OPP-005155,2026-08-19,Southeast,East,SMB,False,0.0
OPP-005156,2026-08-19,Southeast,East,SMB,False,0.0
OPP-005157,2026-08-19,Southeast,East,SMB,False,0.0
OPP-005158,2026-08-19,Southeast,East,SMB,True,1343.97
OPP-005159,2026-08-19,Southeast,East,Enterprise,True,3448.35
OPP-005160,2026-08-19,Southeast,East,Mid-Market,False,0.0
OPP-005161,2026-08-19,Southeast,East,SMB,False,0.0
OPP-005162,2026-08-19,Southeast,East,SMB,True,762.34
OPP-005163,2026-08-19,Southeast,East,SMB,False,0.0
OPP-005164,2026-08-19,Southeast,East,SMB,False,0.0
OPP-005165,2026-08-19,Southeast,East,SMB,False,0.0
OPP-005166,2026-08-19,Southeast,East,SMB,False,0.0
OPP-005167,2026-08-19,Southeast,East,Mid-Market,False,0.0
OPP-005168,2026-08-19,Southeast,East,SMB,False,0.0
OPP-005169,2026-08-19,Southeast,East,Mid-Market,False,0.0
OPP-005170,2026-08-19,Northwest,West,Mid-Market,True,2778.89
OPP-005171,2026-08-19,Northwest,West,SMB,False,0.0
OPP-005172,2026-08-19,Northwest,West,SMB,False,0.0
OPP-005173,2026-08-19,Northwest,West,Mid-Market,False,0.0
OPP-005174,2026-08-19,Northwest,West,SMB,False,0.0
OPP-005175,2026-08-19,Northwest,West,SMB,False,0.0
OPP-005176,2026-08-19,Northwest,West,SMB,False,0.0
OPP-005177,2026-08-19,Northwest,West,Mid-Market,False,0.0
OPP-005178,2026-08-19,Northwest,West,Mid-Market,True,1339.06
OPP-005179,2026-08-19,Northwest,West,Mid-Market,False,0.0
OPP-005180,2026-08-19,Northwest,West,SMB,True,598.73
OPP-005181,2026-08-19,Northwest,West,Mid-Market,False,0.0
OPP-005182,2026-08-19,Northwest,West,SMB,False,0.0
OPP-005183,2026-08-19,Northwest,West,Mid-Market,False,0.0
OPP-005184,2026-08-19,Northwest,West,SMB,False,0.0
OPP-005185,2026-08-19,Northwest,West,Mid-Market,False,0.0
OPP-005186,2026-08-19,Northwest,West,Mid-Market,False,0.0
OPP-005187,2026-08-19,Northwest,West,SMB,False,0.0
OPP-005188,2026-08-19,Northwest,West,Mid-Market,False,0.0
OPP-005189,2026-08-19,Northwest,West,Mid-Market,False,0.0
OPP-005190,2026-08-19,Northwest,West,Mid-Market,False,0.0
OPP-005191,2026-08-19,Northwest,West,Mid-Market,False,0.0
OPP-005192,2026-08-19,Northwest,West,Mid-Market,False,0.0
OPP-005193,2026-08-19,Northwest,West,SMB,True,1226.1
OPP-005194,2026-08-19,Southwest,West,SMB,False,0.0
OPP-005195,2026-08-19,Southwest,West,Mid-Market,False,0.0
OPP-005196,2026-08-19,Southwest,West,Mid-Market,False,0.0
OPP-005197,2026-08-19,Southwest,West,Mid-Market,False,0.0
OPP-005198,2026-08-19,Southwest,West,SMB,False,0.0
OPP-005199,2026-08-19,Southwest,West,SMB,False,0.0
OPP-005200,2026-08-19,Southwest,West,SMB,False,0.0
OPP-005201,2026-08-19,Southwest,West,SMB,False,0.0
OPP-005202,2026-08-19,Southwest,West,Enterprise,False,0.0
OPP-005203,2026-08-19,Southwest,West,Mid-Market,False,0.0
OPP-005204,2026-08-19,Southwest,West,Mid-Market,False,0.0
OPP-005205,2026-08-19,Southwest,West,SMB,False,0.0
OPP-005206,2026-08-19,Southwest,West,SMB,True,721.55
OPP-005207,2026-08-19,Southwest,West,SMB,False,0.0
OPP-005208,2026-08-19,Southwest,West,Enterprise,False,0.0
OPP-005209,2026-08-19,Southwest,West,SMB,False,0.0
OPP-005210,2026-08-19,Southwest,West,Mid-Market,False,0.0
OPP-005211,2026-08-19,Southwest,West,Enterprise,False,0.0
OPP-005212,2026-08-19,Southwest,West,SMB,False,0.0
OPP-005213,2026-08-19,Southwest,West,Mid-Market,False,0.0
OPP-005214,2026-08-19,Southwest,West,Mid-Market,False,0.0
OPP-005215,2026-08-19,Southwest,West,SMB,True,1957.95
OPP-005216,2026-08-20,Northeast,East,SMB,True,357.48
OPP-005217,2026-08-20,Northeast,East,SMB,False,0.0
OPP-005218,2026-08-20,Northeast,East,Mid-Market,False,0.0
OPP-005219,2026-08-20,Northeast,East,SMB,True,2219.52
OPP-005220,2026-08-20,Northeast,East,Enterprise,False,0.0
OPP-005221,2026-08-20,Northeast,East,Mid-Market,False,0.0
OPP-005222,2026-08-20,Northeast,East,SMB,False,0.0
OPP-005223,2026-08-20,Northeast,East,Enterprise,False,0.0
OPP-005224,2026-08-20,Northeast,East,SMB,False,0.0
OPP-005225,2026-08-20,Northeast,East,SMB,False,0.0
OPP-005226,2026-08-20,Northeast,East,Mid-Market,False,0.0
OPP-005227,2026-08-20,Northeast,East,SMB,False,0.0
OPP-005228,2026-08-20,Northeast,East,SMB,False,0.0
OPP-005229,2026-08-20,Northeast,East,SMB,False,0.0
OPP-005230,2026-08-20,Northeast,East,Mid-Market,False,0.0
OPP-005231,2026-08-20,Northeast,East,Mid-Market,False,0.0
OPP-005232,2026-08-20,Southeast,East,SMB,True,457.08
OPP-005233,2026-08-20,Southeast,East,Enterprise,False,0.0
OPP-005234,2026-08-20,Southeast,East,Mid-Market,False,0.0
OPP-005235,2026-08-20,Southeast,East,SMB,False,0.0
OPP-005236,2026-08-20,Southeast,East,Mid-Market,False,0.0
OPP-005237,2026-08-20,Southeast,East,Mid-Market,False,0.0
OPP-005238,2026-08-20,Southeast,East,Enterprise,False,0.0
OPP-005239,2026-08-20,Southeast,East,SMB,False,0.0
OPP-005240,2026-08-20,Southeast,East,SMB,True,1154.42
OPP-005241,2026-08-20,Southeast,East,Mid-Market,False,0.0
OPP-005242,2026-08-20,Southeast,East,SMB,False,0.0
OPP-005243,2026-08-20,Southeast,East,SMB,False,0.0
OPP-005244,2026-08-20,Southeast,East,SMB,True,911.1
OPP-005245,2026-08-20,Southeast,East,Mid-Market,True,2701.7
OPP-005246,2026-08-20,Southeast,East,SMB,False,0.0
OPP-005247,2026-08-20,Southeast,East,Mid-Market,False,0.0
OPP-005248,2026-08-20,Southeast,East,Mid-Market,False,0.0
OPP-005249,2026-08-20,Northwest,West,SMB,False,0.0
OPP-005250,2026-08-20,Northwest,West,SMB,False,0.0
OPP-005251,2026-08-20,Northwest,West,SMB,False,0.0
OPP-005252,2026-08-20,Northwest,West,SMB,False,0.0
OPP-005253,2026-08-20,Northwest,West,SMB,False,0.0
OPP-005254,2026-08-20,Northwest,West,SMB,False,0.0
OPP-005255,2026-08-20,Northwest,West,SMB,False,0.0
OPP-005256,2026-08-20,Northwest,West,SMB,True,1491.3
OPP-005257,2026-08-20,Northwest,West,SMB,True,1083.91
OPP-005258,2026-08-20,Northwest,West,Mid-Market,False,0.0
OPP-005259,2026-08-20,Northwest,West,SMB,True,1118.38
OPP-005260,2026-08-20,Northwest,West,Enterprise,False,0.0
OPP-005261,2026-08-20,Northwest,West,SMB,False,0.0
OPP-005262,2026-08-20,Northwest,West,Enterprise,True,8991.22
OPP-005263,2026-08-20,Northwest,West,SMB,False,0.0
OPP-005264,2026-08-20,Northwest,West,SMB,False,0.0
OPP-005265,2026-08-20,Northwest,West,Mid-Market,False,0.0
OPP-005266,2026-08-20,Northwest,West,SMB,False,0.0
OPP-005267,2026-08-20,Northwest,West,SMB,False,0.0
OPP-005268,2026-08-20,Northwest,West,SMB,False,0.0
OPP-005269,2026-08-20,Northwest,West,SMB,False,0.0
OPP-005270,2026-08-20,Southwest,West,SMB,False,0.0
OPP-005271,2026-08-20,Southwest,West,SMB,False,0.0
OPP-005272,2026-08-20,Southwest,West,Enterprise,False,0.0
OPP-005273,2026-08-20,Southwest,West,SMB,False,0.0
OPP-005274,2026-08-20,Southwest,West,SMB,False,0.0
OPP-005275,2026-08-20,Southwest,West,Enterprise,False,0.0
OPP-005276,2026-08-20,Southwest,West,SMB,False,0.0
OPP-005277,2026-08-20,Southwest,West,SMB,False,0.0
OPP-005278,2026-08-20,Southwest,West,Enterprise,False,0.0
OPP-005279,2026-08-20,Southwest,West,Mid-Market,False,0.0
OPP-005280,2026-08-20,Southwest,West,SMB,False,0.0
OPP-005281,2026-08-20,Southwest,West,Mid-Market,False,0.0
OPP-005282,2026-08-20,Southwest,West,Mid-Market,False,0.0
OPP-005283,2026-08-20,Southwest,West,Enterprise,False,0.0
OPP-005284,2026-08-20,Southwest,West,Mid-Market,False,0.0
OPP-005285,2026-08-20,Southwest,West,SMB,False,0.0
OPP-005286,2026-08-20,Southwest,West,SMB,False,0.0
OPP-005287,2026-08-20,Southwest,West,Mid-Market,False,0.0
OPP-005288,2026-08-20,Southwest,West,Mid-Market,False,0.0
OPP-005289,2026-08-20,Southwest,West,Enterprise,False,0.0
OPP-005290,2026-08-21,Northeast,East,Mid-Market,False,0.0
OPP-005291,2026-08-21,Northeast,East,SMB,True,551.51
OPP-005292,2026-08-21,Northeast,East,SMB,False,0.0
OPP-005293,2026-08-21,Northeast,East,Mid-Market,False,0.0
OPP-005294,2026-08-21,Northeast,East,SMB,True,714.53
OPP-005295,2026-08-21,Northeast,East,SMB,True,747.18
OPP-005296,2026-08-21,Northeast,East,SMB,False,0.0
OPP-005297,2026-08-21,Northeast,East,SMB,True,471.39
OPP-005298,2026-08-21,Northeast,East,SMB,False,0.0
OPP-005299,2026-08-21,Northeast,East,SMB,False,0.0
OPP-005300,2026-08-21,Northeast,East,SMB,False,0.0
OPP-005301,2026-08-21,Northeast,East,Mid-Market,False,0.0
OPP-005302,2026-08-21,Northeast,East,Mid-Market,True,3074.51
OPP-005303,2026-08-21,Northeast,East,Enterprise,False,0.0
OPP-005304,2026-08-21,Northeast,East,SMB,False,0.0
OPP-005305,2026-08-21,Northeast,East,Enterprise,False,0.0
OPP-005306,2026-08-21,Northeast,East,SMB,False,0.0
OPP-005307,2026-08-21,Northeast,East,Mid-Market,False,0.0
OPP-005308,2026-08-21,Southeast,East,SMB,False,0.0
OPP-005309,2026-08-21,Southeast,East,Mid-Market,True,2187.18
OPP-005310,2026-08-21,Southeast,East,SMB,True,617.73
OPP-005311,2026-08-21,Southeast,East,Mid-Market,False,0.0
OPP-005312,2026-08-21,Southeast,East,Mid-Market,False,0.0
OPP-005313,2026-08-21,Southeast,East,SMB,True,1607.93
OPP-005314,2026-08-21,Southeast,East,Enterprise,False,0.0
OPP-005315,2026-08-21,Southeast,East,Enterprise,False,0.0
OPP-005316,2026-08-21,Southeast,East,SMB,True,996.93
OPP-005317,2026-08-21,Southeast,East,Enterprise,False,0.0
OPP-005318,2026-08-21,Southeast,East,Mid-Market,True,4056.31
OPP-005319,2026-08-21,Southeast,East,SMB,True,1506.16
OPP-005320,2026-08-21,Northwest,West,SMB,True,974.52
OPP-005321,2026-08-21,Northwest,West,SMB,False,0.0
OPP-005322,2026-08-21,Northwest,West,SMB,False,0.0
OPP-005323,2026-08-21,Northwest,West,SMB,False,0.0
OPP-005324,2026-08-21,Northwest,West,SMB,True,2003.46
OPP-005325,2026-08-21,Northwest,West,Enterprise,True,11230.5
OPP-005326,2026-08-21,Northwest,West,SMB,True,556.72
OPP-005327,2026-08-21,Northwest,West,SMB,False,0.0
OPP-005328,2026-08-21,Northwest,West,SMB,False,0.0
OPP-005329,2026-08-21,Northwest,West,Mid-Market,True,4848.71
OPP-005330,2026-08-21,Northwest,West,Mid-Market,False,0.0
OPP-005331,2026-08-21,Northwest,West,SMB,False,0.0
OPP-005332,2026-08-21,Northwest,West,Mid-Market,False,0.0
OPP-005333,2026-08-21,Northwest,West,Enterprise,False,0.0
OPP-005334,2026-08-21,Northwest,West,Mid-Market,False,0.0
OPP-005335,2026-08-21,Northwest,West,SMB,False,0.0
OPP-005336,2026-08-21,Northwest,West,SMB,False,0.0
OPP-005337,2026-08-21,Northwest,West,SMB,False,0.0
OPP-005338,2026-08-21,Northwest,West,Mid-Market,False,0.0
OPP-005339,2026-08-21,Southwest,West,SMB,False,0.0
OPP-005340,2026-08-21,Southwest,West,SMB,False,0.0
OPP-005341,2026-08-21,Southwest,West,SMB,False,0.0
OPP-005342,2026-08-21,Southwest,West,Mid-Market,False,0.0
OPP-005343,2026-08-21,Southwest,West,Mid-Market,False,0.0
OPP-005344,2026-08-21,Southwest,West,SMB,True,2102.91
OPP-005345,2026-08-21,Southwest,West,Enterprise,False,0.0
OPP-005346,2026-08-21,Southwest,West,Mid-Market,False,0.0
OPP-005347,2026-08-21,Southwest,West,Enterprise,False,0.0
OPP-005348,2026-08-21,Southwest,West,SMB,False,0.0
OPP-005349,2026-08-21,Southwest,West,SMB,False,0.0
OPP-005350,2026-08-21,Southwest,West,SMB,False,0.0
OPP-005351,2026-08-21,Southwest,West,Mid-Market,True,1630.12
OPP-005352,2026-08-21,Southwest,West,SMB,False,0.0
OPP-005353,2026-08-21,Southwest,West,Mid-Market,False,0.0
OPP-005354,2026-08-21,Southwest,West,SMB,False,0.0
OPP-005355,2026-08-21,Southwest,West,Mid-Market,False,0.0
OPP-005356,2026-08-21,Southwest,West,SMB,False,0.0
OPP-005357,2026-08-22,Northeast,East,SMB,False,0.0
OPP-005358,2026-08-22,Northeast,East,SMB,False,0.0
OPP-005359,2026-08-22,Northeast,East,SMB,True,483.49
OPP-005360,2026-08-22,Northeast,East,SMB,True,533.27
OPP-005361,2026-08-22,Northeast,East,Mid-Market,False,0.0
OPP-005362,2026-08-22,Northeast,East,SMB,False,0.0
OPP-005363,2026-08-22,Northeast,East,SMB,False,0.0
OPP-005364,2026-08-22,Northeast,East,SMB,False,0.0
OPP-005365,2026-08-22,Northeast,East,SMB,False,0.0
OPP-005366,2026-08-22,Northeast,East,Mid-Market,True,4208.56
OPP-005367,2026-08-22,Southeast,East,SMB,False,0.0
OPP-005368,2026-08-22,Southeast,East,Enterprise,True,8781.18
OPP-005369,2026-08-22,Southeast,East,Enterprise,True,7261.79
OPP-005370,2026-08-22,Southeast,East,SMB,False,0.0
OPP-005371,2026-08-22,Southeast,East,Enterprise,True,10467.52
OPP-005372,2026-08-22,Southeast,East,Mid-Market,True,2602.04
OPP-005373,2026-08-22,Southeast,East,Enterprise,False,0.0
OPP-005374,2026-08-22,Southeast,East,Mid-Market,False,0.0
OPP-005375,2026-08-22,Southeast,East,Enterprise,False,0.0
OPP-005376,2026-08-22,Southeast,East,SMB,True,511.77
OPP-005377,2026-08-22,Southeast,East,SMB,False,0.0
OPP-005378,2026-08-22,Southeast,East,SMB,False,0.0
OPP-005379,2026-08-22,Southeast,East,SMB,False,0.0
OPP-005380,2026-08-22,Southeast,East,SMB,False,0.0
OPP-005381,2026-08-22,Northwest,West,SMB,False,0.0
OPP-005382,2026-08-22,Northwest,West,SMB,False,0.0
OPP-005383,2026-08-22,Northwest,West,Mid-Market,False,0.0
OPP-005384,2026-08-22,Northwest,West,SMB,False,0.0
OPP-005385,2026-08-22,Northwest,West,SMB,False,0.0
OPP-005386,2026-08-22,Northwest,West,Mid-Market,True,2614.98
OPP-005387,2026-08-22,Northwest,West,Mid-Market,False,0.0
OPP-005388,2026-08-22,Northwest,West,Enterprise,False,0.0
OPP-005389,2026-08-22,Northwest,West,SMB,False,0.0
OPP-005390,2026-08-22,Northwest,West,SMB,False,0.0
OPP-005391,2026-08-22,Southwest,West,SMB,True,976.8
OPP-005392,2026-08-22,Southwest,West,SMB,True,306.0
OPP-005393,2026-08-22,Southwest,West,SMB,False,0.0
OPP-005394,2026-08-22,Southwest,West,Enterprise,True,4700.31
OPP-005395,2026-08-22,Southwest,West,Enterprise,False,0.0
OPP-005396,2026-08-22,Southwest,West,SMB,True,414.18
OPP-005397,2026-08-22,Southwest,West,SMB,True,1345.9
OPP-005398,2026-08-22,Southwest,West,Mid-Market,False,0.0
OPP-005399,2026-08-22,Southwest,West,Mid-Market,False,0.0
OPP-005400,2026-08-22,Southwest,West,Mid-Market,True,2155.52
OPP-005401,2026-08-22,Southwest,West,SMB,False,0.0
OPP-005402,2026-08-22,Southwest,West,SMB,False,0.0
OPP-005403,2026-08-23,Northeast,East,SMB,True,387.88
OPP-005404,2026-08-23,Northeast,East,Mid-Market,False,0.0
OPP-005405,2026-08-23,Northeast,East,Mid-Market,False,0.0
OPP-005406,2026-08-23,Northeast,East,Enterprise,False,0.0
OPP-005407,2026-08-23,Northeast,East,SMB,True,387.74
OPP-005408,2026-08-23,Northeast,East,SMB,True,731.46
OPP-005409,2026-08-23,Northeast,East,SMB,False,0.0
OPP-005410,2026-08-23,Northeast,East,SMB,False,0.0
OPP-005411,2026-08-23,Northeast,East,SMB,False,0.0
OPP-005412,2026-08-23,Northeast,East,Mid-Market,False,0.0
OPP-005413,2026-08-23,Northeast,East,SMB,True,1017.2
OPP-005414,2026-08-23,Southeast,East,SMB,True,1040.56
OPP-005415,2026-08-23,Southeast,East,Mid-Market,False,0.0
OPP-005416,2026-08-23,Southeast,East,Mid-Market,False,0.0
OPP-005417,2026-08-23,Southeast,East,SMB,True,782.82
OPP-005418,2026-08-23,Southeast,East,Mid-Market,False,0.0
OPP-005419,2026-08-23,Southeast,East,SMB,False,0.0
OPP-005420,2026-08-23,Southeast,East,SMB,False,0.0
OPP-005421,2026-08-23,Southeast,East,SMB,False,0.0
OPP-005422,2026-08-23,Southeast,East,Mid-Market,True,842.79
OPP-005423,2026-08-23,Southeast,East,Mid-Market,False,0.0
OPP-005424,2026-08-23,Southeast,East,Mid-Market,False,0.0
OPP-005425,2026-08-23,Southeast,East,SMB,False,0.0
OPP-005426,2026-08-23,Southeast,East,Enterprise,False,0.0
OPP-005427,2026-08-23,Southeast,East,Enterprise,True,3030.84
OPP-005428,2026-08-23,Southeast,East,Mid-Market,False,0.0
OPP-005429,2026-08-23,Southeast,East,Mid-Market,False,0.0
OPP-005430,2026-08-23,Northwest,West,Enterprise,False,0.0
OPP-005431,2026-08-23,Northwest,West,Mid-Market,False,0.0
OPP-005432,2026-08-23,Northwest,West,SMB,False,0.0
OPP-005433,2026-08-23,Northwest,West,SMB,False,0.0
OPP-005434,2026-08-23,Southwest,West,SMB,False,0.0
OPP-005435,2026-08-23,Southwest,West,SMB,False,0.0
OPP-005436,2026-08-24,Northeast,East,SMB,True,525.63
OPP-005437,2026-08-24,Northeast,East,SMB,False,0.0
OPP-005438,2026-08-24,Northeast,East,SMB,False,0.0
OPP-005439,2026-08-24,Northeast,East,Enterprise,False,0.0
OPP-005440,2026-08-24,Northeast,East,Mid-Market,False,0.0
OPP-005441,2026-08-24,Northeast,East,Enterprise,False,0.0
OPP-005442,2026-08-24,Northeast,East,Mid-Market,False,0.0
OPP-005443,2026-08-24,Northeast,East,SMB,True,872.58
OPP-005444,2026-08-24,Northeast,East,SMB,True,1058.55
OPP-005445,2026-08-24,Northeast,East,SMB,False,0.0
OPP-005446,2026-08-24,Northeast,East,Mid-Market,False,0.0
OPP-005447,2026-08-24,Northeast,East,Mid-Market,False,0.0
OPP-005448,2026-08-24,Northeast,East,Mid-Market,True,2332.87
OPP-005449,2026-08-24,Northeast,East,SMB,False,0.0
OPP-005450,2026-08-24,Northeast,East,Enterprise,False,0.0
OPP-005451,2026-08-24,Northeast,East,Mid-Market,False,0.0
OPP-005452,2026-08-24,Northeast,East,Mid-Market,False,0.0
OPP-005453,2026-08-24,Northeast,East,SMB,True,1745.15
OPP-005454,2026-08-24,Northeast,East,SMB,False,0.0
OPP-005455,2026-08-24,Northeast,East,SMB,True,338.98
OPP-005456,2026-08-24,Northeast,East,Mid-Market,True,4646.82
OPP-005457,2026-08-24,Northeast,East,SMB,True,722.96
OPP-005458,2026-08-24,Northeast,East,SMB,False,0.0
OPP-005459,2026-08-24,Northeast,East,Mid-Market,False,0.0
OPP-005460,2026-08-24,Southeast,East,Mid-Market,False,0.0
OPP-005461,2026-08-24,Southeast,East,Enterprise,False,0.0
OPP-005462,2026-08-24,Southeast,East,Mid-Market,False,0.0
OPP-005463,2026-08-24,Southeast,East,SMB,False,0.0
OPP-005464,2026-08-24,Southeast,East,SMB,False,0.0
OPP-005465,2026-08-24,Southeast,East,SMB,False,0.0
OPP-005466,2026-08-24,Southeast,East,Mid-Market,False,0.0
OPP-005467,2026-08-24,Southeast,East,SMB,False,0.0
OPP-005468,2026-08-24,Southeast,East,Mid-Market,False,0.0
OPP-005469,2026-08-24,Southeast,East,SMB,False,0.0
OPP-005470,2026-08-24,Southeast,East,Mid-Market,False,0.0
OPP-005471,2026-08-24,Southeast,East,SMB,False,0.0
OPP-005472,2026-08-24,Southeast,East,SMB,False,0.0
OPP-005473,2026-08-24,Southeast,East,Mid-Market,False,0.0
OPP-005474,2026-08-24,Southeast,East,SMB,True,440.9
OPP-005475,2026-08-24,Northwest,West,SMB,False,0.0
OPP-005476,2026-08-24,Northwest,West,Mid-Market,False,0.0
OPP-005477,2026-08-24,Northwest,West,SMB,False,0.0
OPP-005478,2026-08-24,Northwest,West,SMB,False,0.0
OPP-005479,2026-08-24,Northwest,West,SMB,False,0.0
OPP-005480,2026-08-24,Northwest,West,SMB,True,602.82
OPP-005481,2026-08-24,Northwest,West,SMB,False,0.0
OPP-005482,2026-08-24,Northwest,West,Mid-Market,False,0.0
OPP-005483,2026-08-24,Northwest,West,SMB,False,0.0
OPP-005484,2026-08-24,Northwest,West,Mid-Market,False,0.0
OPP-005485,2026-08-24,Northwest,West,Mid-Market,False,0.0
OPP-005486,2026-08-24,Northwest,West,SMB,False,0.0
OPP-005487,2026-08-24,Northwest,West,SMB,False,0.0
OPP-005488,2026-08-24,Northwest,West,Mid-Market,False,0.0
OPP-005489,2026-08-24,Northwest,West,SMB,False,0.0
OPP-005490,2026-08-24,Northwest,West,SMB,True,379.36
OPP-005491,2026-08-24,Northwest,West,SMB,True,1725.32
OPP-005492,2026-08-24,Southwest,West,Mid-Market,False,0.0
OPP-005493,2026-08-24,Southwest,West,Mid-Market,False,0.0
OPP-005494,2026-08-24,Southwest,West,SMB,False,0.0
OPP-005495,2026-08-24,Southwest,West,SMB,False,0.0
OPP-005496,2026-08-24,Southwest,West,SMB,False,0.0
OPP-005497,2026-08-24,Southwest,West,SMB,True,1168.49
OPP-005498,2026-08-24,Southwest,West,SMB,False,0.0
OPP-005499,2026-08-24,Southwest,West,SMB,False,0.0
OPP-005500,2026-08-24,Southwest,West,Mid-Market,False,0.0
OPP-005501,2026-08-24,Southwest,West,Mid-Market,True,4866.72
OPP-005502,2026-08-24,Southwest,West,SMB,False,0.0
OPP-005503,2026-08-24,Southwest,West,SMB,False,0.0
OPP-005504,2026-08-24,Southwest,West,Mid-Market,False,0.0
OPP-005505,2026-08-24,Southwest,West,Enterprise,False,0.0
OPP-005506,2026-08-24,Southwest,West,Mid-Market,True,2087.07
OPP-005507,2026-08-24,Southwest,West,Mid-Market,False,0.0
OPP-005508,2026-08-25,Northeast,East,Mid-Market,False,0.0
OPP-005509,2026-08-25,Northeast,East,SMB,False,0.0
OPP-005510,2026-08-25,Northeast,East,SMB,True,525.43
OPP-005511,2026-08-25,Northeast,East,SMB,False,0.0
OPP-005512,2026-08-25,Northeast,East,SMB,False,0.0
OPP-005513,2026-08-25,Northeast,East,Enterprise,False,0.0
OPP-005514,2026-08-25,Northeast,East,Mid-Market,True,2023.12
OPP-005515,2026-08-25,Northeast,East,Mid-Market,False,0.0
OPP-005516,2026-08-25,Northeast,East,SMB,True,825.12
OPP-005517,2026-08-25,Northeast,East,Mid-Market,True,6725.07
OPP-005518,2026-08-25,Northeast,East,Mid-Market,True,3200.52
OPP-005519,2026-08-25,Northeast,East,Enterprise,True,2054.23
OPP-005520,2026-08-25,Northeast,East,SMB,False,0.0
OPP-005521,2026-08-25,Northeast,East,Mid-Market,True,1863.6
OPP-005522,2026-08-25,Northeast,East,Mid-Market,True,2496.53
OPP-005523,2026-08-25,Northeast,East,Mid-Market,False,0.0
OPP-005524,2026-08-25,Northeast,East,SMB,False,0.0
OPP-005525,2026-08-25,Southeast,East,Mid-Market,False,0.0
OPP-005526,2026-08-25,Southeast,East,SMB,False,0.0
OPP-005527,2026-08-25,Southeast,East,Mid-Market,False,0.0
OPP-005528,2026-08-25,Southeast,East,SMB,True,1645.59
OPP-005529,2026-08-25,Southeast,East,Enterprise,False,0.0
OPP-005530,2026-08-25,Southeast,East,SMB,False,0.0
OPP-005531,2026-08-25,Southeast,East,SMB,False,0.0
OPP-005532,2026-08-25,Southeast,East,SMB,False,0.0
OPP-005533,2026-08-25,Southeast,East,SMB,False,0.0
OPP-005534,2026-08-25,Southeast,East,SMB,True,1236.86
OPP-005535,2026-08-25,Southeast,East,SMB,True,540.59
OPP-005536,2026-08-25,Southeast,East,SMB,False,0.0
OPP-005537,2026-08-25,Southeast,East,SMB,False,0.0
OPP-005538,2026-08-25,Southeast,East,Mid-Market,False,0.0
OPP-005539,2026-08-25,Southeast,East,Mid-Market,True,2550.42
OPP-005540,2026-08-25,Southeast,East,Mid-Market,False,0.0
OPP-005541,2026-08-25,Southeast,East,Mid-Market,False,0.0
OPP-005542,2026-08-25,Southeast,East,SMB,True,1224.65
OPP-005543,2026-08-25,Southeast,East,SMB,False,0.0
OPP-005544,2026-08-25,Southeast,East,Mid-Market,False,0.0
OPP-005545,2026-08-25,Southeast,East,Mid-Market,False,0.0
OPP-005546,2026-08-25,Southeast,East,SMB,False,0.0
OPP-005547,2026-08-25,Northwest,West,Mid-Market,True,1021.84
OPP-005548,2026-08-25,Northwest,West,Mid-Market,True,1857.31
OPP-005549,2026-08-25,Northwest,West,SMB,True,1604.18
OPP-005550,2026-08-25,Northwest,West,SMB,False,0.0
OPP-005551,2026-08-25,Northwest,West,SMB,False,0.0
OPP-005552,2026-08-25,Northwest,West,SMB,False,0.0
OPP-005553,2026-08-25,Northwest,West,SMB,False,0.0
OPP-005554,2026-08-25,Northwest,West,SMB,True,900.04
OPP-005555,2026-08-25,Northwest,West,SMB,False,0.0
OPP-005556,2026-08-25,Northwest,West,SMB,False,0.0
OPP-005557,2026-08-25,Northwest,West,SMB,False,0.0
OPP-005558,2026-08-25,Northwest,West,SMB,False,0.0
OPP-005559,2026-08-25,Northwest,West,Mid-Market,False,0.0
OPP-005560,2026-08-25,Northwest,West,SMB,True,773.77
OPP-005561,2026-08-25,Northwest,West,SMB,False,0.0
OPP-005562,2026-08-25,Northwest,West,SMB,False,0.0
OPP-005563,2026-08-25,Northwest,West,SMB,False,0.0
OPP-005564,2026-08-25,Northwest,West,SMB,False,0.0
OPP-005565,2026-08-25,Northwest,West,SMB,False,0.0
OPP-005566,2026-08-25,Northwest,West,SMB,True,559.46
OPP-005567,2026-08-25,Southwest,West,SMB,True,440.2
OPP-005568,2026-08-25,Southwest,West,SMB,False,0.0
OPP-005569,2026-08-25,Southwest,West,Mid-Market,False,0.0
OPP-005570,2026-08-25,Southwest,West,SMB,False,0.0
OPP-005571,2026-08-25,Southwest,West,SMB,False,0.0
OPP-005572,2026-08-25,Southwest,West,SMB,False,0.0
OPP-005573,2026-08-25,Southwest,West,SMB,False,0.0
OPP-005574,2026-08-25,Southwest,West,Mid-Market,True,4068.39
OPP-005575,2026-08-25,Southwest,West,SMB,True,857.03
OPP-005576,2026-08-25,Southwest,West,SMB,False,0.0
OPP-005577,2026-08-25,Southwest,West,SMB,False,0.0
OPP-005578,2026-08-25,Southwest,West,Enterprise,False,0.0
OPP-005579,2026-08-25,Southwest,West,SMB,False,0.0
OPP-005580,2026-08-25,Southwest,West,Mid-Market,False,0.0
OPP-005581,2026-08-25,Southwest,West,SMB,False,0.0
OPP-005582,2026-08-25,Southwest,West,Mid-Market,True,2705.9
OPP-005583,2026-08-25,Southwest,West,SMB,False,0.0
OPP-005584,2026-08-25,Southwest,West,Mid-Market,True,3804.27
OPP-005585,2026-08-25,Southwest,West,Mid-Market,False,0.0
OPP-005586,2026-08-26,Northeast,East,SMB,False,0.0
OPP-005587,2026-08-26,Northeast,East,Mid-Market,True,3579.44
OPP-005588,2026-08-26,Northeast,East,SMB,False,0.0
OPP-005589,2026-08-26,Northeast,East,SMB,True,625.63
OPP-005590,2026-08-26,Northeast,East,SMB,False,0.0
OPP-005591,2026-08-26,Northeast,East,SMB,True,1214.62
OPP-005592,2026-08-26,Northeast,East,Mid-Market,False,0.0
OPP-005593,2026-08-26,Northeast,East,SMB,True,991.54
OPP-005594,2026-08-26,Northeast,East,SMB,True,2310.1
OPP-005595,2026-08-26,Northeast,East,SMB,False,0.0
OPP-005596,2026-08-26,Northeast,East,Mid-Market,True,1262.61
OPP-005597,2026-08-26,Northeast,East,SMB,False,0.0
OPP-005598,2026-08-26,Northeast,East,Mid-Market,False,0.0
OPP-005599,2026-08-26,Northeast,East,SMB,False,0.0
OPP-005600,2026-08-26,Northeast,East,Mid-Market,True,1739.45
OPP-005601,2026-08-26,Northeast,East,SMB,False,0.0
OPP-005602,2026-08-26,Northeast,East,SMB,False,0.0
OPP-005603,2026-08-26,Northeast,East,Mid-Market,True,5794.36
OPP-005604,2026-08-26,Northeast,East,SMB,False,0.0
OPP-005605,2026-08-26,Northeast,East,SMB,False,0.0
OPP-005606,2026-08-26,Northeast,East,SMB,False,0.0
OPP-005607,2026-08-26,Northeast,East,Enterprise,False,0.0
OPP-005608,2026-08-26,Northeast,East,SMB,False,0.0
OPP-005609,2026-08-26,Southeast,East,SMB,True,2048.66
OPP-005610,2026-08-26,Southeast,East,Mid-Market,False,0.0
OPP-005611,2026-08-26,Southeast,East,SMB,False,0.0
OPP-005612,2026-08-26,Southeast,East,Mid-Market,False,0.0
OPP-005613,2026-08-26,Southeast,East,SMB,False,0.0
OPP-005614,2026-08-26,Southeast,East,Mid-Market,False,0.0
OPP-005615,2026-08-26,Southeast,East,SMB,False,0.0
OPP-005616,2026-08-26,Southeast,East,SMB,True,630.89
OPP-005617,2026-08-26,Southeast,East,Mid-Market,False,0.0
OPP-005618,2026-08-26,Southeast,East,SMB,False,0.0
OPP-005619,2026-08-26,Southeast,East,Enterprise,False,0.0
OPP-005620,2026-08-26,Southeast,East,Mid-Market,False,0.0
OPP-005621,2026-08-26,Southeast,East,Mid-Market,False,0.0
OPP-005622,2026-08-26,Southeast,East,Mid-Market,True,1618.31
OPP-005623,2026-08-26,Southeast,East,Mid-Market,False,0.0
OPP-005624,2026-08-26,Southeast,East,SMB,False,0.0
OPP-005625,2026-08-26,Southeast,East,Enterprise,False,0.0
OPP-005626,2026-08-26,Southeast,East,Mid-Market,False,0.0
OPP-005627,2026-08-26,Southeast,East,Mid-Market,False,0.0
OPP-005628,2026-08-26,Southeast,East,SMB,False,0.0
OPP-005629,2026-08-26,Southeast,East,Enterprise,False,0.0
OPP-005630,2026-08-26,Southeast,East,SMB,True,1099.14
OPP-005631,2026-08-26,Northwest,West,Mid-Market,False,0.0
OPP-005632,2026-08-26,Northwest,West,SMB,False,0.0
OPP-005633,2026-08-26,Northwest,West,Mid-Market,False,0.0
OPP-005634,2026-08-26,Northwest,West,SMB,False,0.0
OPP-005635,2026-08-26,Northwest,West,Enterprise,False,0.0
OPP-005636,2026-08-26,Northwest,West,SMB,False,0.0
OPP-005637,2026-08-26,Northwest,West,SMB,True,588.85
OPP-005638,2026-08-26,Northwest,West,SMB,False,0.0
OPP-005639,2026-08-26,Northwest,West,SMB,False,0.0
OPP-005640,2026-08-26,Northwest,West,SMB,False,0.0
OPP-005641,2026-08-26,Northwest,West,Mid-Market,False,0.0
OPP-005642,2026-08-26,Northwest,West,Mid-Market,False,0.0
OPP-005643,2026-08-26,Northwest,West,Mid-Market,False,0.0
OPP-005644,2026-08-26,Northwest,West,SMB,False,0.0
OPP-005645,2026-08-26,Northwest,West,Mid-Market,False,0.0
OPP-005646,2026-08-26,Northwest,West,Mid-Market,False,0.0
OPP-005647,2026-08-26,Northwest,West,SMB,False,0.0
OPP-005648,2026-08-26,Northwest,West,Mid-Market,True,2517.49
OPP-005649,2026-08-26,Northwest,West,SMB,False,0.0
OPP-005650,2026-08-26,Southwest,West,Mid-Market,False,0.0
OPP-005651,2026-08-26,Southwest,West,SMB,True,1054.29
OPP-005652,2026-08-26,Southwest,West,SMB,False,0.0
OPP-005653,2026-08-26,Southwest,West,Mid-Market,False,0.0
OPP-005654,2026-08-26,Southwest,West,Mid-Market,False,0.0
OPP-005655,2026-08-26,Southwest,West,SMB,False,0.0
OPP-005656,2026-08-26,Southwest,West,Mid-Market,False,0.0
OPP-005657,2026-08-26,Southwest,West,Mid-Market,False,0.0
OPP-005658,2026-08-26,Southwest,West,Mid-Market,False,0.0
OPP-005659,2026-08-26,Southwest,West,SMB,True,481.28
OPP-005660,2026-08-26,Southwest,West,SMB,False,0.0
OPP-005661,2026-08-26,Southwest,West,Mid-Market,False,0.0
OPP-005662,2026-08-26,Southwest,West,Mid-Market,False,0.0
OPP-005663,2026-08-26,Southwest,West,SMB,True,734.07
OPP-005664,2026-08-26,Southwest,West,SMB,False,0.0
OPP-005665,2026-08-26,Southwest,West,SMB,False,0.0
OPP-005666,2026-08-26,Southwest,West,SMB,False,0.0
OPP-005667,2026-08-27,Northeast,East,SMB,True,1350.66
OPP-005668,2026-08-27,Northeast,East,Mid-Market,False,0.0
OPP-005669,2026-08-27,Northeast,East,Mid-Market,False,0.0
OPP-005670,2026-08-27,Northeast,East,Mid-Market,True,2155.02
OPP-005671,2026-08-27,Northeast,East,SMB,False,0.0
OPP-005672,2026-08-27,Northeast,East,SMB,False,0.0
OPP-005673,2026-08-27,Northeast,East,SMB,False,0.0
OPP-005674,2026-08-27,Northeast,East,Mid-Market,False,0.0
OPP-005675,2026-08-27,Northeast,East,Mid-Market,False,0.0
OPP-005676,2026-08-27,Northeast,East,Mid-Market,True,2347.01
OPP-005677,2026-08-27,Northeast,East,SMB,False,0.0
OPP-005678,2026-08-27,Northeast,East,Mid-Market,False,0.0
OPP-005679,2026-08-27,Northeast,East,SMB,False,0.0
OPP-005680,2026-08-27,Northeast,East,Mid-Market,False,0.0
OPP-005681,2026-08-27,Northeast,East,SMB,True,377.67
OPP-005682,2026-08-27,Northeast,East,SMB,False,0.0
OPP-005683,2026-08-27,Northeast,East,SMB,False,0.0
OPP-005684,2026-08-27,Northeast,East,SMB,False,0.0
OPP-005685,2026-08-27,Northeast,East,SMB,False,0.0
OPP-005686,2026-08-27,Northeast,East,SMB,False,0.0
OPP-005687,2026-08-27,Northeast,East,SMB,False,0.0
OPP-005688,2026-08-27,Southeast,East,SMB,True,1294.1
OPP-005689,2026-08-27,Southeast,East,SMB,False,0.0
OPP-005690,2026-08-27,Southeast,East,SMB,False,0.0
OPP-005691,2026-08-27,Southeast,East,SMB,False,0.0
OPP-005692,2026-08-27,Southeast,East,SMB,True,872.02
OPP-005693,2026-08-27,Southeast,East,SMB,False,0.0
OPP-005694,2026-08-27,Southeast,East,SMB,False,0.0
OPP-005695,2026-08-27,Southeast,East,SMB,False,0.0
OPP-005696,2026-08-27,Southeast,East,Enterprise,True,5322.94
OPP-005697,2026-08-27,Southeast,East,Enterprise,False,0.0
OPP-005698,2026-08-27,Southeast,East,Enterprise,True,5105.95
OPP-005699,2026-08-27,Southeast,East,SMB,True,765.64
OPP-005700,2026-08-27,Southeast,East,SMB,False,0.0
OPP-005701,2026-08-27,Southeast,East,SMB,False,0.0
OPP-005702,2026-08-27,Southeast,East,SMB,True,640.94
OPP-005703,2026-08-27,Southeast,East,SMB,False,0.0
OPP-005704,2026-08-27,Southeast,East,SMB,True,1027.85
OPP-005705,2026-08-27,Southeast,East,Mid-Market,True,3232.1
OPP-005706,2026-08-27,Southeast,East,SMB,False,0.0
OPP-005707,2026-08-27,Northwest,West,SMB,False,0.0
OPP-005708,2026-08-27,Northwest,West,SMB,True,429.09
OPP-005709,2026-08-27,Northwest,West,Mid-Market,False,0.0
OPP-005710,2026-08-27,Northwest,West,SMB,False,0.0
OPP-005711,2026-08-27,Northwest,West,SMB,False,0.0
OPP-005712,2026-08-27,Northwest,West,Mid-Market,True,1437.3
OPP-005713,2026-08-27,Northwest,West,SMB,True,612.43
OPP-005714,2026-08-27,Northwest,West,SMB,False,0.0
OPP-005715,2026-08-27,Northwest,West,Mid-Market,False,0.0
OPP-005716,2026-08-27,Northwest,West,SMB,False,0.0
OPP-005717,2026-08-27,Northwest,West,SMB,True,501.26
OPP-005718,2026-08-27,Northwest,West,Mid-Market,False,0.0
OPP-005719,2026-08-27,Northwest,West,SMB,False,0.0
OPP-005720,2026-08-27,Northwest,West,Mid-Market,False,0.0
OPP-005721,2026-08-27,Northwest,West,SMB,False,0.0
OPP-005722,2026-08-27,Northwest,West,Mid-Market,False,0.0
OPP-005723,2026-08-27,Northwest,West,Mid-Market,False,0.0
OPP-005724,2026-08-27,Northwest,West,SMB,False,0.0
OPP-005725,2026-08-27,Northwest,West,SMB,False,0.0
OPP-005726,2026-08-27,Northwest,West,SMB,False,0.0
OPP-005727,2026-08-27,Northwest,West,SMB,False,0.0
OPP-005728,2026-08-27,Northwest,West,Mid-Market,False,0.0
OPP-005729,2026-08-27,Northwest,West,SMB,False,0.0
OPP-005730,2026-08-27,Southwest,West,SMB,False,0.0
OPP-005731,2026-08-27,Southwest,West,Mid-Market,False,0.0
OPP-005732,2026-08-27,Southwest,West,SMB,False,0.0
OPP-005733,2026-08-27,Southwest,West,SMB,False,0.0
OPP-005734,2026-08-27,Southwest,West,Mid-Market,False,0.0
OPP-005735,2026-08-27,Southwest,West,Mid-Market,False,0.0
OPP-005736,2026-08-27,Southwest,West,SMB,False,0.0
OPP-005737,2026-08-27,Southwest,West,SMB,False,0.0
OPP-005738,2026-08-27,Southwest,West,Mid-Market,False,0.0
OPP-005739,2026-08-27,Southwest,West,Mid-Market,False,0.0
OPP-005740,2026-08-27,Southwest,West,SMB,False,0.0
OPP-005741,2026-08-27,Southwest,West,Mid-Market,True,2192.66
OPP-005742,2026-08-27,Southwest,West,SMB,False,0.0
OPP-005743,2026-08-27,Southwest,West,SMB,True,372.17
OPP-005744,2026-08-27,Southwest,West,SMB,True,945.36
OPP-005745,2026-08-27,Southwest,West,Enterprise,False,0.0
OPP-005746,2026-08-28,Northeast,East,SMB,True,438.86
OPP-005747,2026-08-28,Northeast,East,SMB,True,530.19
OPP-005748,2026-08-28,Northeast,East,Mid-Market,False,0.0
OPP-005749,2026-08-28,Northeast,East,Mid-Market,True,4291.11
OPP-005750,2026-08-28,Northeast,East,SMB,False,0.0
OPP-005751,2026-08-28,Northeast,East,Mid-Market,False,0.0
OPP-005752,2026-08-28,Northeast,East,Mid-Market,False,0.0
OPP-005753,2026-08-28,Northeast,East,Enterprise,True,5043.11
OPP-005754,2026-08-28,Northeast,East,SMB,True,986.7
OPP-005755,2026-08-28,Northeast,East,Mid-Market,True,2955.35
OPP-005756,2026-08-28,Northeast,East,SMB,False,0.0
OPP-005757,2026-08-28,Northeast,East,SMB,False,0.0
OPP-005758,2026-08-28,Northeast,East,SMB,False,0.0
OPP-005759,2026-08-28,Northeast,East,SMB,True,389.26
OPP-005760,2026-08-28,Northeast,East,SMB,False,0.0
OPP-005761,2026-08-28,Northeast,East,Mid-Market,True,5799.41
OPP-005762,2026-08-28,Northeast,East,Mid-Market,True,2416.77
OPP-005763,2026-08-28,Northeast,East,Mid-Market,False,0.0
OPP-005764,2026-08-28,Southeast,East,SMB,False,0.0
OPP-005765,2026-08-28,Southeast,East,SMB,False,0.0
OPP-005766,2026-08-28,Southeast,East,Mid-Market,False,0.0
OPP-005767,2026-08-28,Southeast,East,SMB,True,492.87
OPP-005768,2026-08-28,Southeast,East,SMB,False,0.0
OPP-005769,2026-08-28,Southeast,East,SMB,False,0.0
OPP-005770,2026-08-28,Southeast,East,SMB,False,0.0
OPP-005771,2026-08-28,Southeast,East,SMB,True,1223.21
OPP-005772,2026-08-28,Southeast,East,Mid-Market,True,1547.97
OPP-005773,2026-08-28,Southeast,East,SMB,True,489.56
OPP-005774,2026-08-28,Southeast,East,SMB,True,579.07
OPP-005775,2026-08-28,Southeast,East,SMB,False,0.0
OPP-005776,2026-08-28,Southeast,East,Enterprise,True,5880.19
OPP-005777,2026-08-28,Southeast,East,SMB,True,404.84
OPP-005778,2026-08-28,Southeast,East,SMB,False,0.0
OPP-005779,2026-08-28,Northwest,West,SMB,True,991.21
OPP-005780,2026-08-28,Northwest,West,SMB,False,0.0
OPP-005781,2026-08-28,Northwest,West,SMB,False,0.0
OPP-005782,2026-08-28,Northwest,West,Mid-Market,False,0.0
OPP-005783,2026-08-28,Northwest,West,Mid-Market,False,0.0
OPP-005784,2026-08-28,Northwest,West,Mid-Market,False,0.0
OPP-005785,2026-08-28,Northwest,West,Mid-Market,False,0.0
OPP-005786,2026-08-28,Northwest,West,Mid-Market,False,0.0
OPP-005787,2026-08-28,Northwest,West,SMB,False,0.0
OPP-005788,2026-08-28,Northwest,West,Mid-Market,False,0.0
OPP-005789,2026-08-28,Northwest,West,Enterprise,True,5368.2
OPP-005790,2026-08-28,Northwest,West,SMB,False,0.0
OPP-005791,2026-08-28,Northwest,West,SMB,False,0.0
OPP-005792,2026-08-28,Northwest,West,Mid-Market,False,0.0
OPP-005793,2026-08-28,Northwest,West,SMB,False,0.0
OPP-005794,2026-08-28,Northwest,West,Mid-Market,False,0.0
OPP-005795,2026-08-28,Northwest,West,SMB,True,534.98
OPP-005796,2026-08-28,Southwest,West,SMB,True,883.83
OPP-005797,2026-08-28,Southwest,West,SMB,False,0.0
OPP-005798,2026-08-28,Southwest,West,Enterprise,True,3898.25
OPP-005799,2026-08-28,Southwest,West,Enterprise,False,0.0
OPP-005800,2026-08-28,Southwest,West,SMB,False,0.0
OPP-005801,2026-08-28,Southwest,West,SMB,False,0.0
OPP-005802,2026-08-28,Southwest,West,SMB,False,0.0
OPP-005803,2026-08-28,Southwest,West,SMB,False,0.0
OPP-005804,2026-08-28,Southwest,West,SMB,True,643.91
OPP-005805,2026-08-28,Southwest,West,Mid-Market,False,0.0
OPP-005806,2026-08-28,Southwest,West,Mid-Market,False,0.0
OPP-005807,2026-08-28,Southwest,West,SMB,False,0.0
OPP-005808,2026-08-28,Southwest,West,Mid-Market,False,0.0
OPP-005809,2026-08-28,Southwest,West,SMB,False,0.0
OPP-005810,2026-08-29,Northeast,East,SMB,False,0.0
OPP-005811,2026-08-29,Northeast,East,SMB,False,0.0
OPP-005812,2026-08-29,Northeast,East,Mid-Market,False,0.0
OPP-005813,2026-08-29,Northeast,East,Mid-Market,True,2132.95
OPP-005814,2026-08-29,Northeast,East,Enterprise,False,0.0
OPP-005815,2026-08-29,Northeast,East,SMB,False,0.0
OPP-005816,2026-08-29,Northeast,East,SMB,False,0.0
OPP-005817,2026-08-29,Northeast,East,Enterprise,False,0.0
OPP-005818,2026-08-29,Northeast,East,SMB,False,0.0
OPP-005819,2026-08-29,Northeast,East,Mid-Market,False,0.0
OPP-005820,2026-08-29,Northeast,East,Enterprise,True,15766.02
OPP-005821,2026-08-29,Northeast,East,SMB,False,0.0
OPP-005822,2026-08-29,Southeast,East,Mid-Market,False,0.0
OPP-005823,2026-08-29,Southeast,East,SMB,False,0.0
OPP-005824,2026-08-29,Southeast,East,Enterprise,True,5532.66
OPP-005825,2026-08-29,Southeast,East,SMB,False,0.0
OPP-005826,2026-08-29,Southeast,East,Mid-Market,False,0.0
OPP-005827,2026-08-29,Southeast,East,Mid-Market,False,0.0
OPP-005828,2026-08-29,Southeast,East,Mid-Market,True,1843.38
OPP-005829,2026-08-29,Southeast,East,SMB,False,0.0
OPP-005830,2026-08-29,Southeast,East,SMB,True,495.55
OPP-005831,2026-08-29,Southeast,East,Mid-Market,False,0.0
OPP-005832,2026-08-29,Southeast,East,SMB,False,0.0
OPP-005833,2026-08-29,Southeast,East,SMB,False,0.0
OPP-005834,2026-08-29,Southeast,East,SMB,False,0.0
OPP-005835,2026-08-29,Southeast,East,SMB,False,0.0
OPP-005836,2026-08-29,Southeast,East,SMB,True,844.5
OPP-005837,2026-08-29,Southeast,East,Mid-Market,True,4484.53
OPP-005838,2026-08-29,Northwest,West,Mid-Market,False,0.0
OPP-005839,2026-08-29,Northwest,West,Mid-Market,True,3086.58
OPP-005840,2026-08-29,Northwest,West,Mid-Market,False,0.0
OPP-005841,2026-08-29,Northwest,West,SMB,False,0.0
OPP-005842,2026-08-29,Northwest,West,SMB,False,0.0
OPP-005843,2026-08-29,Northwest,West,Enterprise,False,0.0
OPP-005844,2026-08-29,Northwest,West,Enterprise,False,0.0
OPP-005845,2026-08-29,Northwest,West,Mid-Market,True,2130.02
OPP-005846,2026-08-29,Northwest,West,SMB,False,0.0
OPP-005847,2026-08-29,Northwest,West,SMB,False,0.0
OPP-005848,2026-08-29,Northwest,West,Enterprise,False,0.0
OPP-005849,2026-08-29,Southwest,West,SMB,False,0.0
OPP-005850,2026-08-29,Southwest,West,SMB,False,0.0
OPP-005851,2026-08-29,Southwest,West,SMB,False,0.0
OPP-005852,2026-08-29,Southwest,West,SMB,False,0.0
OPP-005853,2026-08-29,Southwest,West,Mid-Market,True,1953.52
OPP-005854,2026-08-29,Southwest,West,Mid-Market,False,0.0
OPP-005855,2026-08-29,Southwest,West,SMB,False,0.0
OPP-005856,2026-08-29,Southwest,West,Enterprise,False,0.0
OPP-005857,2026-08-29,Southwest,West,Enterprise,True,8076.8
OPP-005858,2026-08-30,Northeast,East,SMB,True,530.84
OPP-005859,2026-08-30,Northeast,East,SMB,False,0.0
OPP-005860,2026-08-30,Northeast,East,SMB,True,541.65
OPP-005861,2026-08-30,Northeast,East,SMB,True,2072.76
OPP-005862,2026-08-30,Northeast,East,Mid-Market,False,0.0
OPP-005863,2026-08-30,Southeast,East,Mid-Market,False,0.0
OPP-005864,2026-08-30,Southeast,East,SMB,False,0.0
OPP-005865,2026-08-30,Southeast,East,SMB,False,0.0
OPP-005866,2026-08-30,Southeast,East,Enterprise,True,13556.36
OPP-005867,2026-08-30,Southeast,East,SMB,False,0.0
OPP-005868,2026-08-30,Southeast,East,SMB,False,0.0
OPP-005869,2026-08-30,Southeast,East,Mid-Market,False,0.0
OPP-005870,2026-08-30,Southeast,East,SMB,False,0.0
OPP-005871,2026-08-30,Southeast,East,SMB,True,1719.42
OPP-005872,2026-08-30,Southeast,East,Mid-Market,False,0.0
OPP-005873,2026-08-30,Southeast,East,SMB,False,0.0
OPP-005874,2026-08-30,Southeast,East,SMB,False,0.0
OPP-005875,2026-08-30,Northwest,West,SMB,True,359.76
OPP-005876,2026-08-30,Northwest,West,Mid-Market,True,2600.4
OPP-005877,2026-08-30,Northwest,West,SMB,True,876.02
OPP-005878,2026-08-30,Northwest,West,SMB,False,0.0
OPP-005879,2026-08-30,Northwest,West,SMB,True,2542.18
OPP-005880,2026-08-30,Northwest,West,SMB,False,0.0
OPP-005881,2026-08-30,Northwest,West,SMB,True,406.53
OPP-005882,2026-08-30,Northwest,West,SMB,False,0.0
OPP-005883,2026-08-30,Northwest,West,Mid-Market,True,2998.59
OPP-005884,2026-08-30,Northwest,West,SMB,False,0.0
OPP-005885,2026-08-30,Northwest,West,SMB,True,441.93
OPP-005886,2026-08-30,Southwest,West,SMB,False,0.0
OPP-005887,2026-08-30,Southwest,West,SMB,True,848.58
OPP-005888,2026-08-30,Southwest,West,SMB,False,0.0
OPP-005889,2026-08-30,Southwest,West,SMB,True,760.79
OPP-005890,2026-08-30,Southwest,West,SMB,False,0.0
OPP-005891,2026-08-30,Southwest,West,SMB,False,0.0
OPP-005892,2026-08-30,Southwest,West,SMB,False,0.0
OPP-005893,2026-08-30,Southwest,West,Mid-Market,False,0.0
OPP-005894,2026-08-30,Southwest,West,Mid-Market,False,0.0
OPP-005895,2026-08-30,Southwest,West,SMB,False,0.0
OPP-005896,2026-08-30,Southwest,West,Mid-Market,False,0.0
OPP-005897,2026-08-31,Northeast,East,SMB,True,786.58
OPP-005898,2026-08-31,Northeast,East,SMB,True,410.77
OPP-005899,2026-08-31,Northeast,East,Mid-Market,True,2424.72
OPP-005900,2026-08-31,Northeast,East,Mid-Market,False,0.0
OPP-005901,2026-08-31,Northeast,East,SMB,False,0.0
OPP-005902,2026-08-31,Northeast,East,Mid-Market,False,0.0
OPP-005903,2026-08-31,Northeast,East,SMB,False,0.0
OPP-005904,2026-08-31,Northeast,East,SMB,True,293.17
OPP-005905,2026-08-31,Northeast,East,Mid-Market,False,0.0
OPP-005906,2026-08-31,Northeast,East,Enterprise,False,0.0
OPP-005907,2026-08-31,Northeast,East,Enterprise,False,0.0
OPP-005908,2026-08-31,Northeast,East,SMB,False,0.0
OPP-005909,2026-08-31,Northeast,East,Mid-Market,False,0.0
OPP-005910,2026-08-31,Northeast,East,SMB,False,0.0
OPP-005911,2026-08-31,Northeast,East,Mid-Market,False,0.0
OPP-005912,2026-08-31,Northeast,East,Mid-Market,True,2856.75
OPP-005913,2026-08-31,Northeast,East,SMB,True,551.27
OPP-005914,2026-08-31,Northeast,East,Mid-Market,True,4406.22
OPP-005915,2026-08-31,Northeast,East,SMB,False,0.0
OPP-005916,2026-08-31,Northeast,East,Mid-Market,True,2590.92
OPP-005917,2026-08-31,Northeast,East,Enterprise,True,4250.56
OPP-005918,2026-08-31,Northeast,East,Enterprise,True,13674.6
OPP-005919,2026-08-31,Northeast,East,SMB,True,752.23
OPP-005920,2026-08-31,Northeast,East,Mid-Market,False,0.0
OPP-005921,2026-08-31,Northeast,East,SMB,False,0.0
OPP-005922,2026-08-31,Southeast,East,Enterprise,False,0.0
OPP-005923,2026-08-31,Southeast,East,Mid-Market,False,0.0
OPP-005924,2026-08-31,Southeast,East,SMB,False,0.0
OPP-005925,2026-08-31,Southeast,East,Enterprise,False,0.0
OPP-005926,2026-08-31,Southeast,East,SMB,False,0.0
OPP-005927,2026-08-31,Southeast,East,SMB,False,0.0
OPP-005928,2026-08-31,Southeast,East,Mid-Market,False,0.0
OPP-005929,2026-08-31,Southeast,East,SMB,False,0.0
OPP-005930,2026-08-31,Southeast,East,Mid-Market,True,864.28
OPP-005931,2026-08-31,Southeast,East,Mid-Market,False,0.0
OPP-005932,2026-08-31,Southeast,East,Mid-Market,True,2629.77
OPP-005933,2026-08-31,Southeast,East,SMB,False,0.0
OPP-005934,2026-08-31,Southeast,East,Mid-Market,False,0.0
OPP-005935,2026-08-31,Southeast,East,Enterprise,False,0.0
OPP-005936,2026-08-31,Southeast,East,SMB,False,0.0
OPP-005937,2026-08-31,Southeast,East,Mid-Market,True,1846.15
OPP-005938,2026-08-31,Southeast,East,SMB,False,0.0
OPP-005939,2026-08-31,Southeast,East,SMB,False,0.0
OPP-005940,2026-08-31,Southeast,East,SMB,False,0.0
OPP-005941,2026-08-31,Northwest,West,SMB,False,0.0
OPP-005942,2026-08-31,Northwest,West,SMB,True,1101.45
OPP-005943,2026-08-31,Northwest,West,SMB,False,0.0
OPP-005944,2026-08-31,Northwest,West,Mid-Market,True,3640.51
OPP-005945,2026-08-31,Northwest,West,SMB,False,0.0
OPP-005946,2026-08-31,Northwest,West,Mid-Market,True,2180.38
OPP-005947,2026-08-31,Northwest,West,Enterprise,False,0.0
OPP-005948,2026-08-31,Northwest,West,SMB,False,0.0
OPP-005949,2026-08-31,Northwest,West,SMB,False,0.0
OPP-005950,2026-08-31,Northwest,West,Mid-Market,True,4582.36
OPP-005951,2026-08-31,Northwest,West,Enterprise,False,0.0
OPP-005952,2026-08-31,Northwest,West,Mid-Market,True,4085.8
OPP-005953,2026-08-31,Northwest,West,Mid-Market,False,0.0
OPP-005954,2026-08-31,Northwest,West,Enterprise,True,5647.53
OPP-005955,2026-08-31,Northwest,West,SMB,False,0.0
OPP-005956,2026-08-31,Northwest,West,SMB,False,0.0
OPP-005957,2026-08-31,Northwest,West,SMB,True,917.5
OPP-005958,2026-08-31,Northwest,West,SMB,False,0.0
OPP-005959,2026-08-31,Southwest,West,Mid-Market,False,0.0
OPP-005960,2026-08-31,Southwest,West,SMB,False,0.0
OPP-005961,2026-08-31,Southwest,West,Mid-Market,False,0.0
OPP-005962,2026-08-31,Southwest,West,Mid-Market,True,2627.62
OPP-005963,2026-08-31,Southwest,West,Mid-Market,False,0.0
OPP-005964,2026-08-31,Southwest,West,SMB,False,0.0
OPP-005965,2026-08-31,Southwest,West,Mid-Market,False,0.0
OPP-005966,2026-08-31,Southwest,West,Mid-Market,False,0.0
OPP-005967,2026-08-31,Southwest,West,SMB,True,604.0
OPP-005968,2026-08-31,Southwest,West,Mid-Market,False,0.0
OPP-005969,2026-08-31,Southwest,West,Enterprise,False,0.0
OPP-005970,2026-08-31,Southwest,West,Mid-Market,True,5319.58
OPP-005971,2026-08-31,Southwest,West,SMB,False,0.0
OPP-005972,2026-08-31,Southwest,West,Mid-Market,False,0.0
OPP-005973,2026-08-31,Southwest,West,SMB,False,0.0
OPP-005974,2026-08-31,Southwest,West,SMB,False,0.0
OPP-005975,2026-08-31,Southwest,West,SMB,False,0.0
OPP-005976,2026-08-31,Southwest,West,Mid-Market,False,0.0
OPP-005977,2026-09-01,Northeast,East,Enterprise,False,0.0
OPP-005978,2026-09-01,Northeast,East,SMB,False,0.0
OPP-005979,2026-09-01,Northeast,East,SMB,False,0.0
OPP-005980,2026-09-01,Northeast,East,Enterprise,False,0.0
OPP-005981,2026-09-01,Northeast,East,SMB,False,0.0
OPP-005982,2026-09-01,Northeast,East,SMB,False,0.0
OPP-005983,2026-09-01,Northeast,East,Enterprise,True,13711.56
OPP-005984,2026-09-01,Northeast,East,SMB,False,0.0
OPP-005985,2026-09-01,Northeast,East,Enterprise,False,0.0
OPP-005986,2026-09-01,Northeast,East,SMB,False,0.0
OPP-005987,2026-09-01,Northeast,East,SMB,False,0.0
OPP-005988,2026-09-01,Northeast,East,Enterprise,False,0.0
OPP-005989,2026-09-01,Southeast,East,Enterprise,False,0.0
OPP-005990,2026-09-01,Southeast,East,Mid-Market,False,0.0
OPP-005991,2026-09-01,Southeast,East,Enterprise,False,0.0
OPP-005992,2026-09-01,Southeast,East,SMB,False,0.0
OPP-005993,2026-09-01,Southeast,East,SMB,False,0.0
OPP-005994,2026-09-01,Southeast,East,Enterprise,False,0.0
OPP-005995,2026-09-01,Southeast,East,Enterprise,True,14027.39
OPP-005996,2026-09-01,Southeast,East,Enterprise,False,0.0
OPP-005997,2026-09-01,Southeast,East,Mid-Market,False,0.0
OPP-005998,2026-09-01,Southeast,East,Mid-Market,False,0.0
OPP-005999,2026-09-01,Southeast,East,SMB,False,0.0
OPP-006000,2026-09-01,Southeast,East,SMB,False,0.0
OPP-006001,2026-09-01,Southeast,East,Mid-Market,False,0.0
OPP-006002,2026-09-01,Southeast,East,Enterprise,False,0.0
OPP-006003,2026-09-01,Southeast,East,Enterprise,True,24010.94
OPP-006004,2026-09-01,Southeast,East,Mid-Market,False,0.0
OPP-006005,2026-09-01,Southeast,East,Mid-Market,False,0.0
OPP-006006,2026-09-01,Southeast,East,Mid-Market,False,0.0
OPP-006007,2026-09-01,Southeast,East,SMB,True,454.83
OPP-006008,2026-09-01,Southeast,East,SMB,False,0.0
OPP-006009,2026-09-01,Southeast,East,Mid-Market,False,0.0
OPP-006010,2026-09-01,Northwest,West,SMB,True,666.89
OPP-006011,2026-09-01,Northwest,West,SMB,False,0.0
OPP-006012,2026-09-01,Northwest,West,Mid-Market,False,0.0
OPP-006013,2026-09-01,Northwest,West,Mid-Market,False,0.0
OPP-006014,2026-09-01,Northwest,West,SMB,False,0.0
OPP-006015,2026-09-01,Northwest,West,SMB,False,0.0
OPP-006016,2026-09-01,Northwest,West,Mid-Market,True,2569.43
OPP-006017,2026-09-01,Northwest,West,SMB,False,0.0
OPP-006018,2026-09-01,Northwest,West,Mid-Market,False,0.0
OPP-006019,2026-09-01,Northwest,West,Mid-Market,False,0.0
OPP-006020,2026-09-01,Northwest,West,SMB,False,0.0
OPP-006021,2026-09-01,Northwest,West,Mid-Market,True,4493.02
OPP-006022,2026-09-01,Northwest,West,Enterprise,True,5428.09
OPP-006023,2026-09-01,Northwest,West,Enterprise,True,9615.23
OPP-006024,2026-09-01,Northwest,West,SMB,False,0.0
OPP-006025,2026-09-01,Northwest,West,Mid-Market,False,0.0
OPP-006026,2026-09-01,Northwest,West,Mid-Market,False,0.0
OPP-006027,2026-09-01,Northwest,West,SMB,False,0.0
OPP-006028,2026-09-01,Northwest,West,SMB,True,442.78
OPP-006029,2026-09-01,Northwest,West,SMB,False,0.0
OPP-006030,2026-09-01,Northwest,West,SMB,True,513.38
OPP-006031,2026-09-01,Northwest,West,Mid-Market,False,0.0
OPP-006032,2026-09-01,Northwest,West,Mid-Market,False,0.0
OPP-006033,2026-09-01,Northwest,West,SMB,False,0.0
OPP-006034,2026-09-01,Northwest,West,SMB,False,0.0
OPP-006035,2026-09-01,Northwest,West,Enterprise,False,0.0
OPP-006036,2026-09-01,Northwest,West,Mid-Market,False,0.0
OPP-006037,2026-09-01,Southwest,West,SMB,True,713.74
OPP-006038,2026-09-01,Southwest,West,Mid-Market,False,0.0
OPP-006039,2026-09-01,Southwest,West,SMB,False,0.0
OPP-006040,2026-09-01,Southwest,West,SMB,False,0.0
OPP-006041,2026-09-01,Southwest,West,SMB,False,0.0
OPP-006042,2026-09-01,Southwest,West,SMB,False,0.0
OPP-006043,2026-09-01,Southwest,West,Mid-Market,True,3269.43
OPP-006044,2026-09-01,Southwest,West,SMB,False,0.0
OPP-006045,2026-09-01,Southwest,West,SMB,False,0.0
OPP-006046,2026-09-01,Southwest,West,SMB,True,582.08
OPP-006047,2026-09-01,Southwest,West,SMB,False,0.0
OPP-006048,2026-09-01,Southwest,West,SMB,False,0.0
OPP-006049,2026-09-01,Southwest,West,Enterprise,False,0.0
OPP-006050,2026-09-01,Southwest,West,Mid-Market,False,0.0
OPP-006051,2026-09-01,Southwest,West,Mid-Market,False,0.0
OPP-006052,2026-09-01,Southwest,West,SMB,False,0.0
OPP-006053,2026-09-01,Southwest,West,SMB,True,564.34
OPP-006054,2026-09-01,Southwest,West,SMB,False,0.0
OPP-006055,2026-09-01,Southwest,West,Mid-Market,False,0.0
OPP-006056,2026-09-02,Northeast,East,SMB,False,0.0
OPP-006057,2026-09-02,Northeast,East,SMB,False,0.0
OPP-006058,2026-09-02,Northeast,East,Mid-Market,True,3852.09
OPP-006059,2026-09-02,Northeast,East,SMB,False,0.0
OPP-006060,2026-09-02,Northeast,East,Enterprise,False,0.0
OPP-006061,2026-09-02,Northeast,East,Enterprise,False,0.0
OPP-006062,2026-09-02,Northeast,East,Mid-Market,False,0.0
OPP-006063,2026-09-02,Northeast,East,Mid-Market,False,0.0
OPP-006064,2026-09-02,Northeast,East,Enterprise,False,0.0
OPP-006065,2026-09-02,Northeast,East,SMB,False,0.0
OPP-006066,2026-09-02,Northeast,East,SMB,False,0.0
OPP-006067,2026-09-02,Northeast,East,SMB,False,0.0
OPP-006068,2026-09-02,Northeast,East,SMB,False,0.0
OPP-006069,2026-09-02,Northeast,East,Enterprise,True,3888.1
OPP-006070,2026-09-02,Northeast,East,SMB,True,1304.87
OPP-006071,2026-09-02,Northeast,East,SMB,False,0.0
OPP-006072,2026-09-02,Southeast,East,Mid-Market,False,0.0
OPP-006073,2026-09-02,Southeast,East,Enterprise,False,0.0
OPP-006074,2026-09-02,Southeast,East,SMB,False,0.0
OPP-006075,2026-09-02,Southeast,East,Mid-Market,False,0.0
OPP-006076,2026-09-02,Southeast,East,Mid-Market,False,0.0
OPP-006077,2026-09-02,Southeast,East,SMB,False,0.0
OPP-006078,2026-09-02,Southeast,East,SMB,True,1503.2
OPP-006079,2026-09-02,Southeast,East,Enterprise,False,0.0
OPP-006080,2026-09-02,Southeast,East,Mid-Market,True,2062.44
OPP-006081,2026-09-02,Southeast,East,SMB,True,745.22
OPP-006082,2026-09-02,Southeast,East,SMB,False,0.0
OPP-006083,2026-09-02,Southeast,East,SMB,False,0.0
OPP-006084,2026-09-02,Southeast,East,SMB,True,320.6
OPP-006085,2026-09-02,Southeast,East,SMB,True,957.45
OPP-006086,2026-09-02,Southeast,East,Mid-Market,False,0.0
OPP-006087,2026-09-02,Southeast,East,SMB,False,0.0
OPP-006088,2026-09-02,Northwest,West,SMB,False,0.0
OPP-006089,2026-09-02,Northwest,West,Enterprise,False,0.0
OPP-006090,2026-09-02,Northwest,West,SMB,True,628.78
OPP-006091,2026-09-02,Northwest,West,SMB,False,0.0
OPP-006092,2026-09-02,Northwest,West,SMB,True,1454.77
OPP-006093,2026-09-02,Northwest,West,SMB,False,0.0
OPP-006094,2026-09-02,Northwest,West,SMB,False,0.0
OPP-006095,2026-09-02,Northwest,West,SMB,False,0.0
OPP-006096,2026-09-02,Northwest,West,Mid-Market,True,4614.92
OPP-006097,2026-09-02,Northwest,West,Mid-Market,False,0.0
OPP-006098,2026-09-02,Northwest,West,Mid-Market,False,0.0
OPP-006099,2026-09-02,Northwest,West,SMB,False,0.0
OPP-006100,2026-09-02,Northwest,West,SMB,False,0.0
OPP-006101,2026-09-02,Northwest,West,Enterprise,False,0.0
OPP-006102,2026-09-02,Northwest,West,SMB,False,0.0
OPP-006103,2026-09-02,Southwest,West,SMB,True,1261.32
OPP-006104,2026-09-02,Southwest,West,SMB,False,0.0
OPP-006105,2026-09-02,Southwest,West,SMB,False,0.0
OPP-006106,2026-09-02,Southwest,West,Mid-Market,True,2284.64
OPP-006107,2026-09-02,Southwest,West,SMB,True,1704.91
OPP-006108,2026-09-02,Southwest,West,SMB,False,0.0
OPP-006109,2026-09-02,Southwest,West,Enterprise,True,5781.97
OPP-006110,2026-09-02,Southwest,West,SMB,False,0.0
OPP-006111,2026-09-02,Southwest,West,Mid-Market,False,0.0
OPP-006112,2026-09-02,Southwest,West,SMB,True,571.97
OPP-006113,2026-09-02,Southwest,West,SMB,False,0.0
OPP-006114,2026-09-02,Southwest,West,SMB,True,852.81
OPP-006115,2026-09-02,Southwest,West,SMB,False,0.0
OPP-006116,2026-09-02,Southwest,West,SMB,False,0.0
OPP-006117,2026-09-02,Southwest,West,Enterprise,False,0.0
OPP-006118,2026-09-02,Southwest,West,SMB,False,0.0
OPP-006119,2026-09-02,Southwest,West,Mid-Market,False,0.0
OPP-006120,2026-09-02,Southwest,West,SMB,True,576.83
OPP-006121,2026-09-02,Southwest,West,Mid-Market,False,0.0
OPP-006122,2026-09-02,Southwest,West,Enterprise,False,0.0
OPP-006123,2026-09-02,Southwest,West,SMB,False,0.0
OPP-006124,2026-09-02,Southwest,West,SMB,False,0.0
OPP-006125,2026-09-02,Southwest,West,Mid-Market,False,0.0
OPP-006126,2026-09-02,Southwest,West,Mid-Market,False,0.0
OPP-006127,2026-09-02,Southwest,West,Enterprise,False,0.0
OPP-006128,2026-09-02,Southwest,West,Mid-Market,False,0.0
OPP-006129,2026-09-02,Southwest,West,SMB,False,0.0
OPP-006130,2026-09-02,Southwest,West,SMB,True,1352.63
OPP-006131,2026-09-03,Northeast,East,Enterprise,True,8206.79
OPP-006132,2026-09-03,Northeast,East,SMB,False,0.0
OPP-006133,2026-09-03,Northeast,East,SMB,False,0.0
OPP-006134,2026-09-03,Northeast,East,SMB,True,552.71
OPP-006135,2026-09-03,Northeast,East,SMB,False,0.0
OPP-006136,2026-09-03,Northeast,East,SMB,False,0.0
OPP-006137,2026-09-03,Northeast,East,Enterprise,False,0.0
OPP-006138,2026-09-03,Northeast,East,Mid-Market,False,0.0
OPP-006139,2026-09-03,Northeast,East,Mid-Market,True,2621.32
OPP-006140,2026-09-03,Northeast,East,SMB,True,1504.94
OPP-006141,2026-09-03,Northeast,East,Mid-Market,False,0.0
OPP-006142,2026-09-03,Northeast,East,Mid-Market,False,0.0
OPP-006143,2026-09-03,Northeast,East,SMB,False,0.0
OPP-006144,2026-09-03,Southeast,East,SMB,False,0.0
OPP-006145,2026-09-03,Southeast,East,Enterprise,False,0.0
OPP-006146,2026-09-03,Southeast,East,SMB,False,0.0
OPP-006147,2026-09-03,Southeast,East,SMB,False,0.0
OPP-006148,2026-09-03,Southeast,East,SMB,False,0.0
OPP-006149,2026-09-03,Southeast,East,Enterprise,False,0.0
OPP-006150,2026-09-03,Southeast,East,Mid-Market,True,1458.72
OPP-006151,2026-09-03,Southeast,East,Enterprise,True,9674.55
OPP-006152,2026-09-03,Southeast,East,Mid-Market,False,0.0
OPP-006153,2026-09-03,Southeast,East,SMB,True,1208.9
OPP-006154,2026-09-03,Southeast,East,SMB,False,0.0
OPP-006155,2026-09-03,Southeast,East,Mid-Market,False,0.0
OPP-006156,2026-09-03,Southeast,East,Mid-Market,True,4858.16
OPP-006157,2026-09-03,Southeast,East,SMB,True,964.45
OPP-006158,2026-09-03,Southeast,East,SMB,False,0.0
OPP-006159,2026-09-03,Southeast,East,Mid-Market,False,0.0
OPP-006160,2026-09-03,Southeast,East,Mid-Market,True,1486.16
OPP-006161,2026-09-03,Southeast,East,Enterprise,True,6550.15
OPP-006162,2026-09-03,Northwest,West,Mid-Market,False,0.0
OPP-006163,2026-09-03,Northwest,West,Enterprise,False,0.0
OPP-006164,2026-09-03,Northwest,West,Mid-Market,True,2136.55
OPP-006165,2026-09-03,Northwest,West,SMB,True,530.14
OPP-006166,2026-09-03,Northwest,West,SMB,False,0.0
OPP-006167,2026-09-03,Northwest,West,Mid-Market,False,0.0
OPP-006168,2026-09-03,Northwest,West,SMB,False,0.0
OPP-006169,2026-09-03,Northwest,West,Mid-Market,False,0.0
OPP-006170,2026-09-03,Northwest,West,SMB,False,0.0
OPP-006171,2026-09-03,Northwest,West,SMB,True,911.57
OPP-006172,2026-09-03,Northwest,West,Mid-Market,False,0.0
OPP-006173,2026-09-03,Northwest,West,SMB,False,0.0
OPP-006174,2026-09-03,Northwest,West,Enterprise,True,14014.3
OPP-006175,2026-09-03,Northwest,West,SMB,False,0.0
OPP-006176,2026-09-03,Northwest,West,SMB,False,0.0
OPP-006177,2026-09-03,Northwest,West,Mid-Market,False,0.0
OPP-006178,2026-09-03,Northwest,West,SMB,False,0.0
OPP-006179,2026-09-03,Northwest,West,Enterprise,False,0.0
OPP-006180,2026-09-03,Northwest,West,Mid-Market,False,0.0
OPP-006181,2026-09-03,Northwest,West,Mid-Market,False,0.0
OPP-006182,2026-09-03,Southwest,West,Mid-Market,False,0.0
OPP-006183,2026-09-03,Southwest,West,SMB,False,0.0
OPP-006184,2026-09-03,Southwest,West,Mid-Market,False,0.0
OPP-006185,2026-09-03,Southwest,West,SMB,False,0.0
OPP-006186,2026-09-03,Southwest,West,SMB,False,0.0
OPP-006187,2026-09-03,Southwest,West,SMB,False,0.0
OPP-006188,2026-09-03,Southwest,West,SMB,False,0.0
OPP-006189,2026-09-03,Southwest,West,SMB,True,1958.79
OPP-006190,2026-09-03,Southwest,West,Mid-Market,False,0.0
OPP-006191,2026-09-03,Southwest,West,SMB,False,0.0
OPP-006192,2026-09-03,Southwest,West,Mid-Market,True,2593.59
OPP-006193,2026-09-03,Southwest,West,SMB,True,1388.95
OPP-006194,2026-09-03,Southwest,West,SMB,False,0.0
OPP-006195,2026-09-03,Southwest,West,SMB,False,0.0
OPP-006196,2026-09-03,Southwest,West,Mid-Market,False,0.0
OPP-006197,2026-09-03,Southwest,West,SMB,False,0.0
OPP-006198,2026-09-03,Southwest,West,SMB,True,705.4
OPP-006199,2026-09-03,Southwest,West,Mid-Market,False,0.0
OPP-006200,2026-09-03,Southwest,West,Mid-Market,False,0.0
OPP-006201,2026-09-03,Southwest,West,SMB,False,0.0
OPP-006202,2026-09-03,Southwest,West,SMB,False,0.0
OPP-006203,2026-09-03,Southwest,West,Mid-Market,False,0.0
OPP-006204,2026-09-03,Southwest,West,SMB,False,0.0
OPP-006205,2026-09-03,Southwest,West,SMB,True,847.71
OPP-006206,2026-09-03,Southwest,West,SMB,False,0.0
OPP-006207,2026-09-03,Southwest,West,Mid-Market,False,0.0
OPP-006208,2026-09-03,Southwest,West,Mid-Market,False,0.0
OPP-006209,2026-09-03,Southwest,West,Mid-Market,False,0.0
OPP-006210,2026-09-03,Southwest,West,SMB,True,734.23
OPP-006211,2026-09-04,Northeast,East,SMB,True,587.48
OPP-006212,2026-09-04,Northeast,East,SMB,True,764.67
OPP-006213,2026-09-04,Northeast,East,Mid-Market,False,0.0
OPP-006214,2026-09-04,Northeast,East,SMB,False,0.0
OPP-006215,2026-09-04,Northeast,East,SMB,False,0.0
OPP-006216,2026-09-04,Northeast,East,SMB,True,366.79
OPP-006217,2026-09-04,Northeast,East,SMB,False,0.0
OPP-006218,2026-09-04,Northeast,East,SMB,False,0.0
OPP-006219,2026-09-04,Northeast,East,SMB,False,0.0
OPP-006220,2026-09-04,Northeast,East,SMB,False,0.0
OPP-006221,2026-09-04,Northeast,East,SMB,True,861.91
OPP-006222,2026-09-04,Northeast,East,SMB,False,0.0
OPP-006223,2026-09-04,Northeast,East,Mid-Market,False,0.0
OPP-006224,2026-09-04,Northeast,East,SMB,False,0.0
OPP-006225,2026-09-04,Northeast,East,SMB,False,0.0
OPP-006226,2026-09-04,Northeast,East,SMB,False,0.0
OPP-006227,2026-09-04,Southeast,East,Mid-Market,False,0.0
OPP-006228,2026-09-04,Southeast,East,SMB,True,2110.36
OPP-006229,2026-09-04,Southeast,East,Mid-Market,True,1731.63
OPP-006230,2026-09-04,Southeast,East,Enterprise,False,0.0
OPP-006231,2026-09-04,Southeast,East,Mid-Market,True,3328.09
OPP-006232,2026-09-04,Southeast,East,SMB,False,0.0
OPP-006233,2026-09-04,Southeast,East,SMB,False,0.0
OPP-006234,2026-09-04,Southeast,East,SMB,False,0.0
OPP-006235,2026-09-04,Southeast,East,SMB,False,0.0
OPP-006236,2026-09-04,Southeast,East,SMB,False,0.0
OPP-006237,2026-09-04,Southeast,East,SMB,True,762.12
OPP-006238,2026-09-04,Southeast,East,Mid-Market,False,0.0
OPP-006239,2026-09-04,Southeast,East,SMB,True,616.71
OPP-006240,2026-09-04,Southeast,East,Mid-Market,False,0.0
OPP-006241,2026-09-04,Southeast,East,Mid-Market,False,0.0
OPP-006242,2026-09-04,Southeast,East,SMB,False,0.0
OPP-006243,2026-09-04,Southeast,East,SMB,False,0.0
OPP-006244,2026-09-04,Southeast,East,SMB,True,888.12
OPP-006245,2026-09-04,Southeast,East,Enterprise,False,0.0
OPP-006246,2026-09-04,Southeast,East,SMB,False,0.0
OPP-006247,2026-09-04,Southeast,East,Mid-Market,False,0.0
OPP-006248,2026-09-04,Northwest,West,SMB,False,0.0
OPP-006249,2026-09-04,Northwest,West,SMB,False,0.0
OPP-006250,2026-09-04,Northwest,West,Mid-Market,False,0.0
OPP-006251,2026-09-04,Northwest,West,SMB,False,0.0
OPP-006252,2026-09-04,Northwest,West,Enterprise,False,0.0
OPP-006253,2026-09-04,Northwest,West,Enterprise,False,0.0
OPP-006254,2026-09-04,Northwest,West,SMB,False,0.0
OPP-006255,2026-09-04,Northwest,West,SMB,False,0.0
OPP-006256,2026-09-04,Northwest,West,Mid-Market,False,0.0
OPP-006257,2026-09-04,Northwest,West,SMB,True,1371.19
OPP-006258,2026-09-04,Northwest,West,Enterprise,False,0.0
OPP-006259,2026-09-04,Northwest,West,Mid-Market,False,0.0
OPP-006260,2026-09-04,Northwest,West,SMB,True,2345.66
OPP-006261,2026-09-04,Northwest,West,Mid-Market,False,0.0
OPP-006262,2026-09-04,Northwest,West,SMB,False,0.0
OPP-006263,2026-09-04,Northwest,West,SMB,False,0.0
OPP-006264,2026-09-04,Northwest,West,SMB,False,0.0
OPP-006265,2026-09-04,Northwest,West,Mid-Market,False,0.0
OPP-006266,2026-09-04,Southwest,West,SMB,False,0.0
OPP-006267,2026-09-04,Southwest,West,Mid-Market,False,0.0
OPP-006268,2026-09-04,Southwest,West,SMB,False,0.0
OPP-006269,2026-09-04,Southwest,West,SMB,False,0.0
OPP-006270,2026-09-04,Southwest,West,SMB,False,0.0
OPP-006271,2026-09-04,Southwest,West,SMB,True,441.78
OPP-006272,2026-09-04,Southwest,West,SMB,True,965.54
OPP-006273,2026-09-04,Southwest,West,Mid-Market,False,0.0
OPP-006274,2026-09-04,Southwest,West,SMB,False,0.0
OPP-006275,2026-09-04,Southwest,West,Mid-Market,False,0.0
OPP-006276,2026-09-04,Southwest,West,SMB,False,0.0
OPP-006277,2026-09-04,Southwest,West,SMB,False,0.0
OPP-006278,2026-09-05,Northeast,East,SMB,True,1270.02
OPP-006279,2026-09-05,Northeast,East,SMB,False,0.0
OPP-006280,2026-09-05,Northeast,East,Mid-Market,False,0.0
OPP-006281,2026-09-05,Northeast,East,Mid-Market,False,0.0
OPP-006282,2026-09-05,Northeast,East,SMB,True,1025.55
OPP-006283,2026-09-05,Northeast,East,SMB,True,828.56
OPP-006284,2026-09-05,Northeast,East,SMB,False,0.0
OPP-006285,2026-09-05,Northeast,East,Enterprise,False,0.0
OPP-006286,2026-09-05,Northeast,East,SMB,False,0.0
OPP-006287,2026-09-05,Northeast,East,Enterprise,False,0.0
OPP-006288,2026-09-05,Northeast,East,Mid-Market,True,1746.91
OPP-006289,2026-09-05,Northeast,East,SMB,False,0.0
OPP-006290,2026-09-05,Northeast,East,SMB,False,0.0
OPP-006291,2026-09-05,Northeast,East,SMB,True,391.14
OPP-006292,2026-09-05,Northeast,East,Mid-Market,True,4988.03
OPP-006293,2026-09-05,Northeast,East,Mid-Market,True,1176.7
OPP-006294,2026-09-05,Southeast,East,SMB,False,0.0
OPP-006295,2026-09-05,Southeast,East,SMB,True,301.89
OPP-006296,2026-09-05,Southeast,East,SMB,False,0.0
OPP-006297,2026-09-05,Southeast,East,Mid-Market,False,0.0
OPP-006298,2026-09-05,Southeast,East,SMB,False,0.0
OPP-006299,2026-09-05,Southeast,East,SMB,True,851.26
OPP-006300,2026-09-05,Southeast,East,Enterprise,True,5897.33
OPP-006301,2026-09-05,Southeast,East,Mid-Market,True,5395.15
OPP-006302,2026-09-05,Southeast,East,SMB,False,0.0
OPP-006303,2026-09-05,Southeast,East,SMB,False,0.0
OPP-006304,2026-09-05,Northwest,West,Mid-Market,False,0.0
OPP-006305,2026-09-05,Northwest,West,Mid-Market,False,0.0
OPP-006306,2026-09-05,Northwest,West,Mid-Market,False,0.0
OPP-006307,2026-09-05,Northwest,West,SMB,False,0.0
OPP-006308,2026-09-05,Northwest,West,SMB,False,0.0
OPP-006309,2026-09-05,Northwest,West,SMB,False,0.0
OPP-006310,2026-09-05,Northwest,West,SMB,True,723.58
OPP-006311,2026-09-05,Northwest,West,SMB,True,1286.39
OPP-006312,2026-09-05,Northwest,West,Enterprise,False,0.0
OPP-006313,2026-09-05,Northwest,West,SMB,False,0.0
OPP-006314,2026-09-05,Northwest,West,SMB,False,0.0
OPP-006315,2026-09-05,Northwest,West,SMB,False,0.0
OPP-006316,2026-09-05,Northwest,West,Mid-Market,False,0.0
OPP-006317,2026-09-05,Southwest,West,Mid-Market,False,0.0
OPP-006318,2026-09-05,Southwest,West,SMB,False,0.0
OPP-006319,2026-09-05,Southwest,West,Mid-Market,False,0.0
OPP-006320,2026-09-05,Southwest,West,SMB,False,0.0
OPP-006321,2026-09-05,Southwest,West,SMB,False,0.0
OPP-006322,2026-09-05,Southwest,West,Mid-Market,True,1587.79
OPP-006323,2026-09-05,Southwest,West,Enterprise,True,12643.83
OPP-006324,2026-09-05,Southwest,West,Mid-Market,False,0.0
OPP-006325,2026-09-05,Southwest,West,Mid-Market,True,2126.87
OPP-006326,2026-09-06,Northeast,East,Enterprise,False,0.0
OPP-006327,2026-09-06,Northeast,East,SMB,True,920.18
OPP-006328,2026-09-06,Northeast,East,Mid-Market,False,0.0
OPP-006329,2026-09-06,Northeast,East,Mid-Market,False,0.0
OPP-006330,2026-09-06,Northeast,East,SMB,False,0.0
OPP-006331,2026-09-06,Northeast,East,SMB,False,0.0
OPP-006332,2026-09-06,Northeast,East,SMB,False,0.0
OPP-006333,2026-09-06,Northeast,East,Enterprise,False,0.0
OPP-006334,2026-09-06,Northeast,East,SMB,True,532.37
OPP-006335,2026-09-06,Northeast,East,Mid-Market,True,3263.06
OPP-006336,2026-09-06,Southeast,East,Mid-Market,True,3754.51
OPP-006337,2026-09-06,Southeast,East,SMB,False,0.0
OPP-006338,2026-09-06,Southeast,East,Mid-Market,True,1086.49
OPP-006339,2026-09-06,Southeast,East,SMB,False,0.0
OPP-006340,2026-09-06,Southeast,East,Mid-Market,False,0.0
OPP-006341,2026-09-06,Southeast,East,SMB,False,0.0
OPP-006342,2026-09-06,Southeast,East,SMB,False,0.0
OPP-006343,2026-09-06,Southeast,East,SMB,False,0.0
OPP-006344,2026-09-06,Southeast,East,SMB,True,780.78
OPP-006345,2026-09-06,Northwest,West,Mid-Market,True,2731.61
OPP-006346,2026-09-06,Northwest,West,Mid-Market,True,2158.84
OPP-006347,2026-09-06,Northwest,West,SMB,False,0.0
OPP-006348,2026-09-06,Northwest,West,Mid-Market,False,0.0
OPP-006349,2026-09-06,Northwest,West,SMB,True,998.83
OPP-006350,2026-09-06,Northwest,West,SMB,False,0.0
OPP-006351,2026-09-06,Northwest,West,Mid-Market,False,0.0
OPP-006352,2026-09-06,Northwest,West,Mid-Market,False,0.0
OPP-006353,2026-09-06,Northwest,West,Mid-Market,False,0.0
OPP-006354,2026-09-06,Northwest,West,Mid-Market,False,0.0
OPP-006355,2026-09-06,Northwest,West,SMB,False,0.0
OPP-006356,2026-09-06,Southwest,West,Mid-Market,False,0.0
OPP-006357,2026-09-06,Southwest,West,SMB,False,0.0
OPP-006358,2026-09-06,Southwest,West,SMB,False,0.0
OPP-006359,2026-09-06,Southwest,West,SMB,False,0.0
OPP-006360,2026-09-06,Southwest,West,SMB,False,0.0
OPP-006361,2026-09-06,Southwest,West,SMB,False,0.0
OPP-006362,2026-09-06,Southwest,West,Mid-Market,False,0.0
OPP-006363,2026-09-06,Southwest,West,SMB,False,0.0
OPP-006364,2026-09-06,Southwest,West,Enterprise,True,20287.56
OPP-006365,2026-09-06,Southwest,West,Mid-Market,True,3332.15
OPP-006366,2026-09-06,Southwest,West,Enterprise,True,5521.35
OPP-006367,2026-09-07,Northeast,East,SMB,False,0.0
OPP-006368,2026-09-07,Northeast,East,SMB,False,0.0
OPP-006369,2026-09-07,Northeast,East,Mid-Market,False,0.0
OPP-006370,2026-09-07,Northeast,East,SMB,True,1001.34
OPP-006371,2026-09-07,Northeast,East,SMB,False,0.0
OPP-006372,2026-09-07,Northeast,East,Mid-Market,True,902.05
OPP-006373,2026-09-07,Northeast,East,SMB,False,0.0
OPP-006374,2026-09-07,Northeast,East,SMB,False,0.0
OPP-006375,2026-09-07,Northeast,East,SMB,False,0.0
OPP-006376,2026-09-07,Northeast,East,SMB,False,0.0
OPP-006377,2026-09-07,Northeast,East,SMB,False,0.0
OPP-006378,2026-09-07,Northeast,East,SMB,False,0.0
OPP-006379,2026-09-07,Northeast,East,Mid-Market,True,2751.65
OPP-006380,2026-09-07,Northeast,East,Mid-Market,False,0.0
OPP-006381,2026-09-07,Northeast,East,Mid-Market,True,1761.07
OPP-006382,2026-09-07,Northeast,East,Enterprise,False,0.0
OPP-006383,2026-09-07,Northeast,East,SMB,False,0.0
OPP-006384,2026-09-07,Northeast,East,Mid-Market,False,0.0
OPP-006385,2026-09-07,Southeast,East,Mid-Market,False,0.0
OPP-006386,2026-09-07,Southeast,East,Enterprise,False,0.0
OPP-006387,2026-09-07,Southeast,East,Enterprise,False,0.0
OPP-006388,2026-09-07,Southeast,East,SMB,True,966.74
OPP-006389,2026-09-07,Southeast,East,Mid-Market,True,1791.68
OPP-006390,2026-09-07,Southeast,East,Mid-Market,False,0.0
OPP-006391,2026-09-07,Southeast,East,Mid-Market,True,1479.48
OPP-006392,2026-09-07,Southeast,East,SMB,False,0.0
OPP-006393,2026-09-07,Southeast,East,SMB,False,0.0
OPP-006394,2026-09-07,Southeast,East,SMB,False,0.0
OPP-006395,2026-09-07,Southeast,East,SMB,False,0.0
OPP-006396,2026-09-07,Southeast,East,Mid-Market,False,0.0
OPP-006397,2026-09-07,Southeast,East,SMB,True,617.14
OPP-006398,2026-09-07,Southeast,East,SMB,True,1045.61
OPP-006399,2026-09-07,Southeast,East,SMB,False,0.0
OPP-006400,2026-09-07,Southeast,East,Mid-Market,False,0.0
OPP-006401,2026-09-07,Southeast,East,SMB,False,0.0
OPP-006402,2026-09-07,Southeast,East,SMB,False,0.0
OPP-006403,2026-09-07,Southeast,East,Mid-Market,False,0.0
OPP-006404,2026-09-07,Southeast,East,SMB,False,0.0
OPP-006405,2026-09-07,Southeast,East,Mid-Market,True,1264.02
OPP-006406,2026-09-07,Southeast,East,SMB,False,0.0
OPP-006407,2026-09-07,Southeast,East,Mid-Market,True,1667.13
OPP-006408,2026-09-07,Southeast,East,SMB,False,0.0
OPP-006409,2026-09-07,Northwest,West,SMB,False,0.0
OPP-006410,2026-09-07,Northwest,West,SMB,True,887.65
OPP-006411,2026-09-07,Northwest,West,SMB,False,0.0
OPP-006412,2026-09-07,Northwest,West,Mid-Market,False,0.0
OPP-006413,2026-09-07,Northwest,West,Mid-Market,True,2468.5
OPP-006414,2026-09-07,Northwest,West,SMB,False,0.0
OPP-006415,2026-09-07,Northwest,West,SMB,True,908.69
OPP-006416,2026-09-07,Northwest,West,Enterprise,False,0.0
OPP-006417,2026-09-07,Northwest,West,SMB,False,0.0
OPP-006418,2026-09-07,Southwest,West,Mid-Market,False,0.0
OPP-006419,2026-09-07,Southwest,West,SMB,False,0.0
OPP-006420,2026-09-07,Southwest,West,Mid-Market,False,0.0
OPP-006421,2026-09-07,Southwest,West,Mid-Market,False,0.0
OPP-006422,2026-09-07,Southwest,West,SMB,False,0.0
OPP-006423,2026-09-07,Southwest,West,Mid-Market,False,0.0
OPP-006424,2026-09-07,Southwest,West,SMB,False,0.0
OPP-006425,2026-09-07,Southwest,West,SMB,False,0.0
OPP-006426,2026-09-07,Southwest,West,SMB,True,957.55
OPP-006427,2026-09-07,Southwest,West,Mid-Market,False,0.0
OPP-006428,2026-09-07,Southwest,West,Mid-Market,False,0.0
OPP-006429,2026-09-07,Southwest,West,Enterprise,False,0.0
OPP-006430,2026-09-08,Northeast,East,Mid-Market,True,4706.65
OPP-006431,2026-09-08,Northeast,East,SMB,False,0.0
OPP-006432,2026-09-08,Northeast,East,SMB,False,0.0
OPP-006433,2026-09-08,Northeast,East,SMB,False,0.0
OPP-006434,2026-09-08,Northeast,East,SMB,False,0.0
OPP-006435,2026-09-08,Northeast,East,SMB,False,0.0
OPP-006436,2026-09-08,Northeast,East,Enterprise,True,4647.75
OPP-006437,2026-09-08,Northeast,East,Enterprise,False,0.0
OPP-006438,2026-09-08,Northeast,East,SMB,False,0.0
OPP-006439,2026-09-08,Northeast,East,Mid-Market,True,1743.82
OPP-006440,2026-09-08,Northeast,East,Mid-Market,False,0.0
OPP-006441,2026-09-08,Northeast,East,SMB,False,0.0
OPP-006442,2026-09-08,Northeast,East,SMB,True,1074.2
OPP-006443,2026-09-08,Northeast,East,Enterprise,True,10503.05
OPP-006444,2026-09-08,Northeast,East,Mid-Market,False,0.0
OPP-006445,2026-09-08,Southeast,East,SMB,False,0.0
OPP-006446,2026-09-08,Southeast,East,SMB,True,885.69
OPP-006447,2026-09-08,Southeast,East,Mid-Market,False,0.0
OPP-006448,2026-09-08,Southeast,East,Enterprise,True,6428.07
OPP-006449,2026-09-08,Southeast,East,Mid-Market,True,2210.08
OPP-006450,2026-09-08,Southeast,East,Mid-Market,False,0.0
OPP-006451,2026-09-08,Southeast,East,SMB,True,535.36
OPP-006452,2026-09-08,Southeast,East,SMB,False,0.0
OPP-006453,2026-09-08,Southeast,East,SMB,True,555.65
OPP-006454,2026-09-08,Southeast,East,SMB,False,0.0
OPP-006455,2026-09-08,Southeast,East,Mid-Market,False,0.0
OPP-006456,2026-09-08,Southeast,East,SMB,False,0.0
OPP-006457,2026-09-08,Southeast,East,Enterprise,True,7110.02
OPP-006458,2026-09-08,Southeast,East,SMB,True,1233.17
OPP-006459,2026-09-08,Southeast,East,SMB,True,1870.0
OPP-006460,2026-09-08,Southeast,East,SMB,False,0.0
OPP-006461,2026-09-08,Southeast,East,SMB,False,0.0
OPP-006462,2026-09-08,Southeast,East,SMB,False,0.0
OPP-006463,2026-09-08,Southeast,East,SMB,True,1274.34
OPP-006464,2026-09-08,Northwest,West,Mid-Market,True,899.87
OPP-006465,2026-09-08,Northwest,West,SMB,False,0.0
OPP-006466,2026-09-08,Northwest,West,SMB,False,0.0
OPP-006467,2026-09-08,Northwest,West,Mid-Market,True,5188.79
OPP-006468,2026-09-08,Northwest,West,SMB,False,0.0
OPP-006469,2026-09-08,Northwest,West,Mid-Market,False,0.0
OPP-006470,2026-09-08,Northwest,West,SMB,False,0.0
OPP-006471,2026-09-08,Northwest,West,SMB,False,0.0
OPP-006472,2026-09-08,Northwest,West,Mid-Market,False,0.0
OPP-006473,2026-09-08,Northwest,West,SMB,False,0.0
OPP-006474,2026-09-08,Northwest,West,Mid-Market,True,1472.3
OPP-006475,2026-09-08,Northwest,West,SMB,False,0.0
OPP-006476,2026-09-08,Northwest,West,Mid-Market,True,1892.18
OPP-006477,2026-09-08,Northwest,West,Mid-Market,True,2362.18
OPP-006478,2026-09-08,Northwest,West,SMB,True,1026.32
OPP-006479,2026-09-08,Northwest,West,SMB,False,0.0
OPP-006480,2026-09-08,Northwest,West,SMB,False,0.0
OPP-006481,2026-09-08,Northwest,West,Enterprise,False,0.0
OPP-006482,2026-09-08,Northwest,West,SMB,False,0.0
OPP-006483,2026-09-08,Northwest,West,SMB,False,0.0
OPP-006484,2026-09-08,Southwest,West,SMB,False,0.0
OPP-006485,2026-09-08,Southwest,West,SMB,False,0.0
OPP-006486,2026-09-08,Southwest,West,SMB,True,481.4
OPP-006487,2026-09-08,Southwest,West,SMB,False,0.0
OPP-006488,2026-09-08,Southwest,West,SMB,False,0.0
OPP-006489,2026-09-08,Southwest,West,SMB,False,0.0
OPP-006490,2026-09-08,Southwest,West,Mid-Market,False,0.0
OPP-006491,2026-09-08,Southwest,West,Mid-Market,True,600.31
OPP-006492,2026-09-08,Southwest,West,Enterprise,False,0.0
OPP-006493,2026-09-08,Southwest,West,SMB,False,0.0
OPP-006494,2026-09-08,Southwest,West,SMB,False,0.0
OPP-006495,2026-09-08,Southwest,West,Mid-Market,False,0.0
OPP-006496,2026-09-08,Southwest,West,Enterprise,True,8173.13
OPP-006497,2026-09-08,Southwest,West,Mid-Market,True,6656.44
OPP-006498,2026-09-08,Southwest,West,SMB,False,0.0
OPP-006499,2026-09-08,Southwest,West,Enterprise,False,0.0
OPP-006500,2026-09-08,Southwest,West,Mid-Market,False,0.0
OPP-006501,2026-09-08,Southwest,West,Enterprise,False,0.0
OPP-006502,2026-09-08,Southwest,West,SMB,True,327.1
OPP-006503,2026-09-08,Southwest,West,SMB,True,1417.95
OPP-006504,2026-09-08,Southwest,West,Mid-Market,False,0.0
OPP-006505,2026-09-08,Southwest,West,Mid-Market,True,2310.93
OPP-006506,2026-09-09,Northeast,East,Enterprise,True,9695.61
OPP-006507,2026-09-09,Northeast,East,SMB,False,0.0
OPP-006508,2026-09-09,Northeast,East,Enterprise,False,0.0
OPP-006509,2026-09-09,Northeast,East,Enterprise,True,13896.19
OPP-006510,2026-09-09,Northeast,East,SMB,False,0.0
OPP-006511,2026-09-09,Northeast,East,Enterprise,True,6046.6
OPP-006512,2026-09-09,Northeast,East,SMB,False,0.0
OPP-006513,2026-09-09,Northeast,East,Enterprise,True,8135.13
OPP-006514,2026-09-09,Northeast,East,SMB,True,559.92
OPP-006515,2026-09-09,Northeast,East,SMB,False,0.0
OPP-006516,2026-09-09,Northeast,East,SMB,False,0.0
OPP-006517,2026-09-09,Northeast,East,Enterprise,False,0.0
OPP-006518,2026-09-09,Northeast,East,SMB,False,0.0
OPP-006519,2026-09-09,Northeast,East,SMB,True,1581.0
OPP-006520,2026-09-09,Northeast,East,Mid-Market,True,1455.45
OPP-006521,2026-09-09,Northeast,East,SMB,False,0.0
OPP-006522,2026-09-09,Northeast,East,Enterprise,False,0.0
OPP-006523,2026-09-09,Northeast,East,SMB,False,0.0
OPP-006524,2026-09-09,Northeast,East,Mid-Market,False,0.0
OPP-006525,2026-09-09,Northeast,East,SMB,False,0.0
OPP-006526,2026-09-09,Northeast,East,Mid-Market,False,0.0
OPP-006527,2026-09-09,Northeast,East,SMB,True,1168.2
OPP-006528,2026-09-09,Northeast,East,Mid-Market,True,5921.87
OPP-006529,2026-09-09,Southeast,East,SMB,False,0.0
OPP-006530,2026-09-09,Southeast,East,Mid-Market,False,0.0
OPP-006531,2026-09-09,Southeast,East,SMB,False,0.0
OPP-006532,2026-09-09,Southeast,East,SMB,False,0.0
OPP-006533,2026-09-09,Southeast,East,SMB,False,0.0
OPP-006534,2026-09-09,Southeast,East,SMB,False,0.0
OPP-006535,2026-09-09,Southeast,East,Enterprise,False,0.0
OPP-006536,2026-09-09,Southeast,East,SMB,True,904.79
OPP-006537,2026-09-09,Southeast,East,SMB,False,0.0
OPP-006538,2026-09-09,Southeast,East,SMB,False,0.0
OPP-006539,2026-09-09,Southeast,East,SMB,False,0.0
OPP-006540,2026-09-09,Southeast,East,SMB,True,1004.17
OPP-006541,2026-09-09,Southeast,East,SMB,False,0.0
OPP-006542,2026-09-09,Southeast,East,SMB,False,0.0
OPP-006543,2026-09-09,Southeast,East,Mid-Market,True,2320.86
OPP-006544,2026-09-09,Southeast,East,Mid-Market,True,1318.51
OPP-006545,2026-09-09,Northwest,West,Mid-Market,False,0.0
OPP-006546,2026-09-09,Northwest,West,SMB,True,769.12
OPP-006547,2026-09-09,Northwest,West,SMB,False,0.0
OPP-006548,2026-09-09,Northwest,West,Mid-Market,False,0.0
OPP-006549,2026-09-09,Northwest,West,SMB,False,0.0
OPP-006550,2026-09-09,Northwest,West,Enterprise,False,0.0
OPP-006551,2026-09-09,Northwest,West,SMB,False,0.0
OPP-006552,2026-09-09,Northwest,West,Mid-Market,False,0.0
OPP-006553,2026-09-09,Northwest,West,SMB,False,0.0
OPP-006554,2026-09-09,Northwest,West,Mid-Market,True,2462.23
OPP-006555,2026-09-09,Northwest,West,SMB,False,0.0
OPP-006556,2026-09-09,Northwest,West,SMB,True,1687.0
OPP-006557,2026-09-09,Northwest,West,Mid-Market,False,0.0
OPP-006558,2026-09-09,Northwest,West,SMB,False,0.0
OPP-006559,2026-09-09,Southwest,West,Mid-Market,False,0.0
OPP-006560,2026-09-09,Southwest,West,Enterprise,False,0.0
OPP-006561,2026-09-09,Southwest,West,Mid-Market,True,1798.72
OPP-006562,2026-09-09,Southwest,West,SMB,False,0.0
OPP-006563,2026-09-09,Southwest,West,Mid-Market,False,0.0
OPP-006564,2026-09-09,Southwest,West,SMB,False,0.0
OPP-006565,2026-09-09,Southwest,West,SMB,True,1734.43
OPP-006566,2026-09-09,Southwest,West,SMB,False,0.0
OPP-006567,2026-09-09,Southwest,West,Mid-Market,False,0.0
OPP-006568,2026-09-09,Southwest,West,SMB,False,0.0
OPP-006569,2026-09-09,Southwest,West,SMB,False,0.0
OPP-006570,2026-09-09,Southwest,West,SMB,False,0.0
OPP-006571,2026-09-09,Southwest,West,Enterprise,False,0.0
OPP-006572,2026-09-10,Northeast,East,SMB,True,585.51
OPP-006573,2026-09-10,Northeast,East,SMB,False,0.0
OPP-006574,2026-09-10,Northeast,East,SMB,False,0.0
OPP-006575,2026-09-10,Northeast,East,Mid-Market,False,0.0
OPP-006576,2026-09-10,Northeast,East,SMB,False,0.0
OPP-006577,2026-09-10,Northeast,East,SMB,False,0.0
OPP-006578,2026-09-10,Northeast,East,SMB,False,0.0
OPP-006579,2026-09-10,Northeast,East,Enterprise,True,9264.12
OPP-006580,2026-09-10,Northeast,East,SMB,False,0.0
OPP-006581,2026-09-10,Northeast,East,SMB,True,950.45
OPP-006582,2026-09-10,Northeast,East,SMB,False,0.0
OPP-006583,2026-09-10,Northeast,East,Enterprise,False,0.0
OPP-006584,2026-09-10,Northeast,East,Enterprise,False,0.0
OPP-006585,2026-09-10,Northeast,East,Enterprise,False,0.0
OPP-006586,2026-09-10,Northeast,East,SMB,False,0.0
OPP-006587,2026-09-10,Northeast,East,Enterprise,True,6904.43
OPP-006588,2026-09-10,Southeast,East,SMB,True,2160.04
OPP-006589,2026-09-10,Southeast,East,Mid-Market,True,1198.21
OPP-006590,2026-09-10,Southeast,East,SMB,True,765.73
OPP-006591,2026-09-10,Southeast,East,SMB,False,0.0
OPP-006592,2026-09-10,Southeast,East,SMB,True,855.19
OPP-006593,2026-09-10,Southeast,East,SMB,False,0.0
OPP-006594,2026-09-10,Southeast,East,SMB,False,0.0
OPP-006595,2026-09-10,Southeast,East,Enterprise,False,0.0
OPP-006596,2026-09-10,Southeast,East,Mid-Market,False,0.0
OPP-006597,2026-09-10,Southeast,East,SMB,True,850.92
OPP-006598,2026-09-10,Southeast,East,SMB,True,858.36
OPP-006599,2026-09-10,Southeast,East,Mid-Market,True,1995.18
OPP-006600,2026-09-10,Southeast,East,SMB,True,983.97
OPP-006601,2026-09-10,Southeast,East,SMB,False,0.0
OPP-006602,2026-09-10,Southeast,East,SMB,True,2245.71
OPP-006603,2026-09-10,Southeast,East,SMB,False,0.0
OPP-006604,2026-09-10,Southeast,East,Mid-Market,False,0.0
OPP-006605,2026-09-10,Southeast,East,SMB,False,0.0
OPP-006606,2026-09-10,Southeast,East,SMB,True,1043.55
OPP-006607,2026-09-10,Southeast,East,Enterprise,True,6478.07
OPP-006608,2026-09-10,Southeast,East,SMB,False,0.0
OPP-006609,2026-09-10,Southeast,East,SMB,False,0.0
OPP-006610,2026-09-10,Southeast,East,SMB,False,0.0
OPP-006611,2026-09-10,Southeast,East,Mid-Market,False,0.0
OPP-006612,2026-09-10,Northwest,West,SMB,False,0.0
OPP-006613,2026-09-10,Northwest,West,Mid-Market,False,0.0
OPP-006614,2026-09-10,Northwest,West,SMB,True,450.57
OPP-006615,2026-09-10,Northwest,West,SMB,False,0.0
OPP-006616,2026-09-10,Northwest,West,SMB,False,0.0
OPP-006617,2026-09-10,Northwest,West,SMB,False,0.0
OPP-006618,2026-09-10,Northwest,West,SMB,True,946.47
OPP-006619,2026-09-10,Northwest,West,Mid-Market,True,1711.95
OPP-006620,2026-09-10,Northwest,West,Mid-Market,True,2372.46
OPP-006621,2026-09-10,Northwest,West,SMB,False,0.0
OPP-006622,2026-09-10,Northwest,West,SMB,False,0.0
OPP-006623,2026-09-10,Northwest,West,SMB,True,444.54
OPP-006624,2026-09-10,Northwest,West,Mid-Market,False,0.0
OPP-006625,2026-09-10,Northwest,West,SMB,False,0.0
OPP-006626,2026-09-10,Northwest,West,Mid-Market,True,3144.34
OPP-006627,2026-09-10,Northwest,West,Mid-Market,True,1841.62
OPP-006628,2026-09-10,Northwest,West,SMB,False,0.0
OPP-006629,2026-09-10,Northwest,West,SMB,False,0.0
OPP-006630,2026-09-10,Northwest,West,Mid-Market,True,3077.35
OPP-006631,2026-09-10,Northwest,West,SMB,False,0.0
OPP-006632,2026-09-10,Northwest,West,SMB,False,0.0
OPP-006633,2026-09-10,Southwest,West,SMB,True,1174.62
OPP-006634,2026-09-10,Southwest,West,SMB,False,0.0
OPP-006635,2026-09-10,Southwest,West,SMB,False,0.0
OPP-006636,2026-09-10,Southwest,West,SMB,False,0.0
OPP-006637,2026-09-10,Southwest,West,Mid-Market,True,4008.88
OPP-006638,2026-09-10,Southwest,West,SMB,False,0.0
OPP-006639,2026-09-10,Southwest,West,SMB,False,0.0
OPP-006640,2026-09-10,Southwest,West,SMB,False,0.0
OPP-006641,2026-09-10,Southwest,West,SMB,False,0.0
OPP-006642,2026-09-10,Southwest,West,SMB,False,0.0
OPP-006643,2026-09-10,Southwest,West,Enterprise,False,0.0
OPP-006644,2026-09-10,Southwest,West,SMB,False,0.0
OPP-006645,2026-09-10,Southwest,West,SMB,False,0.0
OPP-006646,2026-09-11,Northeast,East,SMB,False,0.0
OPP-006647,2026-09-11,Northeast,East,SMB,False,0.0
OPP-006648,2026-09-11,Northeast,East,SMB,True,918.48
OPP-006649,2026-09-11,Northeast,East,Enterprise,True,5058.58
OPP-006650,2026-09-11,Northeast,East,SMB,False,0.0
OPP-006651,2026-09-11,Northeast,East,Mid-Market,False,0.0
OPP-006652,2026-09-11,Northeast,East,SMB,False,0.0
OPP-006653,2026-09-11,Northeast,East,SMB,False,0.0
OPP-006654,2026-09-11,Northeast,East,SMB,False,0.0
OPP-006655,2026-09-11,Northeast,East,SMB,True,516.11
OPP-006656,2026-09-11,Northeast,East,SMB,True,846.02
OPP-006657,2026-09-11,Northeast,East,Mid-Market,False,0.0
OPP-006658,2026-09-11,Northeast,East,Mid-Market,False,0.0
OPP-006659,2026-09-11,Northeast,East,SMB,False,0.0
OPP-006660,2026-09-11,Northeast,East,SMB,False,0.0
OPP-006661,2026-09-11,Northeast,East,Mid-Market,False,0.0
OPP-006662,2026-09-11,Northeast,East,SMB,True,1345.35
OPP-006663,2026-09-11,Northeast,East,SMB,False,0.0
OPP-006664,2026-09-11,Northeast,East,SMB,False,0.0
OPP-006665,2026-09-11,Northeast,East,Mid-Market,False,0.0
OPP-006666,2026-09-11,Northeast,East,Mid-Market,True,4433.87
OPP-006667,2026-09-11,Northeast,East,SMB,False,0.0
OPP-006668,2026-09-11,Southeast,East,SMB,False,0.0
OPP-006669,2026-09-11,Southeast,East,SMB,False,0.0
OPP-006670,2026-09-11,Southeast,East,Mid-Market,False,0.0
OPP-006671,2026-09-11,Southeast,East,SMB,False,0.0
OPP-006672,2026-09-11,Southeast,East,SMB,False,0.0
OPP-006673,2026-09-11,Southeast,East,SMB,False,0.0
OPP-006674,2026-09-11,Southeast,East,Mid-Market,False,0.0
OPP-006675,2026-09-11,Southeast,East,SMB,False,0.0
OPP-006676,2026-09-11,Southeast,East,Mid-Market,False,0.0
OPP-006677,2026-09-11,Southeast,East,SMB,True,903.92
OPP-006678,2026-09-11,Southeast,East,Mid-Market,False,0.0
OPP-006679,2026-09-11,Southeast,East,SMB,True,766.16
OPP-006680,2026-09-11,Southeast,East,SMB,False,0.0
OPP-006681,2026-09-11,Southeast,East,SMB,False,0.0
OPP-006682,2026-09-11,Southeast,East,SMB,False,0.0
OPP-006683,2026-09-11,Southeast,East,Mid-Market,True,1782.47
OPP-006684,2026-09-11,Southeast,East,SMB,True,868.56
OPP-006685,2026-09-11,Southeast,East,SMB,False,0.0
OPP-006686,2026-09-11,Southeast,East,SMB,True,826.29
OPP-006687,2026-09-11,Northwest,West,SMB,False,0.0
OPP-006688,2026-09-11,Northwest,West,Mid-Market,False,0.0
OPP-006689,2026-09-11,Northwest,West,SMB,False,0.0
OPP-006690,2026-09-11,Northwest,West,SMB,False,0.0
OPP-006691,2026-09-11,Northwest,West,SMB,False,0.0
OPP-006692,2026-09-11,Northwest,West,SMB,False,0.0
OPP-006693,2026-09-11,Northwest,West,SMB,True,701.58
OPP-006694,2026-09-11,Northwest,West,SMB,False,0.0
OPP-006695,2026-09-11,Northwest,West,SMB,False,0.0
OPP-006696,2026-09-11,Northwest,West,SMB,False,0.0
OPP-006697,2026-09-11,Northwest,West,Enterprise,True,8636.7
OPP-006698,2026-09-11,Northwest,West,SMB,False,0.0
OPP-006699,2026-09-11,Northwest,West,Mid-Market,False,0.0
OPP-006700,2026-09-11,Northwest,West,SMB,True,995.75
OPP-006701,2026-09-11,Northwest,West,SMB,False,0.0
OPP-006702,2026-09-11,Northwest,West,SMB,True,728.2
OPP-006703,2026-09-11,Northwest,West,SMB,False,0.0
OPP-006704,2026-09-11,Northwest,West,SMB,False,0.0
OPP-006705,2026-09-11,Northwest,West,SMB,False,0.0
OPP-006706,2026-09-11,Northwest,West,SMB,True,439.82
OPP-006707,2026-09-11,Northwest,West,SMB,True,1080.91
OPP-006708,2026-09-11,Northwest,West,Mid-Market,True,1697.54
OPP-006709,2026-09-11,Northwest,West,SMB,True,826.3
OPP-006710,2026-09-11,Northwest,West,SMB,False,0.0
OPP-006711,2026-09-11,Southwest,West,Mid-Market,True,3269.59
OPP-006712,2026-09-11,Southwest,West,Mid-Market,False,0.0
OPP-006713,2026-09-11,Southwest,West,Mid-Market,False,0.0
OPP-006714,2026-09-11,Southwest,West,Mid-Market,False,0.0
OPP-006715,2026-09-11,Southwest,West,Mid-Market,False,0.0
OPP-006716,2026-09-11,Southwest,West,Enterprise,True,15449.38
OPP-006717,2026-09-11,Southwest,West,SMB,True,1341.51
OPP-006718,2026-09-11,Southwest,West,Mid-Market,False,0.0
OPP-006719,2026-09-11,Southwest,West,SMB,False,0.0
OPP-006720,2026-09-11,Southwest,West,SMB,False,0.0
OPP-006721,2026-09-11,Southwest,West,SMB,True,612.44
OPP-006722,2026-09-11,Southwest,West,Mid-Market,False,0.0
OPP-006723,2026-09-11,Southwest,West,Mid-Market,True,1562.22
OPP-006724,2026-09-11,Southwest,West,SMB,False,0.0
OPP-006725,2026-09-12,Northeast,East,SMB,False,0.0
OPP-006726,2026-09-12,Northeast,East,SMB,True,1334.79
OPP-006727,2026-09-12,Northeast,East,Mid-Market,True,1044.68
OPP-006728,2026-09-12,Northeast,East,SMB,True,589.13
OPP-006729,2026-09-12,Northeast,East,Mid-Market,False,0.0
OPP-006730,2026-09-12,Northeast,East,SMB,False,0.0
OPP-006731,2026-09-12,Northeast,East,SMB,False,0.0
OPP-006732,2026-09-12,Northeast,East,SMB,False,0.0
OPP-006733,2026-09-12,Northeast,East,SMB,False,0.0
OPP-006734,2026-09-12,Northeast,East,SMB,False,0.0
OPP-006735,2026-09-12,Northeast,East,SMB,False,0.0
OPP-006736,2026-09-12,Northeast,East,Mid-Market,False,0.0
OPP-006737,2026-09-12,Southeast,East,SMB,False,0.0
OPP-006738,2026-09-12,Southeast,East,SMB,False,0.0
OPP-006739,2026-09-12,Southeast,East,SMB,True,1442.68
OPP-006740,2026-09-12,Southeast,East,SMB,False,0.0
OPP-006741,2026-09-12,Southeast,East,SMB,False,0.0
OPP-006742,2026-09-12,Southeast,East,Mid-Market,False,0.0
OPP-006743,2026-09-12,Southeast,East,Mid-Market,False,0.0
OPP-006744,2026-09-12,Southeast,East,SMB,False,0.0
OPP-006745,2026-09-12,Southeast,East,Mid-Market,True,2371.99
OPP-006746,2026-09-12,Southeast,East,SMB,False,0.0
OPP-006747,2026-09-12,Southeast,East,Mid-Market,False,0.0
OPP-006748,2026-09-12,Northwest,West,SMB,False,0.0
OPP-006749,2026-09-12,Northwest,West,Mid-Market,False,0.0
OPP-006750,2026-09-12,Northwest,West,SMB,False,0.0
OPP-006751,2026-09-12,Northwest,West,SMB,True,1540.41
OPP-006752,2026-09-12,Northwest,West,Mid-Market,True,3121.98
OPP-006753,2026-09-12,Northwest,West,Mid-Market,False,0.0
OPP-006754,2026-09-12,Northwest,West,Enterprise,True,16303.02
OPP-006755,2026-09-12,Northwest,West,SMB,False,0.0
OPP-006756,2026-09-12,Northwest,West,Mid-Market,True,3167.85
OPP-006757,2026-09-12,Northwest,West,Enterprise,False,0.0
OPP-006758,2026-09-12,Northwest,West,Mid-Market,True,4328.08
OPP-006759,2026-09-12,Northwest,West,SMB,False,0.0
OPP-006760,2026-09-12,Northwest,West,SMB,False,0.0
OPP-006761,2026-09-12,Northwest,West,SMB,False,0.0
OPP-006762,2026-09-12,Northwest,West,Enterprise,False,0.0
OPP-006763,2026-09-12,Northwest,West,SMB,False,0.0
OPP-006764,2026-09-12,Northwest,West,SMB,False,0.0
OPP-006765,2026-09-12,Southwest,West,SMB,False,0.0
OPP-006766,2026-09-12,Southwest,West,SMB,False,0.0
OPP-006767,2026-09-12,Southwest,West,Mid-Market,True,2646.85
OPP-006768,2026-09-12,Southwest,West,SMB,False,0.0
OPP-006769,2026-09-12,Southwest,West,SMB,True,696.96
OPP-006770,2026-09-12,Southwest,West,SMB,False,0.0
OPP-006771,2026-09-12,Southwest,West,Enterprise,False,0.0
OPP-006772,2026-09-13,Northeast,East,Mid-Market,True,2734.69
OPP-006773,2026-09-13,Northeast,East,SMB,False,0.0
OPP-006774,2026-09-13,Northeast,East,SMB,True,1189.86
OPP-006775,2026-09-13,Northeast,East,SMB,False,0.0
OPP-006776,2026-09-13,Northeast,East,SMB,False,0.0
OPP-006777,2026-09-13,Northeast,East,SMB,True,700.61
OPP-006778,2026-09-13,Northeast,East,SMB,False,0.0
OPP-006779,2026-09-13,Northeast,East,SMB,False,0.0
OPP-006780,2026-09-13,Northeast,East,SMB,False,0.0
OPP-006781,2026-09-13,Southeast,East,SMB,False,0.0
OPP-006782,2026-09-13,Southeast,East,Mid-Market,True,3432.39
OPP-006783,2026-09-13,Southeast,East,SMB,False,0.0
OPP-006784,2026-09-13,Southeast,East,SMB,False,0.0
OPP-006785,2026-09-13,Southeast,East,SMB,False,0.0
OPP-006786,2026-09-13,Southeast,East,SMB,False,0.0
OPP-006787,2026-09-13,Southeast,East,Mid-Market,False,0.0
OPP-006788,2026-09-13,Southeast,East,SMB,False,0.0
OPP-006789,2026-09-13,Southeast,East,Mid-Market,False,0.0
OPP-006790,2026-09-13,Southeast,East,Mid-Market,False,0.0
OPP-006791,2026-09-13,Southeast,East,SMB,True,460.01
OPP-006792,2026-09-13,Southeast,East,SMB,False,0.0
OPP-006793,2026-09-13,Northwest,West,Mid-Market,False,0.0
OPP-006794,2026-09-13,Northwest,West,SMB,True,847.66
OPP-006795,2026-09-13,Northwest,West,Mid-Market,False,0.0
OPP-006796,2026-09-13,Northwest,West,SMB,True,817.65
OPP-006797,2026-09-13,Northwest,West,Mid-Market,False,0.0
OPP-006798,2026-09-13,Northwest,West,SMB,True,544.61
OPP-006799,2026-09-13,Northwest,West,SMB,False,0.0
OPP-006800,2026-09-13,Northwest,West,Mid-Market,False,0.0
OPP-006801,2026-09-13,Northwest,West,Mid-Market,False,0.0
OPP-006802,2026-09-13,Southwest,West,SMB,True,1034.93
OPP-006803,2026-09-13,Southwest,West,Mid-Market,False,0.0
OPP-006804,2026-09-13,Southwest,West,SMB,False,0.0
OPP-006805,2026-09-13,Southwest,West,SMB,False,0.0
OPP-006806,2026-09-13,Southwest,West,Mid-Market,False,0.0
OPP-006807,2026-09-13,Southwest,West,Mid-Market,True,2716.92
OPP-006808,2026-09-13,Southwest,West,SMB,False,0.0
OPP-006809,2026-09-13,Southwest,West,Enterprise,False,0.0
OPP-006810,2026-09-13,Southwest,West,SMB,False,0.0
OPP-006811,2026-09-14,Northeast,East,Enterprise,False,0.0
OPP-006812,2026-09-14,Northeast,East,SMB,False,0.0
OPP-006813,2026-09-14,Northeast,East,SMB,False,0.0
OPP-006814,2026-09-14,Northeast,East,SMB,True,766.74
OPP-006815,2026-09-14,Northeast,East,SMB,True,697.61
OPP-006816,2026-09-14,Northeast,East,SMB,False,0.0
OPP-006817,2026-09-14,Northeast,East,SMB,True,513.67
OPP-006818,2026-09-14,Northeast,East,Mid-Market,False,0.0
OPP-006819,2026-09-14,Northeast,East,SMB,False,0.0
OPP-006820,2026-09-14,Northeast,East,SMB,True,677.99
OPP-006821,2026-09-14,Northeast,East,SMB,True,619.64
OPP-006822,2026-09-14,Northeast,East,SMB,False,0.0
OPP-006823,2026-09-14,Northeast,East,SMB,False,0.0
OPP-006824,2026-09-14,Northeast,East,SMB,False,0.0
OPP-006825,2026-09-14,Southeast,East,SMB,False,0.0
OPP-006826,2026-09-14,Southeast,East,Mid-Market,False,0.0
OPP-006827,2026-09-14,Southeast,East,Enterprise,False,0.0
OPP-006828,2026-09-14,Southeast,East,Mid-Market,False,0.0
OPP-006829,2026-09-14,Southeast,East,Enterprise,False,0.0
OPP-006830,2026-09-14,Southeast,East,SMB,False,0.0
OPP-006831,2026-09-14,Southeast,East,SMB,False,0.0
OPP-006832,2026-09-14,Southeast,East,SMB,False,0.0
OPP-006833,2026-09-14,Southeast,East,Enterprise,True,11118.5
OPP-006834,2026-09-14,Southeast,East,Enterprise,False,0.0
OPP-006835,2026-09-14,Southeast,East,SMB,False,0.0
OPP-006836,2026-09-14,Southeast,East,Mid-Market,False,0.0
OPP-006837,2026-09-14,Southeast,East,SMB,False,0.0
OPP-006838,2026-09-14,Southeast,East,SMB,False,0.0
OPP-006839,2026-09-14,Southeast,East,SMB,False,0.0
OPP-006840,2026-09-14,Southeast,East,SMB,False,0.0
OPP-006841,2026-09-14,Southeast,East,SMB,False,0.0
OPP-006842,2026-09-14,Southeast,East,SMB,False,0.0
OPP-006843,2026-09-14,Southeast,East,SMB,True,2517.75
OPP-006844,2026-09-14,Southeast,East,Mid-Market,False,0.0
OPP-006845,2026-09-14,Southeast,East,SMB,False,0.0
OPP-006846,2026-09-14,Southeast,East,Mid-Market,True,2062.46
OPP-006847,2026-09-14,Southeast,East,SMB,False,0.0
OPP-006848,2026-09-14,Southeast,East,Enterprise,False,0.0
OPP-006849,2026-09-14,Southeast,East,Mid-Market,True,1614.09
OPP-006850,2026-09-14,Southeast,East,SMB,False,0.0
OPP-006851,2026-09-14,Southeast,East,Enterprise,False,0.0
OPP-006852,2026-09-14,Southeast,East,Enterprise,False,0.0
OPP-006853,2026-09-14,Southeast,East,Mid-Market,False,0.0
OPP-006854,2026-09-14,Southeast,East,SMB,False,0.0
OPP-006855,2026-09-14,Northwest,West,Mid-Market,False,0.0
OPP-006856,2026-09-14,Northwest,West,Mid-Market,False,0.0
OPP-006857,2026-09-14,Northwest,West,Mid-Market,False,0.0
OPP-006858,2026-09-14,Northwest,West,Enterprise,False,0.0
OPP-006859,2026-09-14,Northwest,West,SMB,False,0.0
OPP-006860,2026-09-14,Northwest,West,SMB,False,0.0
OPP-006861,2026-09-14,Northwest,West,Mid-Market,False,0.0
OPP-006862,2026-09-14,Northwest,West,SMB,False,0.0
OPP-006863,2026-09-14,Northwest,West,SMB,True,467.27
OPP-006864,2026-09-14,Northwest,West,SMB,False,0.0
OPP-006865,2026-09-14,Northwest,West,Mid-Market,True,3366.82
OPP-006866,2026-09-14,Northwest,West,SMB,True,777.31
OPP-006867,2026-09-14,Northwest,West,Mid-Market,False,0.0
OPP-006868,2026-09-14,Northwest,West,SMB,False,0.0
OPP-006869,2026-09-14,Northwest,West,Enterprise,False,0.0
OPP-006870,2026-09-14,Southwest,West,Enterprise,False,0.0
OPP-006871,2026-09-14,Southwest,West,SMB,False,0.0
OPP-006872,2026-09-14,Southwest,West,Mid-Market,True,7244.25
OPP-006873,2026-09-14,Southwest,West,SMB,False,0.0
OPP-006874,2026-09-14,Southwest,West,SMB,True,594.91
OPP-006875,2026-09-14,Southwest,West,Mid-Market,False,0.0
OPP-006876,2026-09-14,Southwest,West,Mid-Market,False,0.0
OPP-006877,2026-09-14,Southwest,West,SMB,False,0.0
OPP-006878,2026-09-14,Southwest,West,Mid-Market,False,0.0
OPP-006879,2026-09-14,Southwest,West,SMB,False,0.0
OPP-006880,2026-09-14,Southwest,West,SMB,True,1098.71
OPP-006881,2026-09-14,Southwest,West,Enterprise,False,0.0
OPP-006882,2026-09-14,Southwest,West,Enterprise,False,0.0
OPP-006883,2026-09-14,Southwest,West,SMB,False,0.0
OPP-006884,2026-09-14,Southwest,West,Mid-Market,False,0.0
OPP-006885,2026-09-14,Southwest,West,SMB,False,0.0
OPP-006886,2026-09-15,Northeast,East,SMB,False,0.0
OPP-006887,2026-09-15,Northeast,East,SMB,True,1342.64
OPP-006888,2026-09-15,Northeast,East,Enterprise,True,6073.45
OPP-006889,2026-09-15,Northeast,East,SMB,True,1272.23
OPP-006890,2026-09-15,Northeast,East,Mid-Market,False,0.0
OPP-006891,2026-09-15,Northeast,East,Mid-Market,False,0.0
OPP-006892,2026-09-15,Northeast,East,Mid-Market,True,2212.81
OPP-006893,2026-09-15,Northeast,East,Mid-Market,False,0.0
OPP-006894,2026-09-15,Northeast,East,SMB,True,543.55
OPP-006895,2026-09-15,Northeast,East,Mid-Market,True,3126.62
OPP-006896,2026-09-15,Northeast,East,SMB,False,0.0
OPP-006897,2026-09-15,Northeast,East,Mid-Market,False,0.0
OPP-006898,2026-09-15,Northeast,East,SMB,False,0.0
OPP-006899,2026-09-15,Northeast,East,Enterprise,True,7993.75
OPP-006900,2026-09-15,Northeast,East,Enterprise,False,0.0
OPP-006901,2026-09-15,Northeast,East,Enterprise,False,0.0
OPP-006902,2026-09-15,Northeast,East,SMB,True,964.56
OPP-006903,2026-09-15,Northeast,East,SMB,False,0.0
OPP-006904,2026-09-15,Northeast,East,Mid-Market,False,0.0
OPP-006905,2026-09-15,Southeast,East,SMB,False,0.0
OPP-006906,2026-09-15,Southeast,East,SMB,True,688.58
OPP-006907,2026-09-15,Southeast,East,SMB,False,0.0
OPP-006908,2026-09-15,Southeast,East,SMB,False,0.0
OPP-006909,2026-09-15,Southeast,East,SMB,False,0.0
OPP-006910,2026-09-15,Southeast,East,SMB,False,0.0
OPP-006911,2026-09-15,Southeast,East,SMB,False,0.0
OPP-006912,2026-09-15,Southeast,East,Mid-Market,False,0.0
OPP-006913,2026-09-15,Southeast,East,Mid-Market,False,0.0
OPP-006914,2026-09-15,Southeast,East,SMB,False,0.0
OPP-006915,2026-09-15,Southeast,East,SMB,True,879.26
OPP-006916,2026-09-15,Southeast,East,Mid-Market,False,0.0
OPP-006917,2026-09-15,Southeast,East,SMB,False,0.0
OPP-006918,2026-09-15,Southeast,East,SMB,False,0.0
OPP-006919,2026-09-15,Southeast,East,SMB,False,0.0
OPP-006920,2026-09-15,Southeast,East,SMB,False,0.0
OPP-006921,2026-09-15,Northwest,West,SMB,True,1524.71
OPP-006922,2026-09-15,Northwest,West,SMB,True,1191.32
OPP-006923,2026-09-15,Northwest,West,SMB,False,0.0
OPP-006924,2026-09-15,Northwest,West,SMB,False,0.0
OPP-006925,2026-09-15,Northwest,West,SMB,False,0.0
OPP-006926,2026-09-15,Northwest,West,SMB,False,0.0
OPP-006927,2026-09-15,Northwest,West,Mid-Market,False,0.0
OPP-006928,2026-09-15,Northwest,West,Mid-Market,False,0.0
OPP-006929,2026-09-15,Northwest,West,SMB,False,0.0
OPP-006930,2026-09-15,Northwest,West,SMB,True,2091.82
OPP-006931,2026-09-15,Northwest,West,Mid-Market,False,0.0
OPP-006932,2026-09-15,Northwest,West,Enterprise,False,0.0
OPP-006933,2026-09-15,Northwest,West,Mid-Market,False,0.0
OPP-006934,2026-09-15,Northwest,West,Enterprise,False,0.0
OPP-006935,2026-09-15,Northwest,West,SMB,False,0.0
OPP-006936,2026-09-15,Northwest,West,Enterprise,True,4400.84
OPP-006937,2026-09-15,Northwest,West,Mid-Market,False,0.0
OPP-006938,2026-09-15,Northwest,West,Mid-Market,False,0.0
OPP-006939,2026-09-15,Northwest,West,Enterprise,False,0.0
OPP-006940,2026-09-15,Southwest,West,SMB,True,1376.71
OPP-006941,2026-09-15,Southwest,West,SMB,False,0.0
OPP-006942,2026-09-15,Southwest,West,SMB,False,0.0
OPP-006943,2026-09-15,Southwest,West,Mid-Market,False,0.0
OPP-006944,2026-09-15,Southwest,West,SMB,True,1168.96
OPP-006945,2026-09-15,Southwest,West,Mid-Market,False,0.0
OPP-006946,2026-09-15,Southwest,West,SMB,False,0.0
OPP-006947,2026-09-15,Southwest,West,SMB,True,747.21
OPP-006948,2026-09-15,Southwest,West,SMB,False,0.0
OPP-006949,2026-09-15,Southwest,West,Mid-Market,True,1511.94
OPP-006950,2026-09-15,Southwest,West,SMB,False,0.0
OPP-006951,2026-09-15,Southwest,West,SMB,False,0.0
OPP-006952,2026-09-15,Southwest,West,SMB,True,520.37
OPP-006953,2026-09-15,Southwest,West,SMB,False,0.0
OPP-006954,2026-09-15,Southwest,West,SMB,True,780.19
OPP-006955,2026-09-15,Southwest,West,SMB,True,873.76
OPP-006956,2026-09-16,Northeast,East,SMB,True,1884.38
OPP-006957,2026-09-16,Northeast,East,Mid-Market,False,0.0
OPP-006958,2026-09-16,Northeast,East,Mid-Market,True,1105.14
OPP-006959,2026-09-16,Northeast,East,SMB,False,0.0
OPP-006960,2026-09-16,Northeast,East,SMB,False,0.0
OPP-006961,2026-09-16,Northeast,East,SMB,False,0.0
OPP-006962,2026-09-16,Northeast,East,Mid-Market,False,0.0
OPP-006963,2026-09-16,Northeast,East,Mid-Market,False,0.0
OPP-006964,2026-09-16,Northeast,East,Mid-Market,False,0.0
OPP-006965,2026-09-16,Northeast,East,SMB,False,0.0
OPP-006966,2026-09-16,Northeast,East,SMB,True,629.18
OPP-006967,2026-09-16,Northeast,East,SMB,False,0.0
OPP-006968,2026-09-16,Northeast,East,Mid-Market,True,2061.24
OPP-006969,2026-09-16,Northeast,East,Enterprise,False,0.0
OPP-006970,2026-09-16,Northeast,East,SMB,True,1227.4
OPP-006971,2026-09-16,Northeast,East,SMB,False,0.0
OPP-006972,2026-09-16,Northeast,East,SMB,False,0.0
OPP-006973,2026-09-16,Northeast,East,SMB,False,0.0
OPP-006974,2026-09-16,Northeast,East,Mid-Market,False,0.0
OPP-006975,2026-09-16,Northeast,East,Mid-Market,False,0.0
OPP-006976,2026-09-16,Northeast,East,SMB,False,0.0
OPP-006977,2026-09-16,Northeast,East,Mid-Market,False,0.0
OPP-006978,2026-09-16,Northeast,East,SMB,False,0.0
OPP-006979,2026-09-16,Northeast,East,Mid-Market,True,1783.58
OPP-006980,2026-09-16,Southeast,East,SMB,False,0.0
OPP-006981,2026-09-16,Southeast,East,SMB,False,0.0
OPP-006982,2026-09-16,Southeast,East,SMB,False,0.0
OPP-006983,2026-09-16,Southeast,East,Enterprise,False,0.0
OPP-006984,2026-09-16,Southeast,East,Mid-Market,False,0.0
OPP-006985,2026-09-16,Southeast,East,SMB,False,0.0
OPP-006986,2026-09-16,Southeast,East,SMB,False,0.0
OPP-006987,2026-09-16,Southeast,East,SMB,False,0.0
OPP-006988,2026-09-16,Southeast,East,Enterprise,False,0.0
OPP-006989,2026-09-16,Southeast,East,Enterprise,False,0.0
OPP-006990,2026-09-16,Southeast,East,SMB,False,0.0
OPP-006991,2026-09-16,Southeast,East,Mid-Market,False,0.0
OPP-006992,2026-09-16,Southeast,East,Mid-Market,True,2566.29
OPP-006993,2026-09-16,Southeast,East,SMB,True,1582.23
OPP-006994,2026-09-16,Southeast,East,SMB,False,0.0
OPP-006995,2026-09-16,Southeast,East,SMB,False,0.0
OPP-006996,2026-09-16,Northwest,West,SMB,False,0.0
OPP-006997,2026-09-16,Northwest,West,SMB,True,1313.32
OPP-006998,2026-09-16,Northwest,West,Enterprise,True,4458.73
OPP-006999,2026-09-16,Northwest,West,Mid-Market,True,2021.35
OPP-007000,2026-09-16,Northwest,West,SMB,False,0.0
OPP-007001,2026-09-16,Northwest,West,Mid-Market,False,0.0
OPP-007002,2026-09-16,Northwest,West,SMB,False,0.0
OPP-007003,2026-09-16,Northwest,West,SMB,False,0.0
OPP-007004,2026-09-16,Northwest,West,Mid-Market,True,5211.07
OPP-007005,2026-09-16,Northwest,West,SMB,False,0.0
OPP-007006,2026-09-16,Northwest,West,SMB,False,0.0
OPP-007007,2026-09-16,Northwest,West,Mid-Market,False,0.0
OPP-007008,2026-09-16,Northwest,West,SMB,False,0.0
OPP-007009,2026-09-16,Northwest,West,SMB,False,0.0
OPP-007010,2026-09-16,Southwest,West,Mid-Market,False,0.0
OPP-007011,2026-09-16,Southwest,West,SMB,False,0.0
OPP-007012,2026-09-16,Southwest,West,SMB,False,0.0
OPP-007013,2026-09-16,Southwest,West,SMB,False,0.0
OPP-007014,2026-09-16,Southwest,West,SMB,False,0.0
OPP-007015,2026-09-16,Southwest,West,SMB,True,381.44
OPP-007016,2026-09-16,Southwest,West,SMB,True,1864.66
OPP-007017,2026-09-16,Southwest,West,SMB,False,0.0
OPP-007018,2026-09-16,Southwest,West,SMB,False,0.0
OPP-007019,2026-09-16,Southwest,West,Enterprise,False,0.0
OPP-007020,2026-09-16,Southwest,West,SMB,False,0.0
OPP-007021,2026-09-16,Southwest,West,Mid-Market,False,0.0
OPP-007022,2026-09-16,Southwest,West,Enterprise,False,0.0
OPP-007023,2026-09-16,Southwest,West,SMB,False,0.0
OPP-007024,2026-09-16,Southwest,West,Mid-Market,False,0.0
OPP-007025,2026-09-16,Southwest,West,Enterprise,False,0.0
OPP-007026,2026-09-16,Southwest,West,SMB,False,0.0
OPP-007027,2026-09-16,Southwest,West,SMB,True,527.6
OPP-007028,2026-09-16,Southwest,West,SMB,False,0.0
OPP-007029,2026-09-17,Northeast,East,Mid-Market,False,0.0
OPP-007030,2026-09-17,Northeast,East,SMB,True,1164.83
OPP-007031,2026-09-17,Northeast,East,SMB,False,0.0
OPP-007032,2026-09-17,Northeast,East,SMB,False,0.0
OPP-007033,2026-09-17,Northeast,East,Enterprise,False,0.0
OPP-007034,2026-09-17,Northeast,East,Mid-Market,False,0.0
OPP-007035,2026-09-17,Northeast,East,SMB,False,0.0
OPP-007036,2026-09-17,Northeast,East,SMB,True,2172.99
OPP-007037,2026-09-17,Northeast,East,SMB,False,0.0
OPP-007038,2026-09-17,Northeast,East,Mid-Market,True,3009.69
OPP-007039,2026-09-17,Northeast,East,Enterprise,False,0.0
OPP-007040,2026-09-17,Northeast,East,SMB,True,850.02
OPP-007041,2026-09-17,Northeast,East,Mid-Market,True,2108.32
OPP-007042,2026-09-17,Northeast,East,Enterprise,True,5271.52
OPP-007043,2026-09-17,Northeast,East,SMB,False,0.0
OPP-007044,2026-09-17,Northeast,East,SMB,False,0.0
OPP-007045,2026-09-17,Northeast,East,Enterprise,False,0.0
OPP-007046,2026-09-17,Northeast,East,SMB,False,0.0
OPP-007047,2026-09-17,Northeast,East,SMB,False,0.0
OPP-007048,2026-09-17,Northeast,East,SMB,False,0.0
OPP-007049,2026-09-17,Northeast,East,SMB,False,0.0
OPP-007050,2026-09-17,Northeast,East,Enterprise,True,13425.81
OPP-007051,2026-09-17,Northeast,East,Enterprise,True,3744.39
OPP-007052,2026-09-17,Northeast,East,SMB,True,1295.0
OPP-007053,2026-09-17,Northeast,East,SMB,True,1192.92
OPP-007054,2026-09-17,Northeast,East,SMB,False,0.0
OPP-007055,2026-09-17,Northeast,East,Enterprise,True,7748.79
OPP-007056,2026-09-17,Southeast,East,Mid-Market,False,0.0
OPP-007057,2026-09-17,Southeast,East,SMB,False,0.0
OPP-007058,2026-09-17,Southeast,East,SMB,False,0.0
OPP-007059,2026-09-17,Southeast,East,Mid-Market,False,0.0
OPP-007060,2026-09-17,Southeast,East,SMB,False,0.0
OPP-007061,2026-09-17,Southeast,East,Mid-Market,True,2292.75
OPP-007062,2026-09-17,Southeast,East,Mid-Market,False,0.0
OPP-007063,2026-09-17,Southeast,East,SMB,False,0.0
OPP-007064,2026-09-17,Southeast,East,SMB,False,0.0
OPP-007065,2026-09-17,Southeast,East,SMB,False,0.0
OPP-007066,2026-09-17,Southeast,East,SMB,False,0.0
OPP-007067,2026-09-17,Southeast,East,SMB,False,0.0
OPP-007068,2026-09-17,Southeast,East,Mid-Market,False,0.0
OPP-007069,2026-09-17,Southeast,East,SMB,False,0.0
OPP-007070,2026-09-17,Southeast,East,SMB,False,0.0
OPP-007071,2026-09-17,Southeast,East,SMB,False,0.0
OPP-007072,2026-09-17,Southeast,East,Mid-Market,False,0.0
OPP-007073,2026-09-17,Southeast,East,Enterprise,True,7805.69
OPP-007074,2026-09-17,Southeast,East,SMB,False,0.0
OPP-007075,2026-09-17,Southeast,East,Enterprise,False,0.0
OPP-007076,2026-09-17,Southeast,East,SMB,False,0.0
OPP-007077,2026-09-17,Southeast,East,Mid-Market,False,0.0
OPP-007078,2026-09-17,Southeast,East,Mid-Market,True,2883.71
OPP-007079,2026-09-17,Southeast,East,SMB,False,0.0
OPP-007080,2026-09-17,Southeast,East,Enterprise,False,0.0
OPP-007081,2026-09-17,Southeast,East,SMB,False,0.0
OPP-007082,2026-09-17,Northwest,West,Enterprise,False,0.0
OPP-007083,2026-09-17,Northwest,West,SMB,False,0.0
OPP-007084,2026-09-17,Northwest,West,SMB,False,0.0
OPP-007085,2026-09-17,Northwest,West,SMB,False,0.0
OPP-007086,2026-09-17,Northwest,West,SMB,False,0.0
OPP-007087,2026-09-17,Northwest,West,SMB,True,832.85
OPP-007088,2026-09-17,Northwest,West,Enterprise,True,9920.02
OPP-007089,2026-09-17,Northwest,West,Mid-Market,True,3567.37
OPP-007090,2026-09-17,Northwest,West,SMB,True,1049.64
OPP-007091,2026-09-17,Northwest,West,SMB,False,0.0
OPP-007092,2026-09-17,Northwest,West,Mid-Market,False,0.0
OPP-007093,2026-09-17,Northwest,West,SMB,False,0.0
OPP-007094,2026-09-17,Northwest,West,Mid-Market,False,0.0
OPP-007095,2026-09-17,Northwest,West,Mid-Market,True,3457.72
OPP-007096,2026-09-17,Northwest,West,Mid-Market,False,0.0
OPP-007097,2026-09-17,Northwest,West,SMB,False,0.0
OPP-007098,2026-09-17,Northwest,West,Mid-Market,False,0.0
OPP-007099,2026-09-17,Southwest,West,SMB,False,0.0
OPP-007100,2026-09-17,Southwest,West,SMB,False,0.0
OPP-007101,2026-09-17,Southwest,West,SMB,False,0.0
OPP-007102,2026-09-17,Southwest,West,SMB,True,1786.51
OPP-007103,2026-09-17,Southwest,West,SMB,False,0.0
OPP-007104,2026-09-17,Southwest,West,SMB,False,0.0
OPP-007105,2026-09-17,Southwest,West,SMB,False,0.0
OPP-007106,2026-09-17,Southwest,West,Mid-Market,False,0.0
OPP-007107,2026-09-17,Southwest,West,SMB,False,0.0
OPP-007108,2026-09-17,Southwest,West,SMB,False,0.0
OPP-007109,2026-09-17,Southwest,West,SMB,False,0.0
OPP-007110,2026-09-17,Southwest,West,Mid-Market,False,0.0
OPP-007111,2026-09-17,Southwest,West,Enterprise,False,0.0
OPP-007112,2026-09-17,Southwest,West,SMB,False,0.0
OPP-007113,2026-09-17,Southwest,West,SMB,True,518.85
OPP-007114,2026-09-17,Southwest,West,SMB,True,572.66
OPP-007115,2026-09-17,Southwest,West,SMB,False,0.0
OPP-007116,2026-09-17,Southwest,West,SMB,True,993.95
OPP-007117,2026-09-17,Southwest,West,SMB,False,0.0
OPP-007118,2026-09-17,Southwest,West,Enterprise,False,0.0
OPP-007119,2026-09-17,Southwest,West,SMB,False,0.0
OPP-007120,2026-09-17,Southwest,West,SMB,False,0.0
OPP-007121,2026-09-17,Southwest,West,Mid-Market,True,3695.54
OPP-007122,2026-09-18,Northeast,East,Mid-Market,False,0.0
OPP-007123,2026-09-18,Northeast,East,SMB,False,0.0
OPP-007124,2026-09-18,Northeast,East,SMB,True,981.97
OPP-007125,2026-09-18,Northeast,East,SMB,False,0.0
OPP-007126,2026-09-18,Northeast,East,SMB,False,0.0
OPP-007127,2026-09-18,Northeast,East,SMB,False,0.0
OPP-007128,2026-09-18,Northeast,East,SMB,False,0.0
OPP-007129,2026-09-18,Northeast,East,SMB,True,411.71
OPP-007130,2026-09-18,Northeast,East,Mid-Market,True,1356.2
OPP-007131,2026-09-18,Northeast,East,Mid-Market,True,2046.89
OPP-007132,2026-09-18,Northeast,East,Mid-Market,False,0.0
OPP-007133,2026-09-18,Northeast,East,Enterprise,False,0.0
OPP-007134,2026-09-18,Northeast,East,SMB,True,1159.22
OPP-007135,2026-09-18,Northeast,East,SMB,False,0.0
OPP-007136,2026-09-18,Northeast,East,SMB,False,0.0
OPP-007137,2026-09-18,Northeast,East,SMB,False,0.0
OPP-007138,2026-09-18,Northeast,East,Mid-Market,True,3595.01
OPP-007139,2026-09-18,Northeast,East,SMB,False,0.0
OPP-007140,2026-09-18,Northeast,East,SMB,False,0.0
OPP-007141,2026-09-18,Southeast,East,SMB,False,0.0
OPP-007142,2026-09-18,Southeast,East,SMB,False,0.0
OPP-007143,2026-09-18,Southeast,East,Mid-Market,False,0.0
OPP-007144,2026-09-18,Southeast,East,SMB,False,0.0
OPP-007145,2026-09-18,Southeast,East,Mid-Market,False,0.0
OPP-007146,2026-09-18,Southeast,East,SMB,False,0.0
OPP-007147,2026-09-18,Southeast,East,Mid-Market,False,0.0
OPP-007148,2026-09-18,Southeast,East,Mid-Market,False,0.0
OPP-007149,2026-09-18,Southeast,East,SMB,False,0.0
OPP-007150,2026-09-18,Southeast,East,SMB,False,0.0
OPP-007151,2026-09-18,Southeast,East,Mid-Market,False,0.0
OPP-007152,2026-09-18,Southeast,East,Mid-Market,False,0.0
OPP-007153,2026-09-18,Southeast,East,SMB,True,998.75
OPP-007154,2026-09-18,Southeast,East,SMB,False,0.0
OPP-007155,2026-09-18,Southeast,East,SMB,False,0.0
OPP-007156,2026-09-18,Southeast,East,SMB,True,496.61
OPP-007157,2026-09-18,Southeast,East,SMB,False,0.0
OPP-007158,2026-09-18,Southeast,East,Mid-Market,False,0.0
OPP-007159,2026-09-18,Southeast,East,Mid-Market,False,0.0
OPP-007160,2026-09-18,Southeast,East,SMB,False,0.0
OPP-007161,2026-09-18,Southeast,East,Mid-Market,False,0.0
OPP-007162,2026-09-18,Southeast,East,SMB,False,0.0
OPP-007163,2026-09-18,Southeast,East,SMB,True,646.02
OPP-007164,2026-09-18,Northwest,West,SMB,False,0.0
OPP-007165,2026-09-18,Northwest,West,SMB,False,0.0
OPP-007166,2026-09-18,Northwest,West,SMB,False,0.0
OPP-007167,2026-09-18,Northwest,West,SMB,True,1088.63
OPP-007168,2026-09-18,Northwest,West,Mid-Market,False,0.0
OPP-007169,2026-09-18,Northwest,West,Mid-Market,False,0.0
OPP-007170,2026-09-18,Northwest,West,Mid-Market,True,2988.38
OPP-007171,2026-09-18,Northwest,West,SMB,True,677.7
OPP-007172,2026-09-18,Northwest,West,SMB,False,0.0
OPP-007173,2026-09-18,Northwest,West,Enterprise,False,0.0
OPP-007174,2026-09-18,Northwest,West,SMB,False,0.0
OPP-007175,2026-09-18,Northwest,West,Mid-Market,True,1770.37
OPP-007176,2026-09-18,Northwest,West,Mid-Market,True,2783.0
OPP-007177,2026-09-18,Northwest,West,Enterprise,False,0.0
OPP-007178,2026-09-18,Northwest,West,Enterprise,False,0.0
OPP-007179,2026-09-18,Northwest,West,SMB,False,0.0
OPP-007180,2026-09-18,Northwest,West,SMB,True,459.75
OPP-007181,2026-09-18,Northwest,West,Enterprise,False,0.0
OPP-007182,2026-09-18,Northwest,West,SMB,True,755.34
OPP-007183,2026-09-18,Northwest,West,SMB,False,0.0
OPP-007184,2026-09-18,Northwest,West,SMB,True,733.38
OPP-007185,2026-09-18,Northwest,West,Mid-Market,True,3491.08
OPP-007186,2026-09-18,Southwest,West,Mid-Market,True,4356.74
OPP-007187,2026-09-18,Southwest,West,SMB,False,0.0
OPP-007188,2026-09-18,Southwest,West,SMB,False,0.0
OPP-007189,2026-09-18,Southwest,West,SMB,False,0.0
OPP-007190,2026-09-18,Southwest,West,SMB,False,0.0
OPP-007191,2026-09-18,Southwest,West,SMB,False,0.0
OPP-007192,2026-09-18,Southwest,West,SMB,False,0.0
OPP-007193,2026-09-18,Southwest,West,SMB,False,0.0
OPP-007194,2026-09-18,Southwest,West,SMB,True,1093.46
OPP-007195,2026-09-18,Southwest,West,SMB,False,0.0
OPP-007196,2026-09-18,Southwest,West,Mid-Market,False,0.0
OPP-007197,2026-09-18,Southwest,West,Enterprise,False,0.0
OPP-007198,2026-09-18,Southwest,West,Enterprise,False,0.0
OPP-007199,2026-09-18,Southwest,West,Enterprise,False,0.0
OPP-007200,2026-09-18,Southwest,West,SMB,True,479.82
OPP-007201,2026-09-18,Southwest,West,SMB,False,0.0
OPP-007202,2026-09-18,Southwest,West,SMB,True,1102.97
OPP-007203,2026-09-19,Northeast,East,SMB,False,0.0
OPP-007204,2026-09-19,Northeast,East,SMB,False,0.0
OPP-007205,2026-09-19,Northeast,East,Mid-Market,False,0.0
OPP-007206,2026-09-19,Northeast,East,SMB,False,0.0
OPP-007207,2026-09-19,Northeast,East,Enterprise,False,0.0
OPP-007208,2026-09-19,Northeast,East,SMB,False,0.0
OPP-007209,2026-09-19,Northeast,East,Mid-Market,False,0.0
OPP-007210,2026-09-19,Northeast,East,Mid-Market,True,5999.59
OPP-007211,2026-09-19,Northeast,East,SMB,False,0.0
OPP-007212,2026-09-19,Southeast,East,Mid-Market,False,0.0
OPP-007213,2026-09-19,Southeast,East,Mid-Market,False,0.0
OPP-007214,2026-09-19,Southeast,East,Mid-Market,False,0.0
OPP-007215,2026-09-19,Southeast,East,SMB,False,0.0
OPP-007216,2026-09-19,Southeast,East,SMB,False,0.0
OPP-007217,2026-09-19,Southeast,East,SMB,False,0.0
OPP-007218,2026-09-19,Southeast,East,Mid-Market,False,0.0
OPP-007219,2026-09-19,Southeast,East,SMB,False,0.0
OPP-007220,2026-09-19,Southeast,East,SMB,True,1141.7
OPP-007221,2026-09-19,Southeast,East,Mid-Market,False,0.0
OPP-007222,2026-09-19,Northwest,West,SMB,False,0.0
OPP-007223,2026-09-19,Northwest,West,Mid-Market,False,0.0
OPP-007224,2026-09-19,Northwest,West,SMB,False,0.0
OPP-007225,2026-09-19,Northwest,West,Enterprise,False,0.0
OPP-007226,2026-09-19,Northwest,West,Mid-Market,True,6595.97
OPP-007227,2026-09-19,Northwest,West,Enterprise,True,14043.54
OPP-007228,2026-09-19,Northwest,West,SMB,False,0.0
OPP-007229,2026-09-19,Northwest,West,Mid-Market,True,3854.05
OPP-007230,2026-09-19,Northwest,West,SMB,True,830.64
OPP-007231,2026-09-19,Northwest,West,SMB,False,0.0
OPP-007232,2026-09-19,Northwest,West,SMB,True,1194.3
OPP-007233,2026-09-19,Northwest,West,SMB,True,2208.13
OPP-007234,2026-09-19,Northwest,West,SMB,False,0.0
OPP-007235,2026-09-19,Northwest,West,Mid-Market,False,0.0
OPP-007236,2026-09-19,Northwest,West,SMB,False,0.0
OPP-007237,2026-09-19,Northwest,West,Mid-Market,False,0.0
OPP-007238,2026-09-19,Northwest,West,SMB,True,923.17
OPP-007239,2026-09-19,Southwest,West,Enterprise,False,0.0
OPP-007240,2026-09-19,Southwest,West,Mid-Market,False,0.0
OPP-007241,2026-09-19,Southwest,West,SMB,False,0.0
OPP-007242,2026-09-19,Southwest,West,SMB,False,0.0
OPP-007243,2026-09-19,Southwest,West,SMB,False,0.0
OPP-007244,2026-09-19,Southwest,West,SMB,True,769.63
OPP-007245,2026-09-19,Southwest,West,SMB,True,310.88
OPP-007246,2026-09-19,Southwest,West,Mid-Market,False,0.0
OPP-007247,2026-09-19,Southwest,West,SMB,True,1342.73
OPP-007248,2026-09-20,Northeast,East,SMB,False,0.0
OPP-007249,2026-09-20,Northeast,East,SMB,True,1070.78
OPP-007250,2026-09-20,Northeast,East,Mid-Market,False,0.0
OPP-007251,2026-09-20,Northeast,East,Mid-Market,False,0.0
OPP-007252,2026-09-20,Northeast,East,SMB,False,0.0
OPP-007253,2026-09-20,Northeast,East,Mid-Market,False,0.0
OPP-007254,2026-09-20,Northeast,East,SMB,False,0.0
OPP-007255,2026-09-20,Northeast,East,SMB,False,0.0
OPP-007256,2026-09-20,Northeast,East,SMB,False,0.0
OPP-007257,2026-09-20,Northeast,East,SMB,True,642.32
OPP-007258,2026-09-20,Northeast,East,Mid-Market,False,0.0
OPP-007259,2026-09-20,Northeast,East,SMB,False,0.0
OPP-007260,2026-09-20,Northeast,East,Mid-Market,False,0.0
OPP-007261,2026-09-20,Northeast,East,SMB,False,0.0
OPP-007262,2026-09-20,Northeast,East,SMB,False,0.0
OPP-007263,2026-09-20,Northeast,East,Mid-Market,False,0.0
OPP-007264,2026-09-20,Southeast,East,SMB,False,0.0
OPP-007265,2026-09-20,Southeast,East,SMB,True,935.83
OPP-007266,2026-09-20,Southeast,East,SMB,True,649.68
OPP-007267,2026-09-20,Southeast,East,SMB,False,0.0
OPP-007268,2026-09-20,Southeast,East,SMB,False,0.0
OPP-007269,2026-09-20,Southeast,East,SMB,False,0.0
OPP-007270,2026-09-20,Southeast,East,SMB,True,693.57
OPP-007271,2026-09-20,Southeast,East,SMB,True,699.06
OPP-007272,2026-09-20,Southeast,East,Mid-Market,True,2916.83
OPP-007273,2026-09-20,Northwest,West,Mid-Market,True,7770.56
OPP-007274,2026-09-20,Northwest,West,SMB,True,814.85
OPP-007275,2026-09-20,Northwest,West,SMB,True,1050.32
OPP-007276,2026-09-20,Northwest,West,Mid-Market,False,0.0
OPP-007277,2026-09-20,Northwest,West,Mid-Market,False,0.0
OPP-007278,2026-09-20,Northwest,West,SMB,False,0.0
OPP-007279,2026-09-20,Northwest,West,SMB,False,0.0
OPP-007280,2026-09-20,Northwest,West,Enterprise,True,13220.38
OPP-007281,2026-09-20,Northwest,West,SMB,False,0.0
OPP-007282,2026-09-20,Northwest,West,Enterprise,False,0.0
OPP-007283,2026-09-20,Northwest,West,SMB,False,0.0
OPP-007284,2026-09-20,Southwest,West,SMB,False,0.0
OPP-007285,2026-09-20,Southwest,West,SMB,False,0.0
OPP-007286,2026-09-20,Southwest,West,SMB,False,0.0
OPP-007287,2026-09-20,Southwest,West,SMB,False,0.0
OPP-007288,2026-09-20,Southwest,West,Mid-Market,True,1415.43
OPP-007289,2026-09-20,Southwest,West,SMB,False,0.0
OPP-007290,2026-09-20,Southwest,West,SMB,False,0.0
OPP-007291,2026-09-20,Southwest,West,SMB,True,969.8
OPP-007292,2026-09-20,Southwest,West,Mid-Market,False,0.0
OPP-007293,2026-09-20,Southwest,West,Mid-Market,False,0.0
OPP-007294,2026-09-20,Southwest,West,Enterprise,False,0.0
OPP-007295,2026-09-20,Southwest,West,SMB,False,0.0
